date,code,boards,score,buy_price,next_pct,is_limit_up,ret,reason
2025-06-03,000510,1,42.0,6.03,-0.33,False,-0.33,首板，连板起点；近期首次活跃，缺乏涨停惯性；5日涨幅nan%，短期滞涨；主板10cm涨停
2025-06-03,000566,1,42.0,6.73,5.79,False,5.79,首板，连板起点；近期首次活跃，缺乏涨停惯性；5日涨幅nan%，短期滞涨；主板10cm涨停
2025-06-03,000599,1,42.0,5.21,-0.38,False,-0.38,首板，连板起点；近期首次活跃，缺乏涨停惯性；5日涨幅nan%，短期滞涨；主板10cm涨停
2025-06-03,000669,1,42.0,2.37,5.06,True,5.06,首板，连板起点；近期首次活跃，缺乏涨停惯性；5日涨幅nan%，短期滞涨；主板10cm涨停
2025-06-03,000695,1,42.0,15.9,-2.52,False,-2.52,首板，连板起点；近期首次活跃，缺乏涨停惯性；5日涨幅nan%，短期滞涨；主板10cm涨停
2025-06-04,000533,1,42.0,7.12,9.97,True,9.97,首板，连板起点；近期首次活跃，缺乏涨停惯性；5日涨幅nan%，短期滞涨；主板10cm涨停
2025-06-04,000546,1,42.0,4.9,-2.04,False,-2.04,首板，连板起点；近期首次活跃，缺乏涨停惯性；5日涨幅nan%，短期滞涨；主板10cm涨停
2025-06-04,000565,1,42.0,10.58,-6.99,False,-6.99,首板，连板起点；近期首次活跃，缺乏涨停惯性；5日涨幅nan%，短期滞涨；主板10cm涨停
2025-06-04,000668,1,42.0,7.98,3.88,False,3.88,首板，连板起点；近期首次活跃，缺乏涨停惯性；5日涨幅nan%，短期滞涨；主板10cm涨停
2025-06-04,000691,1,42.0,4.83,1.04,False,1.04,首板，连板起点；近期首次活跃，缺乏涨停惯性；5日涨幅nan%，短期滞涨；主板10cm涨停
2025-06-05,000504,1,42.0,7.39,5.01,True,5.01,首板，连板起点；近期首次活跃，缺乏涨停惯性；5日涨幅nan%，短期滞涨；主板10cm涨停
2025-06-05,000506,1,42.0,8.11,9.99,True,9.99,首板，连板起点；近期首次活跃，缺乏涨停惯性；5日涨幅nan%，短期滞涨；主板10cm涨停
2025-06-05,000525,1,42.0,7.79,4.36,False,4.36,首板，连板起点；近期首次活跃，缺乏涨停惯性；5日涨幅nan%，短期滞涨；主板10cm涨停
2025-06-05,000530,1,42.0,6.04,1.99,False,1.99,首板，连板起点；近期首次活跃，缺乏涨停惯性；5日涨幅nan%，短期滞涨；主板10cm涨停
2025-06-05,000665,1,42.0,5.5,4.36,False,4.36,首板，连板起点；近期首次活跃，缺乏涨停惯性；5日涨幅nan%，短期滞涨；主板10cm涨停
2025-06-06,000669,1,67.0,2.65,3.02,False,3.02,首板，连板起点；近10日涨停2次，有一定活跃度；5日涨幅nan%，短期滞涨；主板10cm涨停
2025-06-06,603959,1,67.0,4.63,4.97,True,4.97,首板，连板起点；近10日涨停2次，有一定活跃度；5日涨幅nan%，短期滞涨；主板10cm涨停
2025-06-06,603017,1,67.0,12.41,-2.26,False,-2.26,首板，连板起点；近10日涨停2次，有一定活跃度；5日涨幅nan%，短期滞涨；主板10cm涨停
2025-06-06,603879,1,67.0,6.47,3.71,False,3.71,首板，连板起点；近10日涨停2次，有一定活跃度；5日涨幅nan%，短期滞涨；主板10cm涨停
2025-06-06,000599,1,42.0,5.61,1.6,False,1.6,首板，连板起点；近期首次活跃，缺乏涨停惯性；5日涨幅nan%，短期滞涨；主板10cm涨停
2025-06-09,603093,1,82.0,20.56,-2.33,False,-2.33,首板，连板起点；近10日涨停3次，近期活跃；5日涨幅nan%，短期滞涨；主板10cm涨停
2025-06-09,002250,1,67.0,14.08,5.11,False,5.11,首板，连板起点；近10日涨停2次，有一定活跃度；5日涨幅nan%，短期滞涨；主板10cm涨停
2025-06-09,600381,1,67.0,4.57,1.31,False,1.31,首板，连板起点；近10日涨停2次，有一定活跃度；5日涨幅nan%，短期滞涨；主板10cm涨停
2025-06-09,002104,1,67.0,12.12,-8.09,False,-8.09,首板，连板起点；近10日涨停2次，有一定活跃度；5日涨幅nan%，短期滞涨；主板10cm涨停
2025-06-09,603557,1,67.0,3.51,2.85,False,2.85,首板，连板起点；近10日涨停2次，有一定活跃度；5日涨幅nan%，短期滞涨；主板10cm涨停
2025-06-10,002298,1,84.5,8.45,-8.28,False,-8.28,首板，连板起点；近10日涨停3次，近期活跃；5日涨幅42%，主升节奏；主板10cm涨停
2025-06-10,603879,1,84.0,7.38,-8.4,False,-8.4,首板，连板起点；近10日涨停3次，近期活跃；5日涨幅24%，趋势向上；主板10cm涨停
2025-06-10,603906,1,69.0,15.33,-3.85,False,-3.85,首板，连板起点；近10日涨停2次，有一定活跃度；5日涨幅21%，趋势向上；主板10cm涨停
2025-06-10,300886,1,44.5,35.4,-2.63,False,-2.63,首板，连板起点；近期首次活跃，缺乏涨停惯性；5日涨幅31%，主升节奏；20cm大板涨停，弹性大
2025-06-10,301141,1,44.5,55.02,19.99,True,19.99,首板，连板起点；近期首次活跃，缺乏涨停惯性；5日涨幅45%，主升节奏；20cm大板涨停，弹性大
2025-06-11,000669,1,82.75,2.73,2.56,False,2.56,首板，连板起点；近10日涨停3次，近期活跃；5日涨幅10%，温和上行；主板10cm涨停
2025-06-11,600250,1,69.5,12.8,10.0,True,10.0,首板，连板起点；近10日涨停2次，有一定活跃度；5日涨幅33%，主升节奏；主板10cm涨停
2025-06-11,003040,1,69.5,19.2,-1.46,False,-1.46,首板，连板起点；近10日涨停2次，有一定活跃度；5日涨幅37%，主升节奏；主板10cm涨停
2025-06-11,002878,1,69.0,20.6,10.0,True,10.0,首板，连板起点；近10日涨停2次，有一定活跃度；5日涨幅22%，趋势向上；主板10cm涨停
2025-06-11,002316,1,68.5,4.74,0.63,False,0.63,首板，连板起点；近10日涨停2次，有一定活跃度；5日涨幅14%，温和上行；主板10cm涨停
2025-06-12,603093,1,94.5,22.61,-6.9,False,-6.9,首板，连板起点；近10日涨停4次，近期活跃；5日涨幅31%，主升节奏；主板10cm涨停
2025-06-12,600530,1,84.5,10.67,-4.69,False,-4.69,首板，连板起点；近10日涨停3次，近期活跃；5日涨幅31%，主升节奏；主板10cm涨停
2025-06-12,000701,1,69.0,7.56,0.4,False,0.4,首板，连板起点；近10日涨停2次，有一定活跃度；5日涨幅25%，趋势向上；主板10cm涨停
2025-06-12,003010,1,67.0,59.39,2.68,False,2.68,首板，连板起点；近10日涨停2次，有一定活跃度；5日涨幅-19%，短期滞涨；主板10cm涨停
2025-06-12,300886,1,45.0,41.36,-9.14,False,-9.14,首板，连板起点；近期首次活跃，缺乏涨停惯性；5日涨幅51%，主升节奏；20cm大板涨停，弹性大
2025-06-13,603959,1,104.0,5.69,-1.58,False,-1.58,首板，连板起点；近10日涨停6次，资金反复攻击的强势股；5日涨幅23%，趋势向上；主板10cm涨停
2025-06-13,002951,1,103.5,13.96,10.03,True,10.03,首板，连板起点；近10日涨停5次，资金反复攻击的强势股；5日涨幅13%，温和上行；主板10cm涨停
2025-06-13,600381,1,83.5,4.92,-5.08,False,-5.08,首板，连板起点；近10日涨停3次，近期活跃；5日涨幅13%，温和上行；主板10cm涨停
2025-06-13,002172,1,69.5,5.09,-6.48,False,-6.48,首板，连板起点；近10日涨停2次，有一定活跃度；5日涨幅35%，主升节奏；主板10cm涨停
2025-06-13,002141,1,68.5,4.07,3.93,False,3.93,首板，连板起点；近10日涨停2次，有一定活跃度；5日涨幅14%，温和上行；主板10cm涨停
2025-06-16,002940,1,104.5,28.99,0.07,False,0.07,首板，连板起点；近10日涨停5次，资金反复攻击的强势股；5日涨幅34%，主升节奏；主板10cm涨停
2025-06-16,002485,1,104.0,4.46,-4.93,False,-4.93,首板，连板起点；近10日涨停5次，资金反复攻击的强势股；5日涨幅25%，趋势向上；主板10cm涨停
2025-06-16,002199,1,103.5,8.38,5.01,True,5.01,首板，连板起点；近10日涨停6次，资金反复攻击的强势股；5日涨幅16%，趋势向上；主板10cm涨停
2025-06-16,000504,1,92.75,8.76,3.54,False,3.54,首板，连板起点；近10日涨停4次，近期活跃；5日涨幅7%，温和上行；主板10cm涨停
2025-06-16,000669,1,92.75,2.79,0.72,False,0.72,首板，连板起点；近10日涨停4次，近期活跃；5日涨幅2%，温和上行；主板10cm涨停
2025-06-17,603959,1,103.5,5.88,3.4,False,3.4,首板，连板起点；近10日涨停7次，资金反复攻击的强势股；5日涨幅15%，趋势向上；主板10cm涨停
2025-06-17,600281,1,85.0,8.45,-9.94,False,-9.94,首板，连板起点；近10日涨停3次，近期活跃；5日涨幅55%，主升节奏；主板10cm涨停
2025-06-17,002141,1,83.5,4.44,2.48,False,2.48,首板，连板起点；近10日涨停3次，近期活跃；5日涨幅14%，温和上行；主板10cm涨停
2025-06-17,600289,1,83.5,6.15,5.04,True,5.04,首板，连板起点；近10日涨停3次，近期活跃；5日涨幅10%，温和上行；主板10cm涨停
2025-06-17,600228,1,83.5,5.18,1.16,False,1.16,首板，连板起点；近10日涨停3次，近期活跃；5日涨幅14%，温和上行；主板10cm涨停
2025-06-18,002365,1,84.5,28.27,-10.01,False,-10.01,首板，连板起点；近10日涨停3次，近期活跃；5日涨幅36%，主升节奏；主板10cm涨停
2025-06-18,003040,1,82.75,20.02,5.94,False,5.94,首板，连板起点；近10日涨停3次，近期活跃；5日涨幅4%，温和上行；主板10cm涨停
2025-06-18,603332,1,82.0,18.34,1.69,False,1.69,首板，连板起点；近10日涨停3次，近期活跃；5日涨幅-7%，短期滞涨；主板10cm涨停
2025-06-18,603377,1,82.0,2.89,2.08,False,2.08,首板，连板起点；近10日涨停3次，近期活跃；5日涨幅-2%，短期滞涨；主板10cm涨停
2025-06-18,002235,1,69.5,8.06,1.86,False,1.86,首板，连板起点；近10日涨停2次，有一定活跃度；5日涨幅41%，主升节奏；主板10cm涨停
2025-06-19,002141,1,84.0,4.78,3.77,False,3.77,首板，连板起点；近10日涨停3次，近期活跃；5日涨幅23%，趋势向上；主板10cm涨停
2025-06-19,600714,1,69.5,14.3,-10.0,False,-10.0,首板，连板起点；近10日涨停2次，有一定活跃度；5日涨幅31%，主升节奏；主板10cm涨停
2025-06-19,603982,1,67.75,10.85,-5.44,False,-5.44,首板，连板起点；近10日涨停2次，有一定活跃度；5日涨幅5%，温和上行；主板10cm涨停
2025-06-19,300483,1,44.5,13.38,10.99,False,10.99,首板，连板起点；近期首次活跃，缺乏涨停惯性；5日涨幅43%，主升节奏；20cm大板涨停，弹性大
2025-06-19,301292,1,44.0,19.6,20.0,True,20.0,首板，连板起点；近期首次活跃，缺乏涨停惯性；5日涨幅25%，趋势向上；20cm大板涨停，弹性大
2025-06-20,002940,1,104.0,31.94,0.22,False,0.22,首板，连板起点；近10日涨停5次，资金反复攻击的强势股；5日涨幅21%，趋势向上；主板10cm涨停
2025-06-20,003040,1,94.5,23.33,6.22,False,6.22,首板，连板起点；近10日涨停4次，近期活跃；5日涨幅37%，主升节奏；主板10cm涨停
2025-06-20,603389,1,92.75,13.98,5.01,True,5.01,首板，连板起点；近10日涨停4次，近期活跃；5日涨幅8%，温和上行；主板10cm涨停
2025-06-20,002289,1,92.0,17.15,-5.01,False,-5.01,首板，连板起点；近10日涨停4次，近期活跃；5日涨幅-0%，短期滞涨；主板10cm涨停
2025-06-20,002235,1,84.5,9.03,9.97,True,9.97,首板，连板起点；近10日涨停3次，近期活跃；5日涨幅31%，主升节奏；主板10cm涨停
2025-06-23,002207,1,104.5,10.58,-10.02,False,-10.02,首板，连板起点；近10日涨停5次，资金反复攻击的强势股；5日涨幅40%，主升节奏；主板10cm涨停
2025-06-23,002141,1,94.0,5.21,4.99,True,4.99,首板，连板起点；近10日涨停4次，近期活跃；5日涨幅23%，趋势向上；主板10cm涨停
2025-06-23,002365,1,92.75,29.59,0.1,False,0.1,首板，连板起点；近10日涨停4次，近期活跃；5日涨幅9%，温和上行；主板10cm涨停
2025-06-23,002104,1,84.0,16.17,5.63,False,5.63,首板，连板起点；近10日涨停3次，近期活跃；5日涨幅20%，趋势向上；主板10cm涨停
2025-06-23,002647,1,82.0,5.87,1.87,False,1.87,首板，连板起点；近10日涨停3次，近期活跃；5日涨幅-5%，短期滞涨；主板10cm涨停
2025-06-24,002199,1,102.75,9.02,4.99,True,4.99,首板，连板起点；近10日涨停6次，资金反复攻击的强势股；5日涨幅2%，温和上行；主板10cm涨停
2025-06-24,002017,1,94.0,17.77,-4.61,False,-4.61,首板，连板起点；近10日涨停4次，近期活跃；5日涨幅22%，趋势向上；主板10cm涨停
2025-06-24,603959,1,92.0,5.5,5.09,True,5.09,首板，连板起点；近10日涨停4次，近期活跃；5日涨幅-6%，短期滞涨；主板10cm涨停
2025-06-24,002579,1,85.0,12.65,-5.77,False,-5.77,首板，连板起点；近10日涨停3次，近期活跃；5日涨幅54%，主升节奏；主板10cm涨停
2025-06-24,002005,1,82.75,2.18,5.05,True,5.05,首板，连板起点；近10日涨停3次，近期活跃；5日涨幅8%，温和上行；主板10cm涨停
2025-06-25,002289,1,102.75,17.35,-3.17,False,-3.17,首板，连板起点；近10日涨停5次，资金反复攻击的强势股；5日涨幅3%，温和上行；主板10cm涨停
2025-06-25,601606,1,94.5,22.32,9.99,True,9.99,首板，连板起点；近10日涨停4次，近期活跃；5日涨幅47%，主升节奏；主板10cm涨停
2025-06-25,002424,1,84.0,5.12,1.56,False,1.56,首板，连板起点；近10日涨停3次，近期活跃；5日涨幅22%，趋势向上；主板10cm涨停
2025-06-25,301357,1,83.5,64.62,8.34,False,8.34,首板，连板起点；近10日涨停3次，近期活跃；5日涨幅17%，趋势向上；20cm大板涨停，弹性大
2025-06-25,688591,1,44.5,48.16,-0.1,False,-0.1,首板，连板起点；近期首次活跃，缺乏涨停惯性；5日涨幅32%，主升节奏；20cm大板涨停，弹性大
2025-06-26,600113,1,104.5,27.83,2.91,False,2.91,首板，连板起点；近10日涨停5次，资金反复攻击的强势股；5日涨幅48%，主升节奏；主板10cm涨停
2025-06-26,002207,1,102.0,9.43,-9.97,False,-9.97,首板，连板起点；近10日涨停6次，资金反复攻击的强势股；5日涨幅-6%，短期滞涨；主板10cm涨停
2025-06-26,603948,1,84.5,26.7,-10.0,False,-10.0,首板，连板起点；近10日涨停3次，近期活跃；5日涨幅50%，主升节奏；主板10cm涨停
2025-06-26,000892,1,69.0,4.8,1.25,False,1.25,首板，连板起点；近10日涨停2次，有一定活跃度；5日涨幅20%，趋势向上；主板10cm涨停
2025-06-26,003040,1,68.5,24.34,-4.6,False,-4.6,首板，连板起点；近10日涨停2次，有一定活跃度；5日涨幅15%，温和上行；主板10cm涨停
2025-06-27,600289,1,103.5,7.62,-4.99,False,-4.99,首板，连板起点；近10日涨停6次，资金反复攻击的强势股；5日涨幅18%，趋势向上；主板10cm涨停
2025-06-27,002579,1,94.0,13.77,10.02,True,10.02,首板，连板起点；近10日涨停4次，近期活跃；5日涨幅26%，趋势向上；主板10cm涨停
2025-06-27,603959,1,93.5,6.3,-3.02,False,-3.02,首板，连板起点；近10日涨停4次，近期活跃；5日涨幅14%，温和上行；主板10cm涨停
2025-06-27,603398,1,92.75,5.29,4.91,True,4.91,首板，连板起点；近10日涨停4次，近期活跃；5日涨幅10%，温和上行；主板10cm涨停
2025-06-27,002104,1,84.5,19.15,3.97,False,3.97,首板，连板起点；近10日涨停3次，近期活跃；5日涨幅30%，主升节奏；主板10cm涨停
2025-06-30,603928,1,104.5,19.79,2.37,False,2.37,首板，连板起点；近10日涨停5次，资金反复攻击的强势股；5日涨幅31%，主升节奏；主板10cm涨停
2025-06-30,601606,1,104.5,29.05,10.02,True,10.02,首板，连板起点；近10日涨停6次，资金反复攻击的强势股；5日涨幅44%，主升节奏；主板10cm涨停
2025-06-30,002005,1,94.0,2.6,-5.0,False,-5.0,首板，连板起点；近10日涨停4次，近期活跃；5日涨幅25%，趋势向上；主板10cm涨停
2025-06-30,002017,1,93.5,18.43,-4.5,False,-4.5,首板，连板起点；近10日涨停4次，近期活跃；5日涨幅14%，温和上行；主板10cm涨停
2025-06-30,600698,1,84.0,9.1,4.73,False,4.73,首板，连板起点；近10日涨停3次，近期活跃；5日涨幅28%，趋势向上；主板10cm涨停
2025-07-01,002424,1,93.5,5.7,0.35,False,0.35,首板，连板起点；近10日涨停4次，近期活跃；5日涨幅17%，趋势向上；主板10cm涨停
2025-07-01,002199,1,92.0,8.7,-1.72,False,-1.72,首板，连板起点；近10日涨停4次，近期活跃；5日涨幅-4%，短期滞涨；主板10cm涨停
2025-07-01,600643,1,85.0,8.16,-10.05,False,-10.05,首板，连板起点；近10日涨停3次，近期活跃；5日涨幅57%，主升节奏；主板10cm涨停
2025-07-01,002235,1,83.5,11.66,-10.03,False,-10.03,首板，连板起点；近10日涨停3次，近期活跃；5日涨幅19%，趋势向上；主板10cm涨停
2025-07-01,600831,1,82.75,4.17,0.0,False,0.0,首板，连板起点；近10日涨停3次，近期活跃；5日涨幅5%，温和上行；主板10cm涨停
2025-07-02,000026,1,104.0,18.16,3.52,False,3.52,首板，连板起点；近10日涨停6次，资金反复攻击的强势股；5日涨幅26%，趋势向上；主板10cm涨停
2025-07-02,603398,1,103.5,5.87,-4.09,False,-4.09,首板，连板起点；近10日涨停5次，资金反复攻击的强势股；5日涨幅13%，温和上行；主板10cm涨停
2025-07-02,600113,1,102.75,27.58,1.52,False,1.52,首板，连板起点；近10日涨停5次，资金反复攻击的强势股；5日涨幅9%，温和上行；主板10cm涨停
2025-07-02,603212,1,83.5,14.16,-5.01,False,-5.01,首板，连板起点；近10日涨停3次，近期活跃；5日涨幅14%，温和上行；主板10cm涨停
2025-07-02,603538,1,68.5,23.18,10.01,True,10.01,首板，连板起点；近10日涨停2次，有一定活跃度；5日涨幅18%，趋势向上；主板10cm涨停
2025-07-03,002263,1,104.0,4.31,2.55,False,2.55,首板，连板起点；近10日涨停5次，资金反复攻击的强势股；5日涨幅26%，趋势向上；主板10cm涨停
2025-07-03,002579,1,104.0,15.6,-0.45,False,-0.45,首板，连板起点；近10日涨停5次，资金反复攻击的强势股；5日涨幅25%，趋势向上；主板10cm涨停
2025-07-03,001298,1,94.5,38.68,-10.01,False,-10.01,首板，连板起点；近10日涨停4次，近期活跃；5日涨幅44%，主升节奏；主板10cm涨停
2025-07-03,000892,1,82.75,4.81,-0.62,False,-0.62,首板，连板起点；近10日涨停3次，近期活跃；5日涨幅0%，温和上行；主板10cm涨停
2025-07-03,301176,1,69.5,32.64,5.94,False,5.94,首板，连板起点；近10日涨停2次，有一定活跃度；5日涨幅30%，主升节奏；20cm大板涨停，弹性大
2025-07-04,603389,1,102.75,17.84,4.99,True,4.99,首板，连板起点；近10日涨停5次，资金反复攻击的强势股；5日涨幅5%，温和上行；主板10cm涨停
2025-07-04,603601,1,84.5,5.06,2.96,False,2.96,首板，连板起点；近10日涨停3次，近期活跃；5日涨幅37%，主升节奏；主板10cm涨停
2025-07-04,300472,1,70.0,5.0,-1.2,False,-1.2,首板，连板起点；近10日涨停2次，有一定活跃度；5日涨幅69%，主升节奏；主板10cm涨停
2025-07-04,300649,1,69.5,20.88,6.8,False,6.8,首板，连板起点；近10日涨停2次，有一定活跃度；5日涨幅31%，主升节奏；20cm大板涨停，弹性大
2025-07-04,301024,1,69.0,58.1,-0.9,False,-0.9,首板，连板起点；近10日涨停2次，有一定活跃度；5日涨幅21%，趋势向上；20cm大板涨停，弹性大
2025-07-07,600698,1,94.0,11.01,6.27,False,6.27,首板，连板起点；近10日涨停4次，近期活跃；5日涨幅21%，趋势向上；主板10cm涨停
2025-07-07,600192,1,84.5,11.5,1.39,False,1.39,首板，连板起点；近10日涨停3次，近期活跃；5日涨幅35%，主升节奏；主板10cm涨停
2025-07-07,002537,1,82.75,11.17,0.36,False,0.36,首板，连板起点；近10日涨停3次，近期活跃；5日涨幅1%，温和上行；主板10cm涨停
2025-07-07,603256,1,69.5,20.25,10.02,True,10.02,首板，连板起点；近10日涨停2次，有一定活跃度；5日涨幅37%，主升节奏；主板10cm涨停
2025-07-07,002314,1,69.0,3.22,3.42,False,3.42,首板，连板起点；近10日涨停2次，有一定活跃度；5日涨幅22%，趋势向上；主板10cm涨停
2025-07-08,002263,1,102.75,4.57,0.44,False,0.44,首板，连板起点；近10日涨停6次，资金反复攻击的强势股；5日涨幅9%，温和上行；主板10cm涨停
2025-07-08,601003,1,94.5,5.23,2.29,False,2.29,首板，连板起点；近10日涨停4次，近期活跃；5日涨幅35%，主升节奏；主板10cm涨停
2025-07-08,002623,1,85.0,24.62,3.94,False,3.94,首板，连板起点；近10日涨停3次，近期活跃；5日涨幅58%，主升节奏；主板10cm涨停
2025-07-08,603676,1,69.5,14.06,0.78,False,0.78,首板，连板起点；近10日涨停2次，有一定活跃度；5日涨幅34%，主升节奏；主板10cm涨停
2025-07-08,600537,1,69.0,3.61,9.97,True,9.97,首板，连板起点；近10日涨停2次，有一定活跃度；5日涨幅25%，趋势向上；主板10cm涨停
2025-07-09,603716,1,94.5,23.28,10.01,True,10.01,首板，连板起点；近10日涨停4次，近期活跃；5日涨幅34%，主升节奏；主板10cm涨停
2025-07-09,603389,1,92.75,18.68,0.0,False,0.0,首板，连板起点；近10日涨停4次，近期活跃；5日涨幅10%，温和上行；主板10cm涨停
2025-07-09,002342,1,83.5,8.04,-6.09,False,-6.09,首板，连板起点；近10日涨停3次，近期活跃；5日涨幅18%，趋势向上；主板10cm涨停
2025-07-09,002305,1,69.0,2.57,-1.95,False,-1.95,首板，连板起点；近10日涨停2次，有一定活跃度；5日涨幅24%，趋势向上；主板10cm涨停
2025-07-09,600571,1,69.0,21.77,-0.41,False,-0.41,首板，连板起点；近10日涨停2次，有一定活跃度；5日涨幅27%，趋势向上；主板10cm涨停
2025-07-10,002314,1,83.5,3.56,-4.78,False,-4.78,首板，连板起点；近10日涨停3次，近期活跃；5日涨幅12%，温和上行；主板10cm涨停
2025-07-10,601718,1,83.5,4.33,-6.7,False,-6.7,首板，连板起点；近10日涨停3次，近期活跃；5日涨幅13%，温和上行；主板10cm涨停
2025-07-10,300472,1,83.5,5.2,-4.42,False,-4.42,首板，连板起点；近10日涨停3次，近期活跃；5日涨幅16%，趋势向上；主板10cm涨停
2025-07-10,600250,1,82.75,13.68,4.31,False,4.31,首板，连板起点；近10日涨停3次，近期活跃；5日涨幅4%，温和上行；主板10cm涨停
2025-07-10,600513,1,69.0,13.62,9.99,True,9.99,首板，连板起点；近10日涨停2次，有一定活跃度；5日涨幅29%，趋势向上；主板10cm涨停
2025-07-11,002295,1,94.0,11.39,2.72,False,2.72,首板，连板起点；近10日涨停4次，近期活跃；5日涨幅22%，趋势向上；主板10cm涨停
2025-07-11,002623,1,94.0,26.74,7.11,False,7.11,首板，连板起点；近10日涨停4次，近期活跃；5日涨幅29%，趋势向上；主板10cm涨停
2025-07-11,000691,1,84.0,5.09,-2.55,False,-2.55,首板，连板起点；近10日涨停3次，近期活跃；5日涨幅22%，趋势向上；主板10cm涨停
2025-07-11,603389,1,82.75,19.61,5.0,True,5.0,首板，连板起点；近10日涨停3次，近期活跃；5日涨幅10%，温和上行；主板10cm涨停
2025-07-11,001896,1,44.0,6.13,9.95,True,9.95,首板，连板起点；近期首次活跃，缺乏涨停惯性；5日涨幅25%，趋势向上；主板10cm涨停
2025-07-14,605500,1,104.5,13.2,-7.42,False,-7.42,首板，连板起点；近10日涨停6次，资金反复攻击的强势股；5日涨幅32%，主升节奏；主板10cm涨停
2025-07-14,301388,1,84.5,42.13,-8.5,False,-8.5,首板，连板起点；近10日涨停3次，近期活跃；5日涨幅33%，主升节奏；20cm大板涨停，弹性大
2025-07-14,002121,1,69.0,6.58,-1.67,False,-1.67,首板，连板起点；近10日涨停2次，有一定活跃度；5日涨幅30%，趋势向上；主板10cm涨停
2025-07-14,601208,1,68.5,12.61,2.06,False,2.06,首板，连板起点；近10日涨停2次，有一定活跃度；5日涨幅16%，趋势向上；主板10cm涨停
2025-07-14,002562,1,67.75,6.26,3.99,False,3.99,首板，连板起点；近10日涨停2次，有一定活跃度；5日涨幅5%，温和上行；主板10cm涨停
2025-07-15,601003,1,102.75,5.57,-9.16,False,-9.16,首板，连板起点；近10日涨停5次，资金反复攻击的强势股；5日涨幅7%，温和上行；主板10cm涨停
2025-07-15,000514,1,94.0,7.01,-2.28,False,-2.28,首板，连板起点；近10日涨停4次，近期活跃；5日涨幅24%，趋势向上；主板10cm涨停
2025-07-15,002951,1,83.5,17.57,10.02,True,10.02,首板，连板起点；近10日涨停3次，近期活跃；5日涨幅12%，温和上行；主板10cm涨停
2025-07-15,300378,1,44.5,46.02,-0.7,False,-0.7,首板，连板起点；近期首次活跃，缺乏涨停惯性；5日涨幅34%，主升节奏；20cm大板涨停，弹性大
2025-07-15,300839,1,44.5,13.82,8.54,False,8.54,首板，连板起点；近期首次活跃，缺乏涨停惯性；5日涨幅33%，主升节奏；20cm大板涨停，弹性大
2025-07-16,600513,1,104.5,16.31,2.02,False,2.02,首板，连板起点；近10日涨停5次，资金反复攻击的强势股；5日涨幅32%，主升节奏；主板10cm涨停
2025-07-16,600777,1,103.5,4.21,4.99,True,4.99,首板，连板起点；近10日涨停5次，资金反复攻击的强势股；5日涨幅19%，趋势向上；主板10cm涨停
2025-07-16,605500,1,103.5,13.44,7.44,False,7.44,首板，连板起点；近10日涨停7次，资金反复攻击的强势股；5日涨幅11%，温和上行；主板10cm涨停
2025-07-16,000691,1,92.75,5.25,4.95,True,4.95,首板，连板起点；近10日涨停4次，近期活跃；5日涨幅9%，温和上行；主板10cm涨停
2025-07-16,001896,1,84.0,6.92,-4.34,False,-4.34,首板，连板起点；近10日涨停3次，近期活跃；5日涨幅22%，趋势向上；主板10cm涨停
2025-07-17,603716,1,92.0,23.84,-0.59,False,-0.59,首板，连板起点；近10日涨停4次，近期活跃；5日涨幅-7%，短期滞涨；主板10cm涨停
2025-07-17,601003,1,92.0,5.57,10.05,True,10.05,首板，连板起点；近10日涨停4次，近期活跃；5日涨幅-1%，短期滞涨；主板10cm涨停
2025-07-17,601208,1,84.0,14.21,7.39,False,7.39,首板，连板起点；近10日涨停3次，近期活跃；5日涨幅23%，趋势向上；主板10cm涨停
2025-07-17,600537,1,82.0,3.84,-7.03,False,-7.03,首板，连板起点；近10日涨停3次，近期活跃；5日涨幅-4%，短期滞涨；主板10cm涨停
2025-07-17,002401,1,69.0,20.71,1.3,False,1.3,首板，连板起点；近10日涨停2次，有一定活跃度；5日涨幅27%，趋势向上；主板10cm涨停
2025-07-18,002645,1,94.5,14.33,9.98,True,9.98,首板，连板起点；近10日涨停4次，近期活跃；5日涨幅37%，主升节奏；主板10cm涨停
2025-07-18,603176,1,83.5,6.3,10.0,True,10.0,首板，连板起点；近10日涨停3次，近期活跃；5日涨幅13%，温和上行；主板10cm涨停
2025-07-18,600111,1,68.5,32.96,6.34,False,6.34,首板，连板起点；近10日涨停2次，有一定活跃度；5日涨幅11%，温和上行；主板10cm涨停
2025-07-18,002940,1,44.0,49.6,10.0,True,10.0,首板，连板起点；近期首次活跃，缺乏涨停惯性；5日涨幅30%，趋势向上；主板10cm涨停
2025-07-18,300283,1,44.0,8.63,-5.91,False,-5.91,首板，连板起点；近期首次活跃，缺乏涨停惯性；5日涨幅26%，趋势向上；20cm大板涨停，弹性大
2025-07-21,603389,1,103.5,22.7,5.02,True,5.02,首板，连板起点；近10日涨停5次，资金反复攻击的强势股；5日涨幅10%，温和上行；主板10cm涨停
2025-07-21,605122,1,102.0,15.47,10.02,True,10.02,首板，连板起点；近10日涨停5次，资金反复攻击的强势股；5日涨幅-9%，短期滞涨；主板10cm涨停
2025-07-21,002289,1,92.75,18.63,3.17,False,3.17,首板，连板起点；近10日涨停4次，近期活跃；5日涨幅2%，温和上行；主板10cm涨停
2025-07-21,002370,1,69.5,5.43,-4.24,False,-4.24,首板，连板起点；近10日涨停2次，有一定活跃度；5日涨幅31%，主升节奏；主板10cm涨停
2025-07-21,002896,1,69.5,88.28,0.08,False,0.08,首板，连板起点；近10日涨停2次，有一定活跃度；5日涨幅31%，主升节奏；主板10cm涨停
2025-07-22,600826,1,104.5,15.29,-10.01,False,-10.01,首板，连板起点；近10日涨停6次，资金反复攻击的强势股；5日涨幅41%，主升节奏；主板10cm涨停
2025-07-22,600537,1,83.5,4.08,1.96,False,1.96,首板，连板起点；近10日涨停3次，近期活跃；5日涨幅13%，温和上行；主板10cm涨停
2025-07-22,600230,1,69.5,16.13,-9.98,False,-9.98,首板，连板起点；近10日涨停2次，有一定活跃度；5日涨幅40%，主升节奏；主板10cm涨停
2025-07-22,000796,1,69.0,5.23,-9.94,False,-9.94,首板，连板起点；近10日涨停2次，有一定活跃度；5日涨幅27%，趋势向上；主板10cm涨停
2025-07-22,300095,1,44.5,12.73,-11.78,False,-11.78,首板，连板起点；近期首次活跃，缺乏涨停惯性；5日涨幅34%，主升节奏；20cm大板涨停，弹性大
2025-07-23,603716,1,84.5,28.47,6.78,False,6.78,首板，连板起点；近10日涨停3次，近期活跃；5日涨幅31%，主升节奏；主板10cm涨停
2025-07-23,002401,1,84.0,22.64,-4.68,False,-4.68,首板，连板起点；近10日涨停3次，近期活跃；5日涨幅20%，趋势向上；主板10cm涨停
2025-07-23,600774,1,69.0,10.92,0.0,False,0.0,首板，连板起点；近10日涨停2次，有一定活跃度；5日涨幅21%，趋势向上；主板10cm涨停
2025-07-23,688660,1,45.0,13.15,1.37,False,1.37,首板，连板起点；近期首次活跃，缺乏涨停惯性；5日涨幅56%，主升节奏；20cm大板涨停，弹性大
2025-07-23,605178,1,44.5,27.64,0.0,False,0.0,首板，连板起点；近期首次活跃，缺乏涨停惯性；5日涨幅33%，主升节奏；主板10cm涨停
2025-07-24,603176,1,104.0,7.04,9.94,True,9.94,首板，连板起点；近10日涨停5次，资金反复攻击的强势股；5日涨幅23%，趋势向上；主板10cm涨停
2025-07-24,000691,1,92.0,5.47,3.84,False,3.84,首板，连板起点；近10日涨停4次，近期活跃；5日涨幅-1%，短期滞涨；主板10cm涨停
2025-07-24,002542,1,84.5,5.01,-9.98,False,-9.98,首板，连板起点；近10日涨停3次，近期活跃；5日涨幅36%，主升节奏；主板10cm涨停
2025-07-24,002205,1,69.0,13.99,-4.93,False,-4.93,首板，连板起点；近10日涨停2次，有一定活跃度；5日涨幅25%，趋势向上；主板10cm涨停
2025-07-24,000796,1,68.5,5.18,4.05,False,4.05,首板，连板起点；近10日涨停2次，有一定活跃度；5日涨幅13%，温和上行；主板10cm涨停
2025-07-25,605259,1,82.75,26.07,3.87,False,3.87,首板，连板起点；近10日涨停3次，近期活跃；5日涨幅8%，温和上行；主板10cm涨停
2025-07-25,600619,1,69.0,17.18,-1.63,False,-1.63,首板，连板起点；近10日涨停2次，有一定活跃度；5日涨幅25%，趋势向上；主板10cm涨停
2025-07-25,605255,1,69.0,24.66,10.02,True,10.02,首板，连板起点；近10日涨停2次，有一定活跃度；5日涨幅24%，趋势向上；主板10cm涨停
2025-07-25,002305,1,68.5,2.77,0.36,False,0.36,首板，连板起点；近10日涨停2次，有一定活跃度；5日涨幅15%，趋势向上；主板10cm涨停
2025-07-25,002178,1,67.0,7.73,-0.39,False,-0.39,首板，连板起点；近10日涨停2次，有一定活跃度；5日涨幅-1%，短期滞涨；主板10cm涨停
2025-07-28,688585,1,105.0,79.27,6.19,False,6.19,首板，连板起点；近10日涨停7次，资金反复攻击的强势股；5日涨幅97%，主升节奏；20cm大板涨停，弹性大
2025-07-28,002097,1,94.5,12.11,9.99,True,9.99,首板，连板起点；近10日涨停4次，近期活跃；5日涨幅37%，主升节奏；主板10cm涨停
2025-07-28,603280,1,94.5,41.22,10.0,True,10.0,首板，连板起点；近10日涨停4次，近期活跃；5日涨幅44%，主升节奏；主板10cm涨停
2025-07-28,603616,1,94.5,6.55,2.29,False,2.29,首板，连板起点；近10日涨停4次，近期活跃；5日涨幅32%，主升节奏；主板10cm涨停
2025-07-28,000691,1,92.75,5.96,4.19,False,4.19,首板，连板起点；近10日涨停4次，近期活跃；5日涨幅8%，温和上行；主板10cm涨停
2025-07-29,600326,1,104.5,17.23,3.95,False,3.95,首板，连板起点；近10日涨停5次，资金反复攻击的强势股；5日涨幅49%，主升节奏；主板10cm涨停
2025-07-29,600117,1,104.5,3.82,9.95,True,9.95,首板，连板起点；近10日涨停5次，资金反复攻击的强势股；5日涨幅34%，主升节奏；主板10cm涨停
2025-07-29,301038,1,94.5,30.67,10.86,False,10.86,首板，连板起点；近10日涨停4次，近期活跃；5日涨幅32%，主升节奏；20cm大板涨停，弹性大
2025-07-29,600829,1,82.0,9.45,-7.2,False,-7.2,首板，连板起点；近10日涨停3次，近期活跃；5日涨幅-1%，短期滞涨；主板10cm涨停
2025-07-29,603127,1,44.5,35.18,-5.0,False,-5.0,首板，连板起点；近期首次活跃，缺乏涨停惯性；5日涨幅37%，主升节奏；主板10cm涨停
2025-07-30,603616,1,104.0,7.37,4.48,False,4.48,首板，连板起点；近10日涨停5次，资金反复攻击的强势股；5日涨幅23%，趋势向上；主板10cm涨停
2025-07-30,600777,1,92.0,4.38,-5.02,False,-5.02,首板，连板起点；近10日涨停4次，近期活跃；5日涨幅-8%，短期滞涨；主板10cm涨停
2025-07-30,000796,1,84.0,5.68,-5.99,False,-5.99,首板，连板起点；近10日涨停3次，近期活跃；5日涨幅21%，趋势向上；主板10cm涨停
2025-07-30,603389,1,82.0,21.48,4.98,True,4.98,首板，连板起点；近10日涨停3次，近期活跃；5日涨幅-14%，短期滞涨；主板10cm涨停
2025-07-30,300877,1,69.5,30.6,-0.92,False,-0.92,首板，连板起点；近10日涨停2次，有一定活跃度；5日涨幅46%，主升节奏；20cm大板涨停，弹性大
2025-07-31,000691,1,93.5,6.35,5.04,True,5.04,首板，连板起点；近10日涨停4次，近期活跃；5日涨幅16%，趋势向上；主板10cm涨停
2025-07-31,600774,1,82.75,11.33,9.97,True,9.97,首板，连板起点；近10日涨停3次，近期活跃；5日涨幅4%，温和上行；主板10cm涨停
2025-07-31,002940,1,67.0,57.2,10.0,True,10.0,首板，连板起点；近10日涨停2次，有一定活跃度；5日涨幅-11%，短期滞涨；主板10cm涨停
2025-07-31,688110,1,45.0,64.76,-11.37,False,-11.37,首板，连板起点；近期首次活跃，缺乏涨停惯性；5日涨幅81%，主升节奏；20cm大板涨停，弹性大
2025-07-31,301489,1,44.5,103.66,5.17,False,5.17,首板，连板起点；近期首次活跃，缺乏涨停惯性；5日涨幅45%，主升节奏；20cm大板涨停，弹性大
2025-08-01,002370,1,84.5,7.4,9.32,False,9.32,首板，连板起点；近10日涨停3次，近期活跃；5日涨幅31%，主升节奏；主板10cm涨停
2025-08-01,600629,1,83.5,13.7,-3.21,False,-3.21,首板，连板起点；近10日涨停3次，近期活跃；5日涨幅19%，趋势向上；主板10cm涨停
2025-08-01,002305,1,82.75,2.94,0.34,False,0.34,首板，连板起点；近10日涨停3次，近期活跃；5日涨幅6%，温和上行；主板10cm涨停
2025-08-01,000558,1,69.5,7.37,-4.61,False,-4.61,首板，连板起点；近10日涨停2次，有一定活跃度；5日涨幅42%，主升节奏；主板10cm涨停
2025-08-01,601089,1,69.0,26.54,9.98,True,9.98,首板，连板起点；近10日涨停2次，有一定活跃度；5日涨幅28%，趋势向上；主板10cm涨停
2025-08-04,002097,1,104.0,15.61,9.99,True,9.99,首板，连板起点；近10日涨停6次，资金反复攻击的强势股；5日涨幅29%，趋势向上；主板10cm涨停
2025-08-04,003023,1,82.0,28.42,-4.64,False,-4.64,首板，连板起点；近10日涨停3次，近期活跃；5日涨幅-0%，短期滞涨；主板10cm涨停
2025-08-04,688110,1,70.0,68.88,-11.63,False,-11.63,首板，连板起点；近10日涨停2次，有一定活跃度；5日涨幅80%，主升节奏；20cm大板涨停，弹性大
2025-08-04,601606,1,69.5,38.83,9.99,True,9.99,首板，连板起点；近10日涨停2次，有一定活跃度；5日涨幅31%，主升节奏；主板10cm涨停
2025-08-04,600651,1,69.0,6.12,0.98,False,0.98,首板，连板起点；近10日涨停2次，有一定活跃度；5日涨幅25%，趋势向上；主板10cm涨停
2025-08-05,000691,1,93.5,7.14,-5.04,False,-5.04,首板，连板起点；近10日涨停4次，近期活跃；5日涨幅15%，温和上行；主板10cm涨停
2025-08-05,002305,1,93.5,3.1,5.16,True,5.16,首板，连板起点；近10日涨停4次，近期活跃；5日涨幅12%，温和上行；主板10cm涨停
2025-08-05,688585,1,69.5,110.48,-20.0,False,-20.0,首板，连板起点；近10日涨停2次，有一定活跃度；5日涨幅31%，主升节奏；20cm大板涨停，弹性大
2025-08-05,603516,1,69.5,72.66,8.6,False,8.6,首板，连板起点；近10日涨停2次，有一定活跃度；5日涨幅41%，主升节奏；主板10cm涨停
2025-08-05,002017,1,67.75,27.16,2.84,False,2.84,首板，连板起点；近10日涨停2次，有一定活跃度；5日涨幅0%，温和上行；主板10cm涨停
2025-08-06,603256,1,84.0,26.69,-3.0,False,-3.0,首板，连板起点；近10日涨停3次，近期活跃；5日涨幅25%，趋势向上；主板10cm涨停
2025-08-06,002168,1,68.5,4.06,-1.72,False,-1.72,首板，连板起点；近10日涨停2次，有一定活跃度；5日涨幅16%，趋势向上；主板10cm涨停
2025-08-06,600619,1,68.5,17.92,9.99,True,9.99,首板，连板起点；近10日涨停2次，有一定活跃度；5日涨幅12%，温和上行；主板10cm涨停
2025-08-06,600288,1,67.75,13.26,3.02,False,3.02,首板，连板起点；近10日涨停2次，有一定活跃度；5日涨幅5%，温和上行；主板10cm涨停
2025-08-06,300731,1,45.0,47.12,1.42,False,1.42,首板，连板起点；近期首次活跃，缺乏涨停惯性；5日涨幅59%，主升节奏；20cm大板涨停，弹性大
2025-08-07,603516,1,84.5,86.8,3.69,False,3.69,首板，连板起点；近10日涨停3次，近期活跃；5日涨幅44%，主升节奏；主板10cm涨停
2025-08-07,300289,1,84.5,9.77,11.87,False,11.87,首板，连板起点；近10日涨停3次，近期活跃；5日涨幅39%，主升节奏；20cm大板涨停，弹性大
2025-08-07,600651,1,83.5,6.28,6.53,False,6.53,首板，连板起点；近10日涨停3次，近期活跃；5日涨幅10%，温和上行；主板10cm涨停
2025-08-07,688110,1,83.5,73.2,0.83,False,0.83,首板，连板起点；近10日涨停3次，近期活跃；5日涨幅13%，温和上行；20cm大板涨停，弹性大
2025-08-07,002017,1,69.0,30.72,-5.73,False,-5.73,首板，连板起点；近10日涨停2次，有一定活跃度；5日涨幅24%，趋势向上；主板10cm涨停
2025-08-08,002097,1,94.0,17.33,3.29,False,3.29,首板，连板起点；近10日涨停4次，近期活跃；5日涨幅22%，趋势向上；主板10cm涨停
2025-08-08,000901,1,93.5,16.95,10.03,True,10.03,首板，连板起点；近10日涨停4次，近期活跃；5日涨幅16%，趋势向上；主板10cm涨停
2025-08-08,002305,1,93.5,3.32,2.71,False,2.71,首板，连板起点；近10日涨停4次，近期活跃；5日涨幅13%，温和上行；主板10cm涨停
2025-08-08,000691,1,92.75,7.33,-3.41,False,-3.41,首板，连板起点；近10日涨停4次，近期活跃；5日涨幅10%，温和上行；主板10cm涨停
2025-08-08,601089,1,83.5,29.61,5.07,False,5.07,首板，连板起点；近10日涨停3次，近期活跃；5日涨幅12%，温和上行；主板10cm涨停
2025-08-11,601606,1,104.5,57.07,8.03,False,8.03,首板，连板起点；近10日涨停5次，资金反复攻击的强势股；5日涨幅47%，主升节奏；主板10cm涨停
2025-08-11,002915,1,94.5,28.83,-1.63,False,-1.63,首板，连板起点；近10日涨停4次，近期活跃；5日涨幅43%，主升节奏；主板10cm涨停
2025-08-11,002148,1,94.5,10.41,9.99,True,9.99,首板，连板起点；近10日涨停4次，近期活跃；5日涨幅34%，主升节奏；主板10cm涨停
2025-08-11,600619,1,69.5,20.89,10.0,True,10.0,首板，连板起点；近10日涨停2次，有一定活跃度；5日涨幅35%，主升节奏；主板10cm涨停
2025-08-11,000070,1,68.5,9.05,0.33,False,0.33,首板，连板起点；近10日涨停2次，有一定活跃度；5日涨幅16%，趋势向上；主板10cm涨停
2025-08-12,605169,1,94.5,17.97,10.02,True,10.02,首板，连板起点；近10日涨停4次，近期活跃；5日涨幅42%，主升节奏；主板10cm涨停
2025-08-12,600203,1,94.5,17.34,9.98,True,9.98,首板，连板起点；近10日涨停4次，近期活跃；5日涨幅34%，主升节奏；主板10cm涨停
2025-08-12,002305,1,93.5,3.58,5.03,True,5.03,首板，连板起点；近10日涨停4次，近期活跃；5日涨幅15%，趋势向上；主板10cm涨停
2025-08-12,002173,1,69.0,20.59,10.0,True,10.0,首板，连板起点；近10日涨停2次，有一定活跃度；5日涨幅27%，趋势向上；主板10cm涨停
2025-08-12,002868,1,67.75,28.96,0.35,False,0.35,首板，连板起点；近10日涨停2次，有一定活跃度；5日涨幅8%，温和上行；主板10cm涨停
2025-08-13,601606,1,104.5,67.82,-7.12,False,-7.12,首板，连板起点；近10日涨停6次，资金反复攻击的强势股；5日涨幅44%，主升节奏；主板10cm涨停
2025-08-13,603767,1,104.5,35.09,-6.95,False,-6.95,首板，连板起点；近10日涨停6次，资金反复攻击的强势股；5日涨幅32%，主升节奏；主板10cm涨停
2025-08-13,000901,1,104.0,21.07,4.51,False,4.51,首板，连板起点；近10日涨停6次，资金反复攻击的强势股；5日涨幅24%，趋势向上；主板10cm涨停
2025-08-13,603516,1,94.0,102.3,6.05,False,6.05,首板，连板起点；近10日涨停4次，近期活跃；5日涨幅30%，趋势向上；主板10cm涨停
2025-08-13,000070,1,94.0,9.99,10.01,True,10.01,首板，连板起点；近10日涨停4次，近期活跃；5日涨幅21%，趋势向上；主板10cm涨停
2025-08-14,600410,1,84.5,17.81,5.56,False,5.56,首板，连板起点；近10日涨停3次，近期活跃；5日涨幅35%，主升节奏；主板10cm涨停
2025-08-14,605598,1,83.5,30.31,-6.6,False,-6.6,首板，连板起点；近10日涨停3次，近期活跃；5日涨幅14%，温和上行；主板10cm涨停
2025-08-14,688767,1,44.5,45.13,-1.73,False,-1.73,首板，连板起点；近期首次活跃，缺乏涨停惯性；5日涨幅38%，主升节奏；20cm大板涨停，弹性大
2025-08-14,688159,1,44.0,71.86,3.9,False,3.9,首板，连板起点；近期首次活跃，缺乏涨停惯性；5日涨幅25%，趋势向上；20cm大板涨停，弹性大
2025-08-14,002418,1,44.0,4.65,3.87,False,3.87,首板，连板起点；近期首次活跃，缺乏涨停惯性；5日涨幅22%，趋势向上；主板10cm涨停
2025-08-15,605169,1,103.5,19.57,-2.15,False,-2.15,首板，连板起点；近10日涨停6次，资金反复攻击的强势股；5日涨幅16%，趋势向上；主板10cm涨停
2025-08-15,002052,1,85.0,15.08,10.01,True,10.01,首板，连板起点；近10日涨停3次，近期活跃；5日涨幅53%，主升节奏；主板10cm涨停
2025-08-15,600113,1,85.0,50.9,-1.57,False,-1.57,首板，连板起点；近10日涨停3次，近期活跃；5日涨幅55%，主升节奏；主板10cm涨停
2025-08-15,000752,1,82.75,10.98,1.46,False,1.46,首板，连板起点；近10日涨停3次，近期活跃；5日涨幅3%，温和上行；主板10cm涨停
2025-08-15,000691,1,82.0,6.91,0.58,False,0.58,首板，连板起点；近10日涨停3次，近期活跃；5日涨幅-6%，短期滞涨；主板10cm涨停
2025-08-18,601929,1,104.5,4.31,-7.42,False,-7.42,首板，连板起点；近10日涨停6次，资金反复攻击的强势股；5日涨幅45%，主升节奏；主板10cm涨停
2025-08-18,601606,1,103.5,66.29,1.07,False,1.07,首板，连板起点；近10日涨停6次，资金反复攻击的强势股；5日涨幅16%，趋势向上；主板10cm涨停
2025-08-18,002046,1,102.75,33.46,10.01,True,10.01,首板，连板起点；近10日涨停5次，资金反复攻击的强势股；5日涨幅5%，温和上行；主板10cm涨停
2025-08-18,600410,1,94.5,20.68,10.01,True,10.01,首板，连板起点；近10日涨停4次，近期活跃；5日涨幅46%，主升节奏；主板10cm涨停
2025-08-18,688108,1,85.0,41.48,-2.56,False,-2.56,首板，连板起点；近10日涨停3次，近期活跃；5日涨幅69%，主升节奏；20cm大板涨停，弹性大
2025-08-19,600619,1,102.75,24.99,-10.0,False,-10.0,首板，连板起点；近10日涨停5次，资金反复攻击的强势股；5日涨幅9%，温和上行；主板10cm涨停
2025-08-19,603158,1,85.0,12.85,10.04,True,10.04,首板，连板起点；近10日涨停3次，近期活跃；5日涨幅52%，主升节奏；主板10cm涨停
2025-08-19,002298,1,84.5,12.44,-3.54,False,-3.54,首板，连板起点；近10日涨停3次，近期活跃；5日涨幅45%，主升节奏；主板10cm涨停
2025-08-19,600658,1,84.5,7.71,9.99,True,9.99,首板，连板起点；近10日涨停3次，近期活跃；5日涨幅34%，主升节奏；主板10cm涨停
2025-08-19,002820,1,83.5,15.86,-9.21,False,-9.21,首板，连板起点；近10日涨停3次，近期活跃；5日涨幅16%，趋势向上；主板10cm涨停
2025-08-20,601609,1,95.0,14.75,-9.97,False,-9.97,首板，连板起点；近10日涨停4次，近期活跃；5日涨幅57%，主升节奏；主板10cm涨停
2025-08-20,603800,1,92.0,53.34,-5.66,False,-5.66,首板，连板起点；近10日涨停4次，近期活跃；5日涨幅-3%，短期滞涨；主板10cm涨停
2025-08-20,002289,1,83.5,28.33,3.35,False,3.35,首板，连板起点；近10日涨停3次，近期活跃；5日涨幅17%，趋势向上；主板10cm涨停
2025-08-20,002981,1,83.5,37.47,-3.74,False,-3.74,首板，连板起点；近10日涨停3次，近期活跃；5日涨幅17%，趋势向上；主板10cm涨停
2025-08-20,605188,1,82.0,13.67,2.12,False,2.12,首板，连板起点；近10日涨停3次，近期活跃；5日涨幅-7%，短期滞涨；主板10cm涨停
2025-08-21,601929,1,102.75,3.96,-6.82,False,-6.82,首板，连板起点；近10日涨停6次，资金反复攻击的强势股；5日涨幅8%，温和上行；主板10cm涨停
2025-08-21,600265,1,93.5,22.72,2.55,False,2.55,首板，连板起点；近10日涨停4次，近期活跃；5日涨幅20%，趋势向上；主板10cm涨停
2025-08-21,600246,1,92.0,10.55,10.05,True,10.05,首板，连板起点；近10日涨停4次，近期活跃；5日涨幅-4%，短期滞涨；主板10cm涨停
2025-08-21,603601,1,69.5,6.41,-4.84,False,-4.84,首板，连板起点；近10日涨停2次，有一定活跃度；5日涨幅35%，主升节奏；主板10cm涨停
2025-08-21,002674,1,69.0,13.79,6.16,False,6.16,首板，连板起点；近10日涨停2次，有一定活跃度；5日涨幅24%，趋势向上；主板10cm涨停
2025-08-22,603021,1,94.0,4.83,-4.97,False,-4.97,首板，连板起点；近10日涨停4次，近期活跃；5日涨幅25%，趋势向上；主板10cm涨停
2025-08-22,002871,1,84.5,18.43,-0.22,False,-0.22,首板，连板起点；近10日涨停3次，近期活跃；5日涨幅31%，主升节奏；主板10cm涨停
2025-08-22,603256,1,84.0,40.5,2.94,False,2.94,首板，连板起点；近10日涨停3次，近期活跃；5日涨幅23%，趋势向上；主板10cm涨停
2025-08-22,002272,1,84.0,18.98,2.37,False,2.37,首板，连板起点；近10日涨停3次，近期活跃；5日涨幅27%，趋势向上；主板10cm涨停
2025-08-22,000628,1,68.5,61.33,-1.7,False,-1.7,首板，连板起点；近10日涨停2次，有一定活跃度；5日涨幅19%，趋势向上；主板10cm涨停
2025-08-25,600107,1,104.0,5.7,5.09,True,5.09,首板，连板起点；近10日涨停5次，资金反复攻击的强势股；5日涨幅25%，趋势向上；主板10cm涨停
2025-08-25,600410,1,103.5,23.25,10.02,True,10.02,首板，连板起点；近10日涨停5次，资金反复攻击的强势股；5日涨幅12%，温和上行；主板10cm涨停
2025-08-25,600113,1,92.75,54.51,10.0,True,10.0,首板，连板起点；近10日涨停4次，近期活跃；5日涨幅9%，温和上行；主板10cm涨停
2025-08-25,603083,1,84.0,72.88,10.0,True,10.0,首板，连板起点；近10日涨停3次，近期活跃；5日涨幅24%，趋势向上；主板10cm涨停
2025-08-25,002600,1,69.0,13.56,10.03,True,10.03,首板，连板起点；近10日涨停2次，有一定活跃度；5日涨幅22%，趋势向上；主板10cm涨停
2025-08-26,603021,1,103.5,4.82,-4.15,False,-4.15,首板，连板起点；近10日涨停5次，资金反复攻击的强势股；5日涨幅13%，温和上行；主板10cm涨停
2025-08-26,603158,1,103.5,15.07,2.32,False,2.32,首板，连板起点；近10日涨停5次，资金反复攻击的强势股；5日涨幅17%，趋势向上；主板10cm涨停
2025-08-26,002272,1,93.5,21.37,-10.01,False,-10.01,首板，连板起点；近10日涨停4次，近期活跃；5日涨幅19%，趋势向上；主板10cm涨停
2025-08-26,002158,1,92.75,25.74,-2.87,False,-2.87,首板，连板起点；近10日涨停4次，近期活跃；5日涨幅8%，温和上行；主板10cm涨停
2025-08-26,002298,1,92.0,11.94,0.92,False,0.92,首板，连板起点；近10日涨停4次，近期活跃；5日涨幅-4%，短期滞涨；主板10cm涨停
2025-08-27,603222,1,102.0,10.04,9.96,True,9.96,首板，连板起点；近10日涨停5次，资金反复攻击的强势股；5日涨幅-15%，短期滞涨；主板10cm涨停
2025-08-27,603757,1,93.5,57.26,4.37,False,4.37,首板，连板起点；近10日涨停4次，近期活跃；5日涨幅19%，趋势向上；主板10cm涨停
2025-08-27,600601,1,83.5,8.7,3.56,False,3.56,首板，连板起点；近10日涨停3次，近期活跃；5日涨幅15%，温和上行；主板10cm涨停
2025-08-27,601929,1,83.5,4.02,2.99,False,2.99,首板，连板起点；近10日涨停3次，近期活跃；5日涨幅12%，温和上行；主板10cm涨停
2025-08-27,002620,1,69.0,5.35,-0.93,False,-0.93,首板，连板起点；近10日涨停2次，有一定活跃度；5日涨幅23%，趋势向上；主板10cm涨停
2025-08-28,002600,1,94.5,16.26,-4.43,False,-4.43,首板，连板起点；近10日涨停4次，近期活跃；5日涨幅34%，主升节奏；主板10cm涨停
2025-08-28,000070,1,93.5,12.14,-3.13,False,-3.13,首板，连板起点；近10日涨停4次，近期活跃；5日涨幅16%，趋势向上；主板10cm涨停
2025-08-28,600246,1,84.0,13.52,-9.99,False,-9.99,首板，连板起点；近10日涨停3次，近期活跃；5日涨幅28%，趋势向上；主板10cm涨停
2025-08-28,603256,1,84.0,44.89,-5.79,False,-5.79,首板，连板起点；近10日涨停3次，近期活跃；5日涨幅22%，趋势向上；主板10cm涨停
2025-08-28,000972,1,82.75,4.43,0.45,False,0.45,首板，连板起点；近10日涨停3次，近期活跃；5日涨幅9%，温和上行；主板10cm涨停
2025-08-29,600107,1,103.5,5.99,5.01,True,5.01,首板，连板起点；近10日涨停6次，资金反复攻击的强势股；5日涨幅10%，温和上行；主板10cm涨停
2025-08-29,601929,1,84.0,4.55,10.11,True,10.11,首板，连板起点；近10日涨停3次，近期活跃；5日涨幅23%，趋势向上；主板10cm涨停
2025-08-29,002953,1,83.5,16.1,-4.53,False,-4.53,首板，连板起点；近10日涨停3次，近期活跃；5日涨幅17%，趋势向上；主板10cm涨停
2025-08-29,002620,1,83.5,5.57,5.03,True,5.03,首板，连板起点；近10日涨停3次，近期活跃；5日涨幅19%，趋势向上；主板10cm涨停
2025-08-29,605288,1,69.0,78.91,10.0,True,10.0,首板，连板起点；近10日涨停2次，有一定活跃度；5日涨幅21%，趋势向上；主板10cm涨停
2025-09-01,603222,1,104.0,12.67,-10.02,False,-10.02,首板，连板起点；近10日涨停5次，资金反复攻击的强势股；5日涨幅28%，趋势向上；主板10cm涨停
2025-09-01,603021,1,102.75,4.84,-0.41,False,-0.41,首板，连板起点；近10日涨停5次，资金反复攻击的强势股；5日涨幅5%，温和上行；主板10cm涨停
2025-09-01,605188,1,94.5,19.86,-5.14,False,-5.14,首板，连板起点；近10日涨停4次，近期活跃；5日涨幅43%，主升节奏；主板10cm涨停
2025-09-01,000972,1,93.5,4.67,4.93,True,4.93,首板，连板起点；近10日涨停4次，近期活跃；5日涨幅20%，趋势向上；主板10cm涨停
2025-09-01,002217,1,93.5,3.86,4.15,False,4.15,首板，连板起点；近10日涨停4次，近期活跃；5日涨幅14%，温和上行；主板10cm涨停
2025-09-02,000609,1,102.75,4.5,-1.56,False,-1.56,首板，连板起点；近10日涨停5次，资金反复攻击的强势股；5日涨幅7%，温和上行；主板10cm涨停
2025-09-02,603626,1,93.5,17.84,-5.89,False,-5.89,首板，连板起点；近10日涨停4次，近期活跃；5日涨幅14%，温和上行；主板10cm涨停
2025-09-02,605133,1,69.0,48.34,-3.6,False,-3.6,首板，连板起点；近10日涨停2次，有一定活跃度；5日涨幅27%，趋势向上；主板10cm涨停
2025-09-02,002630,1,67.75,2.9,3.1,False,3.1,首板，连板起点；近10日涨停2次，有一定活跃度；5日涨幅4%，温和上行；主板10cm涨停
2025-09-02,600475,1,67.75,23.86,-8.42,False,-8.42,首板，连板起点；近10日涨停2次，有一定活跃度；5日涨幅7%，温和上行；主板10cm涨停
2025-09-03,601929,1,94.5,5.53,-9.95,False,-9.95,首板，连板起点；近10日涨停4次，近期活跃；5日涨幅38%，主升节奏；主板10cm涨停
2025-09-03,601869,1,94.0,91.06,-5.56,False,-5.56,首板，连板起点；近10日涨停4次，近期活跃；5日涨幅21%，趋势向上；主板10cm涨停
2025-09-03,002210,1,69.5,4.22,-6.16,False,-6.16,首板，连板起点；近10日涨停2次，有一定活跃度；5日涨幅30%，主升节奏；主板10cm涨停
2025-09-03,600715,1,69.0,3.23,-9.91,False,-9.91,首板，连板起点；近10日涨停2次，有一定活跃度；5日涨幅25%，趋势向上；主板10cm涨停
2025-09-03,600243,1,67.75,4.77,-0.84,False,-0.84,首板，连板起点；近10日涨停2次，有一定活跃度；5日涨幅0%，温和上行；主板10cm涨停
2025-09-04,605188,1,93.5,21.95,-9.98,False,-9.98,首板，连板起点；近10日涨停4次，近期活跃；5日涨幅19%，趋势向上；主板10cm涨停
2025-09-04,001296,1,82.75,26.4,0.87,False,0.87,首板，连板起点；近10日涨停3次，近期活跃；5日涨幅5%，温和上行；主板10cm涨停
2025-09-04,603101,1,82.75,10.84,7.56,False,7.56,首板，连板起点；近10日涨停3次，近期活跃；5日涨幅7%，温和上行；主板10cm涨停
2025-09-04,603222,1,82.75,11.52,-8.77,False,-8.77,首板，连板起点；近10日涨停3次，近期活跃；5日涨幅4%，温和上行；主板10cm涨停
2025-09-04,603257,1,69.0,67.88,3.39,False,3.39,首板，连板起点；近10日涨停2次，有一定活跃度；5日涨幅22%，趋势向上；主板10cm涨停
2025-09-05,002058,1,103.5,18.71,5.02,True,5.02,首板，连板起点；近10日涨停5次，资金反复攻击的强势股；5日涨幅12%，温和上行；主板10cm涨停
2025-09-05,000972,1,92.75,4.69,4.9,True,4.9,首板，连板起点；近10日涨停4次，近期活跃；5日涨幅5%，温和上行；主板10cm涨停
2025-09-05,000609,1,92.75,4.47,-0.67,False,-0.67,首板，连板起点；近10日涨停4次，近期活跃；5日涨幅6%，温和上行；主板10cm涨停
2025-09-05,603398,1,92.75,6.24,4.97,True,4.97,首板，连板起点；近10日涨停4次，近期活跃；5日涨幅0%，温和上行；主板10cm涨停
2025-09-05,601069,1,84.5,29.82,-5.77,False,-5.77,首板，连板起点；近10日涨停3次，近期活跃；5日涨幅50%，主升节奏；主板10cm涨停
2025-09-08,002620,1,102.75,6.18,3.56,False,3.56,首板，连板起点；近10日涨停5次，资金反复攻击的强势股；5日涨幅6%，温和上行；主板10cm涨停
2025-09-08,603222,1,92.0,11.56,8.56,False,8.56,首板，连板起点；近10日涨停4次，近期活跃；5日涨幅-9%，短期滞涨；主板10cm涨停
2025-09-08,300096,1,83.5,6.88,0.44,False,0.44,首板，连板起点；近10日涨停3次，近期活跃；5日涨幅10%，温和上行；主板10cm涨停
2025-09-08,002115,1,82.75,12.16,3.21,False,3.21,首板，连板起点；近10日涨停3次，近期活跃；5日涨幅6%，温和上行；主板10cm涨停
2025-09-08,603098,1,68.5,15.68,4.85,False,4.85,首板，连板起点；近10日涨停2次，有一定活跃度；5日涨幅13%，温和上行；主板10cm涨停
2025-09-09,605255,1,104.0,69.09,10.0,True,10.0,首板，连板起点；近10日涨停7次，资金反复攻击的强势股；5日涨幅21%，趋势向上；主板10cm涨停
2025-09-09,601069,1,94.0,30.91,7.41,False,7.41,首板，连板起点；近10日涨停4次，近期活跃；5日涨幅28%，趋势向上；主板10cm涨停
2025-09-09,603843,1,84.0,3.26,4.6,False,4.6,首板，连板起点；近10日涨停3次，近期活跃；5日涨幅23%，趋势向上；主板10cm涨停
2025-09-09,002846,1,83.5,22.23,1.89,False,1.89,首板，连板起点；近10日涨停3次，近期活跃；5日涨幅10%，温和上行；主板10cm涨停
2025-09-09,603257,1,82.75,72.57,-2.99,False,-2.99,首板，连板起点；近10日涨停3次，近期活跃；5日涨幅9%，温和上行；主板10cm涨停
2025-09-10,000972,1,102.75,5.17,-3.29,False,-3.29,首板，连板起点；近10日涨停5次，资金反复攻击的强势股；5日涨幅10%，温和上行；主板10cm涨停
2025-09-10,002115,1,94.0,13.81,2.82,False,2.82,首板，连板起点；近10日涨停4次，近期活跃；5日涨幅21%，趋势向上；主板10cm涨停
2025-09-10,603285,1,84.5,31.14,0.48,False,0.48,首板，连板起点；近10日涨停3次，近期活跃；5日涨幅32%，主升节奏；主板10cm涨停
2025-09-10,603813,1,83.5,21.03,1.9,False,1.9,首板，连板起点；近10日涨停3次，近期活跃；5日涨幅13%，温和上行；主板10cm涨停
2025-09-10,002053,1,82.75,14.74,-3.39,False,-3.39,首板，连板起点；近10日涨停3次，近期活跃；5日涨幅7%，温和上行；主板10cm涨停
2025-09-11,603222,1,94.0,14.06,-5.9,False,-5.9,首板，连板起点；近10日涨停4次，近期活跃；5日涨幅22%，趋势向上；主板10cm涨停
2025-09-11,605188,1,82.0,19.78,5.81,False,5.81,首板，连板起点；近10日涨停3次，近期活跃；5日涨幅-10%，短期滞涨；主板10cm涨停
2025-09-11,688195,1,69.5,101.44,1.53,False,1.53,首板，连板起点；近10日涨停2次，有一定活跃度；5日涨幅31%，主升节奏；20cm大板涨停，弹性大
2025-09-11,002762,1,68.5,8.3,0.72,False,0.72,首板，连板起点；近10日涨停2次，有一定活跃度；5日涨幅17%，趋势向上；主板10cm涨停
2025-09-11,600246,1,67.75,14.45,-5.95,False,-5.95,首板，连板起点；近10日涨停2次，有一定活跃度；5日涨幅7%，温和上行；主板10cm涨停
2025-09-12,600376,1,105.0,5.51,9.98,True,9.98,首板，连板起点；近10日涨停6次，资金反复攻击的强势股；5日涨幅57%，主升节奏；主板10cm涨停
2025-09-12,605298,1,94.0,45.43,2.91,False,2.91,首板，连板起点；近10日涨停4次，近期活跃；5日涨幅25%，趋势向上；主板10cm涨停
2025-09-12,603843,1,93.5,3.65,4.93,True,4.93,首板，连板起点；近10日涨停4次，近期活跃；5日涨幅19%，趋势向上；主板10cm涨停
2025-09-12,000980,1,84.5,3.73,-2.95,False,-2.95,首板，连板起点；近10日涨停3次，近期活跃；5日涨幅40%，主升节奏；主板10cm涨停
2025-09-12,603398,1,83.5,6.98,-5.01,False,-5.01,首板，连板起点；近10日涨停3次，近期活跃；5日涨幅12%，温和上行；主板10cm涨停
2025-09-15,601116,1,94.5,18.19,-7.15,False,-7.15,首板，连板起点；近10日涨停4次，近期活跃；5日涨幅49%，主升节奏；主板10cm涨停
2025-09-15,600173,1,84.0,8.89,6.86,False,6.86,首板，连板起点；近10日涨停3次，近期活跃；5日涨幅28%，趋势向上；主板10cm涨停
2025-09-15,002289,1,83.5,33.31,5.01,True,5.01,首板，连板起点；近10日涨停3次，近期活跃；5日涨幅14%，温和上行；主板10cm涨停
2025-09-15,002602,1,83.5,20.1,-1.89,False,-1.89,首板，连板起点；近10日涨停3次，近期活跃；5日涨幅16%，趋势向上；主板10cm涨停
2025-09-15,002642,1,69.0,11.17,-0.09,False,-0.09,首板，连板起点；近10日涨停2次，有一定活跃度；5日涨幅26%，趋势向上；主板10cm涨停
2025-09-16,603516,1,94.5,154.0,8.12,False,8.12,首板，连板起点；近10日涨停4次，近期活跃；5日涨幅36%，主升节奏；主板10cm涨停
2025-09-16,605298,1,93.5,51.43,2.62,False,2.62,首板，连板起点；近10日涨停4次，近期活跃；5日涨幅17%，趋势向上；主板10cm涨停
2025-09-16,002759,1,93.5,19.02,-6.26,False,-6.26,首板，连板起点；近10日涨停4次，近期活跃；5日涨幅13%，温和上行；主板10cm涨停
2025-09-16,603398,1,82.75,6.96,-1.58,False,-1.58,首板，连板起点；近10日涨停3次，近期活跃；5日涨幅8%，温和上行；主板10cm涨停
2025-09-16,603083,1,70.0,119.9,-0.85,False,-0.85,首板，连板起点；近10日涨停2次，有一定活跃度；5日涨幅50%，主升节奏；主板10cm涨停
2025-09-17,605289,1,69.5,59.95,5.1,False,5.1,首板，连板起点；近10日涨停2次，有一定活跃度；5日涨幅35%，主升节奏；主板10cm涨停
2025-09-17,601619,1,69.0,4.86,1.23,False,1.23,首板，连板起点；近10日涨停2次，有一定活跃度；5日涨幅21%，趋势向上；主板10cm涨停
2025-09-17,002796,1,69.0,20.79,-7.22,False,-7.22,首板，连板起点；近10日涨停2次，有一定活跃度；5日涨幅30%，趋势向上；主板10cm涨停
2025-09-17,600651,1,44.5,8.91,9.99,True,9.99,首板，连板起点；近期首次活跃，缺乏涨停惯性；5日涨幅31%，主升节奏；主板10cm涨停
2025-09-17,688279,1,44.5,263.52,3.98,False,3.98,首板，连板起点；近期首次活跃，缺乏涨停惯性；5日涨幅32%，主升节奏；20cm大板涨停，弹性大
2025-09-18,002058,1,104.0,28.25,-4.99,False,-4.99,首板，连板起点；近10日涨停8次，资金反复攻击的强势股；5日涨幅24%，趋势向上；主板10cm涨停
2025-09-18,603398,1,92.75,7.19,3.62,False,3.62,首板，连板起点；近10日涨停4次，近期活跃；5日涨幅8%，温和上行；主板10cm涨停
2025-09-18,002905,1,84.0,15.44,-9.97,False,-9.97,首板，连板起点；近10日涨停3次，近期活跃；5日涨幅24%，趋势向上；主板10cm涨停
2025-09-18,603359,1,82.75,10.42,-4.7,False,-4.7,首板，连板起点；近10日涨停3次，近期活跃；5日涨幅3%，温和上行；主板10cm涨停
2025-09-18,603389,1,68.5,28.82,5.0,True,5.0,首板，连板起点；近10日涨停2次，有一定活跃度；5日涨幅12%，温和上行；主板10cm涨停
2025-09-19,603813,1,82.75,23.94,-5.01,False,-5.01,首板，连板起点；近10日涨停3次，近期活跃；5日涨幅8%，温和上行；主板10cm涨停
2025-09-19,001309,1,69.0,141.01,10.0,True,10.0,首板，连板起点；近10日涨停2次，有一定活跃度；5日涨幅28%，趋势向上；主板10cm涨停
2025-09-19,002796,1,69.0,21.22,-7.68,False,-7.68,首板，连板起点；近10日涨停2次，有一定活跃度；5日涨幅22%，趋势向上；主板10cm涨停
2025-09-19,603978,1,67.75,22.54,1.29,False,1.29,首板，连板起点；近10日涨停2次，有一定活跃度；5日涨幅7%，温和上行；主板10cm涨停
2025-09-19,600165,1,67.75,4.13,-3.87,False,-3.87,首板，连板起点；近10日涨停2次，有一定活跃度；5日涨幅6%，温和上行；主板10cm涨停
2025-09-22,000981,1,104.5,4.26,-0.47,False,-0.47,首板，连板起点；近10日涨停5次，资金反复攻击的强势股；5日涨幅40%，主升节奏；主板10cm涨停
2025-09-22,600376,1,104.5,7.99,-4.13,False,-4.13,首板，连板起点；近10日涨停8次，资金反复攻击的强势股；5日涨幅32%，主升节奏；主板10cm涨停
2025-09-22,000691,1,103.5,9.26,4.97,True,4.97,首板，连板起点；近10日涨停9次，资金反复攻击的强势股；5日涨幅19%，趋势向上；主板10cm涨停
2025-09-22,002647,1,83.5,7.14,4.34,False,4.34,首板，连板起点；近10日涨停3次，近期活跃；5日涨幅16%，趋势向上；主板10cm涨停
2025-09-22,002602,1,82.0,19.81,3.99,False,3.99,首板，连板起点；近10日涨停3次，近期活跃；5日涨幅-1%，短期滞涨；主板10cm涨停
2025-09-23,001234,1,104.5,39.75,-9.99,False,-9.99,首板，连板起点；近10日涨停5次，资金反复攻击的强势股；5日涨幅32%，主升节奏；主板10cm涨停
2025-09-23,000559,1,93.5,11.02,0.82,False,0.82,首板，连板起点；近10日涨停4次，近期活跃；5日涨幅16%，趋势向上；主板10cm涨停
2025-09-23,002674,1,69.0,17.11,3.74,False,3.74,首板，连板起点；近10日涨停2次，有一定活跃度；5日涨幅21%，趋势向上；主板10cm涨停
2025-09-23,603030,1,68.5,3.43,-2.33,False,-2.33,首板，连板起点；近10日涨停2次，有一定活跃度；5日涨幅14%，温和上行；主板10cm涨停
2025-09-23,603316,1,68.5,12.65,10.04,True,10.04,首板，连板起点；近10日涨停2次，有一定活跃度；5日涨幅10%，温和上行；主板10cm涨停
2025-09-24,603389,1,93.5,31.73,4.82,True,4.82,首板，连板起点；近10日涨停4次，近期活跃；5日涨幅16%，趋势向上；主板10cm涨停
2025-09-24,600103,1,92.0,3.92,3.83,False,3.83,首板，连板起点；近10日涨停4次，近期活跃；5日涨幅-14%，短期滞涨；主板10cm涨停
2025-09-24,600400,1,84.5,3.83,-5.74,False,-5.74,首板，连板起点；近10日涨停3次，近期活跃；5日涨幅39%，主升节奏；主板10cm涨停
2025-09-24,603398,1,83.5,8.13,5.04,True,5.04,首板，连板起点；近10日涨停3次，近期活跃；5日涨幅19%，趋势向上；主板10cm涨停
2025-09-24,603007,1,83.5,5.7,2.98,False,2.98,首板，连板起点；近10日涨停3次，近期活跃；5日涨幅16%，趋势向上；主板10cm涨停
2025-09-25,603843,1,102.75,4.69,4.9,True,4.9,首板，连板起点；近10日涨停7次，资金反复攻击的强势股；5日涨幅6%，温和上行；主板10cm涨停
2025-09-25,600629,1,93.5,21.55,10.02,True,10.02,首板，连板起点；近10日涨停4次，近期活跃；5日涨幅20%，趋势向上；主板10cm涨停
2025-09-25,603083,1,82.75,124.87,6.55,False,6.55,首板，连板起点；近10日涨停3次，近期活跃；5日涨幅8%，温和上行；主板10cm涨停
2025-09-25,601619,1,82.75,5.07,10.06,True,10.06,首板，连板起点；近10日涨停3次，近期活跃；5日涨幅3%，温和上行；主板10cm涨停
2025-09-25,002602,1,68.5,21.97,-1.78,False,-1.78,首板，连板起点；近10日涨停2次，有一定活跃度；5日涨幅14%，温和上行；主板10cm涨停
2025-09-26,000559,1,103.5,11.8,10.0,True,10.0,首板，连板起点；近10日涨停5次，资金反复攻击的强势股；5日涨幅14%，温和上行；主板10cm涨停
2025-09-26,002289,1,92.75,41.31,-5.01,False,-5.01,首板，连板起点；近10日涨停4次，近期活跃；5日涨幅7%，温和上行；主板10cm涨停
2025-09-26,603090,1,84.5,59.94,-6.19,False,-6.19,首板，连板起点；近10日涨停3次，近期活跃；5日涨幅35%，主升节奏；主板10cm涨停
2025-09-26,603239,1,84.0,22.23,-5.31,False,-5.31,首板，连板起点；近10日涨停3次，近期活跃；5日涨幅21%，趋势向上；主板10cm涨停
2025-09-26,600691,1,67.75,2.98,-1.01,False,-1.01,首板，连板起点；近10日涨停2次，有一定活跃度；5日涨幅5%，温和上行；主板10cm涨停
2025-09-29,000981,1,102.0,3.85,10.13,True,10.13,首板，连板起点；近10日涨停5次，资金反复攻击的强势股；5日涨幅-10%，短期滞涨；主板10cm涨停
2025-09-29,002067,1,82.75,6.15,2.11,False,2.11,首板，连板起点；近10日涨停3次，近期活跃；5日涨幅1%，温和上行；主板10cm涨停
2025-09-29,603286,1,82.75,45.96,-3.42,False,-3.42,首板，连板起点；近10日涨停3次，近期活跃；5日涨幅7%，温和上行；主板10cm涨停
2025-09-29,300250,1,69.0,26.4,3.03,False,3.03,首板，连板起点；近10日涨停2次，有一定活跃度；5日涨幅20%，趋势向上；20cm大板涨停，弹性大
2025-09-29,002822,1,67.75,3.55,1.13,False,1.13,首板，连板起点；近10日涨停2次，有一定活跃度；5日涨幅0%，温和上行；主板10cm涨停
2025-09-30,603007,1,92.75,5.65,4.42,False,4.42,首板，连板起点；近10日涨停4次，近期活跃；5日涨幅4%，温和上行；主板10cm涨停
2025-09-30,002295,1,84.5,14.75,10.03,True,10.03,首板，连板起点；近10日涨停3次，近期活跃；5日涨幅32%，主升节奏；主板10cm涨停
2025-09-30,001309,1,83.5,204.69,1.66,False,1.66,首板，连板起点；近10日涨停3次，近期活跃；5日涨幅20%，趋势向上；主板10cm涨停
2025-09-30,002298,1,83.5,13.19,1.67,False,1.67,首板，连板起点；近10日涨停3次，近期活跃；5日涨幅16%，趋势向上；主板10cm涨停
2025-09-30,000006,1,68.5,10.29,5.44,False,5.44,首板，连板起点；近10日涨停2次，有一定活跃度；5日涨幅11%，温和上行；主板10cm涨停
2025-10-09,603286,1,83.5,48.83,-1.88,False,-1.88,首板，连板起点；近10日涨停3次，近期活跃；5日涨幅16%，趋势向上；主板10cm涨停
2025-10-09,600635,1,82.75,6.46,10.06,True,10.06,首板，连板起点；近10日涨停3次，近期活跃；5日涨幅2%，温和上行；主板10cm涨停
2025-10-09,002796,1,69.0,21.46,-7.5,False,-7.5,首板，连板起点；近10日涨停2次，有一定活跃度；5日涨幅22%，趋势向上；主板10cm涨停
2025-10-09,002785,1,68.5,37.47,-0.16,False,-0.16,首板，连板起点；近10日涨停2次，有一定活跃度；5日涨幅13%，温和上行；主板10cm涨停
2025-10-09,600105,1,68.5,13.98,5.94,False,5.94,首板，连板起点；近10日涨停2次，有一定活跃度；5日涨幅14%，温和上行；主板10cm涨停
2025-10-10,600167,1,92.0,9.35,-4.6,False,-4.6,首板，连板起点；近10日涨停4次，近期活跃；5日涨幅-11%，短期滞涨；主板10cm涨停
2025-10-10,603156,1,84.5,34.42,-9.21,False,-9.21,首板，连板起点；近10日涨停3次，近期活跃；5日涨幅35%，主升节奏；主板10cm涨停
2025-10-10,600892,1,83.5,4.47,-4.92,False,-4.92,首板，连板起点；近10日涨停3次，近期活跃；5日涨幅20%，趋势向上；主板10cm涨停
2025-10-10,002549,1,82.0,24.84,9.98,True,9.98,首板，连板起点；近10日涨停3次，近期活跃；5日涨幅-10%，短期滞涨；主板10cm涨停
2025-10-10,000006,1,69.0,11.94,9.97,True,9.97,首板，连板起点；近10日涨停2次，有一定活跃度；5日涨幅28%，趋势向上；主板10cm涨停
2025-10-13,000691,1,103.5,12.55,-5.02,False,-5.02,首板，连板起点；近10日涨停7次，资金反复攻击的强势股；5日涨幅11%，温和上行；主板10cm涨停
2025-10-13,002513,1,102.75,9.26,-8.21,False,-8.21,首板，连板起点；近10日涨停7次，资金反复攻击的强势股；5日涨幅8%，温和上行；主板10cm涨停
2025-10-13,603389,1,102.75,37.18,5.0,True,5.0,首板，连板起点；近10日涨停5次，资金反复攻击的强势股；5日涨幅6%，温和上行；主板10cm涨停
2025-10-13,002759,1,94.5,22.91,-1.35,False,-1.35,首板，连板起点；近10日涨停4次，近期活跃；5日涨幅41%，主升节奏；主板10cm涨停
2025-10-13,603398,1,92.0,8.48,-4.95,False,-4.95,首板，连板起点；近10日涨停4次，近期活跃；5日涨幅-5%，短期滞涨；主板10cm涨停
2025-10-14,000981,1,94.0,4.74,-6.54,False,-6.54,首板，连板起点；近10日涨停4次，近期活跃；5日涨幅23%，趋势向上；主板10cm涨停
2025-10-14,002084,1,69.0,4.52,-4.42,False,-4.42,首板，连板起点；近10日涨停2次，有一定活跃度；5日涨幅23%，趋势向上；主板10cm涨停
2025-10-14,600403,1,69.0,4.95,10.1,True,10.1,首板，连板起点；近10日涨停2次，有一定活跃度；5日涨幅22%，趋势向上；主板10cm涨停
2025-10-14,605055,1,67.75,10.78,2.41,False,2.41,首板，连板起点；近10日涨停2次，有一定活跃度；5日涨幅3%，温和上行；主板10cm涨停
2025-10-14,300950,1,44.0,40.57,-3.87,False,-3.87,首板，连板起点；近期首次活跃，缺乏涨停惯性；5日涨幅28%，趋势向上；20cm大板涨停，弹性大
2025-10-15,600629,1,93.5,33.85,10.01,True,10.01,首板，连板起点；近10日涨停4次，近期活跃；5日涨幅18%，趋势向上；主板10cm涨停
2025-10-15,002816,1,84.0,23.19,-1.72,False,-1.72,首板，连板起点；近10日涨停3次，近期活跃；5日涨幅22%，趋势向上；主板10cm涨停
2025-10-15,603286,1,82.75,45.67,-1.69,False,-1.69,首板，连板起点；近10日涨停3次，近期活跃；5日涨幅3%，温和上行；主板10cm涨停
2025-10-15,000506,1,69.5,14.6,-1.03,False,-1.03,首板，连板起点；近10日涨停2次，有一定活跃度；5日涨幅34%，主升节奏；主板10cm涨停
2025-10-15,601611,1,69.5,12.38,-7.59,False,-7.59,首板，连板起点；近10日涨停2次，有一定活跃度；5日涨幅40%，主升节奏；主板10cm涨停
2025-10-16,002208,1,94.5,11.81,9.99,True,9.99,首板，连板起点；近10日涨停4次，近期活跃；5日涨幅41%，主升节奏；主板10cm涨停
2025-10-16,603843,1,92.75,5.7,2.28,False,2.28,首板，连板起点；近10日涨停4次，近期活跃；5日涨幅5%，温和上行；主板10cm涨停
2025-10-16,601011,1,84.5,3.95,1.27,False,1.27,首板，连板起点；近10日涨停3次，近期活跃；5日涨幅33%，主升节奏；主板10cm涨停
2025-10-16,601212,1,84.0,5.94,9.93,True,9.93,首板，连板起点；近10日涨停3次，近期活跃；5日涨幅29%，趋势向上；主板10cm涨停
2025-10-16,000793,1,67.75,3.03,0.0,False,0.0,首板，连板起点；近10日涨停2次，有一定活跃度；5日涨幅2%，温和上行；主板10cm涨停
2025-10-17,600107,1,104.0,8.79,-1.48,False,-1.48,首板，连板起点；近10日涨停5次，资金反复攻击的强势股；5日涨幅22%，趋势向上；主板10cm涨停
2025-10-17,600078,1,94.0,10.26,-4.48,False,-4.48,首板，连板起点；近10日涨停4次，近期活跃；5日涨幅25%，趋势向上；主板10cm涨停
2025-10-17,603398,1,92.0,7.64,2.49,False,2.49,首板，连板起点；近10日涨停4次，近期活跃；5日涨幅-5%，短期滞涨；主板10cm涨停
2025-10-17,600617,1,69.0,4.0,10.0,True,10.0,首板，连板起点；近10日涨停2次，有一定活跃度；5日涨幅29%，趋势向上；主板10cm涨停
2025-10-17,600382,1,67.75,7.47,0.67,False,0.67,首板，连板起点；近10日涨停2次，有一定活跃度；5日涨幅9%，温和上行；主板10cm涨停
2025-10-20,002713,1,104.0,8.34,4.92,True,4.92,首板，连板起点；近10日涨停8次，资金反复攻击的强势股；5日涨幅26%，趋势向上；主板10cm涨停
2025-10-20,601011,1,94.0,4.4,-6.82,False,-6.82,首板，连板起点；近10日涨停4次，近期活跃；5日涨幅22%，趋势向上；主板10cm涨停
2025-10-20,000004,1,92.0,12.85,0.16,False,0.16,首板，连板起点；近10日涨停4次，近期活跃；5日涨幅-0%，短期滞涨；主板10cm涨停
2025-10-20,002084,1,83.5,4.57,-2.63,False,-2.63,首板，连板起点；近10日涨停3次，近期活跃；5日涨幅11%，温和上行；主板10cm涨停
2025-10-20,600892,1,82.0,4.14,2.66,False,2.66,首板，连板起点；近10日涨停3次，近期活跃；5日涨幅-3%，短期滞涨；主板10cm涨停
2025-10-21,002305,1,104.0,2.71,5.17,True,5.17,首板，连板起点；近10日涨停5次，资金反复攻击的强势股；5日涨幅27%，趋势向上；主板10cm涨停
2025-10-21,002208,1,104.0,14.31,7.55,False,7.55,首板，连板起点；近10日涨停5次，资金反复攻击的强势股；5日涨幅28%，趋势向上；主板10cm涨停
2025-10-21,600629,1,94.5,40.93,-9.99,False,-9.99,首板，连板起点；近10日涨停4次，近期活跃；5日涨幅33%，主升节奏；主板10cm涨停
2025-10-21,603389,1,92.75,40.73,5.01,True,5.01,首板，连板起点；近10日涨停4次，近期活跃；5日涨幅4%，温和上行；主板10cm涨停
2025-10-21,301563,1,84.5,197.17,5.64,False,5.64,首板，连板起点；近10日涨停3次，近期活跃；5日涨幅43%，主升节奏；20cm大板涨停，弹性大
2025-10-22,002084,1,93.5,4.9,-10.0,False,-10.0,首板，连板起点；近10日涨停4次，近期活跃；5日涨幅13%，温和上行；主板10cm涨停
2025-10-22,603933,1,84.5,23.43,-9.99,False,-9.99,首板，连板起点；近10日涨停3次，近期活跃；5日涨幅42%，主升节奏；主板10cm涨停
2025-10-22,002370,1,83.5,7.7,-5.58,False,-5.58,首板，连板起点；近10日涨停3次，近期活跃；5日涨幅12%，温和上行；主板10cm涨停
2025-10-22,600381,1,68.5,5.45,2.39,False,2.39,首板，连板起点；近10日涨停2次，有一定活跃度；5日涨幅17%，趋势向上；主板10cm涨停
2025-10-22,603398,1,67.75,8.19,0.0,False,0.0,首板，连板起点；近10日涨停2次，有一定活跃度；5日涨幅7%，温和上行；主板10cm涨停
2025-10-23,002713,1,104.0,9.42,4.67,False,4.67,首板，连板起点；近10日涨停8次，资金反复攻击的强势股；5日涨幅23%，趋势向上；主板10cm涨停
2025-10-23,000004,1,92.75,13.8,-2.61,False,-2.61,首板，连板起点；近10日涨停4次，近期活跃；5日涨幅7%，温和上行；主板10cm涨停
2025-10-23,600408,1,83.5,3.19,-10.03,False,-10.03,首板，连板起点；近10日涨停3次，近期活跃；5日涨幅18%，趋势向上；主板10cm涨停
2025-10-23,601611,1,82.75,12.42,7.0,False,7.0,首板，连板起点；近10日涨停3次，近期活跃；5日涨幅9%，温和上行；主板10cm涨停
2025-10-23,000592,1,69.0,4.13,9.93,True,9.93,首板，连板起点；近10日涨停2次，有一定活跃度；5日涨幅23%，趋势向上；主板10cm涨停
2025-10-24,603389,1,102.75,44.91,3.61,False,3.61,首板，连板起点；近10日涨停6次，资金反复攻击的强势股；5日涨幅10%，温和上行；主板10cm涨停
2025-10-24,002084,1,93.5,4.85,-2.27,False,-2.27,首板，连板起点；近10日涨停4次，近期活跃；5日涨幅17%，趋势向上；主板10cm涨停
2025-10-24,002816,1,83.5,23.94,0.17,False,0.17,首板，连板起点；近10日涨停3次，近期活跃；5日涨幅10%，温和上行；主板10cm涨停
2025-10-24,001267,1,69.5,19.61,9.99,True,9.99,首板，连板起点；近10日涨停2次，有一定活跃度；5日涨幅33%，主升节奏；主板10cm涨停
2025-10-24,000637,1,69.0,5.15,-4.47,False,-4.47,首板，连板起点；近10日涨停2次，有一定活跃度；5日涨幅23%，趋势向上；主板10cm涨停
2025-10-27,002713,1,104.0,10.35,-5.02,False,-5.02,首板，连板起点；近10日涨停7次，资金反复攻击的强势股；5日涨幅24%，趋势向上；主板10cm涨停
2025-10-27,605188,1,104.0,23.1,4.42,False,4.42,首板，连板起点；近10日涨停5次，资金反复攻击的强势股；5日涨幅25%，趋势向上；主板10cm涨停
2025-10-27,002278,1,95.0,15.88,-9.57,False,-9.57,首板，连板起点；近10日涨停4次，近期活跃；5日涨幅56%，主升节奏；主板10cm涨停
2025-10-27,600735,1,93.5,6.02,4.98,True,4.98,首板，连板起点；近10日涨停4次，近期活跃；5日涨幅14%，温和上行；主板10cm涨停
2025-10-27,601608,1,84.0,7.57,2.38,False,2.38,首板，连板起点；近10日涨停3次，近期活跃；5日涨幅21%，趋势向上；主板10cm涨停
2025-10-28,002305,1,102.0,2.69,-4.83,False,-4.83,首板，连板起点；近10日涨停6次，资金反复攻击的强势股；5日涨幅-1%，短期滞涨；主板10cm涨停
2025-10-28,002717,1,93.5,1.94,2.58,False,2.58,首板，连板起点；近10日涨停4次，近期活跃；5日涨幅19%，趋势向上；主板10cm涨停
2025-10-28,600408,1,92.75,3.23,9.91,True,9.91,首板，连板起点；近10日涨停4次，近期活跃；5日涨幅7%，温和上行；主板10cm涨停
2025-10-28,603232,1,84.5,22.21,5.13,False,5.13,首板，连板起点；近10日涨停3次，近期活跃；5日涨幅34%，主升节奏；主板10cm涨停
2025-10-28,002528,1,67.75,3.2,-4.06,False,-4.06,首板，连板起点；近10日涨停2次，有一定活跃度；5日涨幅6%，温和上行；主板10cm涨停
2025-10-29,002713,1,103.5,10.32,5.04,True,5.04,首板，连板起点；近10日涨停6次，资金反复攻击的强势股；5日涨幅15%，趋势向上；主板10cm涨停
2025-10-29,600021,1,84.0,30.14,0.17,False,0.17,首板，连板起点；近10日涨停3次，近期活跃；5日涨幅27%，趋势向上；主板10cm涨停
2025-10-29,600748,1,82.0,6.88,3.05,False,3.05,首板，连板起点；近10日涨停3次，近期活跃；5日涨幅-11%，短期滞涨；主板10cm涨停
2025-10-29,002160,1,69.0,5.68,10.04,True,10.04,首板，连板起点；近10日涨停2次，有一定活跃度；5日涨幅26%，趋势向上；主板10cm涨停
2025-10-29,601126,1,68.5,29.46,-1.36,False,-1.36,首板，连板起点；近10日涨停2次，有一定活跃度；5日涨幅12%，温和上行；主板10cm涨停
2025-10-30,603232,1,84.5,25.69,-8.91,False,-8.91,首板，连板起点；近10日涨停3次，近期活跃；5日涨幅45%，主升节奏；主板10cm涨停
2025-10-30,603828,1,82.75,6.3,5.08,True,5.08,首板，连板起点；近10日涨停3次，近期活跃；5日涨幅5%，温和上行；主板10cm涨停
2025-10-30,002005,1,67.75,2.6,-1.15,False,-1.15,首板，连板起点；近10日涨停2次，有一定活跃度；5日涨幅5%，温和上行；主板10cm涨停
2025-10-30,603398,1,67.0,7.35,4.9,True,4.9,首板，连板起点；近10日涨停2次，有一定活跃度；5日涨幅-10%，短期滞涨；主板10cm涨停
2025-10-30,300745,1,44.5,29.82,-5.3,False,-5.3,首板，连板起点；近期首次活跃，缺乏涨停惯性；5日涨幅30%，主升节奏；20cm大板涨停，弹性大
2025-10-31,000592,1,105.0,7.08,10.03,True,10.03,首板，连板起点；近10日涨停7次，资金反复攻击的强势股；5日涨幅56%，主升节奏；主板10cm涨停
2025-10-31,002305,1,92.0,2.59,3.86,False,3.86,首板，连板起点；近10日涨停4次，近期活跃；5日涨幅-4%，短期滞涨；主板10cm涨停
2025-10-31,300300,1,85.0,10.25,5.46,False,5.46,首板，连板起点；近10日涨停3次，近期活跃；5日涨幅61%，主升节奏；20cm大板涨停，弹性大
2025-10-31,002485,1,67.75,4.07,4.91,True,4.91,首板，连板起点；近10日涨停2次，有一定活跃度；5日涨幅5%，温和上行；主板10cm涨停
2025-10-31,000820,1,67.75,2.78,5.04,True,5.04,首板，连板起点；近10日涨停2次，有一定活跃度；5日涨幅0%，温和上行；主板10cm涨停
2025-11-03,000620,1,102.0,2.73,9.89,True,9.89,首板，连板起点；近10日涨停6次，资金反复攻击的强势股；5日涨幅-6%，短期滞涨；主板10cm涨停
2025-11-03,600408,1,93.5,3.42,9.94,True,9.94,首板，连板起点；近10日涨停4次，近期活跃；5日涨幅16%，趋势向上；主板10cm涨停
2025-11-03,000555,1,84.5,20.85,5.04,False,5.04,首板，连板起点；近10日涨停3次，近期活跃；5日涨幅37%，主升节奏；主板10cm涨停
2025-11-03,002005,1,83.5,2.7,0.37,False,0.37,首板，连板起点；近10日涨停3次，近期活跃；5日涨幅11%，温和上行；主板10cm涨停
2025-11-03,002418,1,69.0,5.23,2.1,False,2.1,首板，连板起点；近10日涨停2次，有一定活跃度；5日涨幅24%，趋势向上；主板10cm涨停
2025-11-04,002512,1,92.0,5.15,2.72,False,2.72,首板，连板起点；近10日涨停4次，近期活跃；5日涨幅-5%，短期滞涨；主板10cm涨停
2025-11-04,603686,1,84.5,33.47,2.48,False,2.48,首板，连板起点；近10日涨停3次，近期活跃；5日涨幅38%，主升节奏；主板10cm涨停
2025-11-04,603067,1,84.5,28.06,7.23,False,7.23,首板，连板起点；近10日涨停3次，近期活跃；5日涨幅42%，主升节奏；主板10cm涨停
2025-11-04,300300,1,84.5,12.97,-5.17,False,-5.17,首板，连板起点；近10日涨停3次，近期活跃；5日涨幅41%，主升节奏；20cm大板涨停，弹性大
2025-11-04,000593,1,83.5,10.23,-3.71,False,-3.71,首板，连板起点；近10日涨停3次，近期活跃；5日涨幅17%，趋势向上；主板10cm涨停
2025-11-05,002076,1,83.5,2.34,-5.13,False,-5.13,首板，连板起点；近10日涨停3次，近期活跃；5日涨幅12%，温和上行；主板10cm涨停
2025-11-05,000820,1,83.5,3.11,5.14,True,5.14,首板，连板起点；近10日涨停3次，近期活跃；5日涨幅16%，趋势向上；主板10cm涨停
2025-11-05,002163,1,69.5,16.52,-4.36,False,-4.36,首板，连板起点；近10日涨停2次，有一定活跃度；5日涨幅38%，主升节奏；主板10cm涨停
2025-11-05,002150,1,68.5,22.76,3.25,False,3.25,首板，连板起点；近10日涨停2次，有一定活跃度；5日涨幅18%，趋势向上；主板10cm涨停
2025-11-05,000657,1,67.75,25.05,0.2,False,0.2,首板，连板起点；近10日涨停2次，有一定活跃度；5日涨幅1%，温和上行；主板10cm涨停
2025-11-06,002160,1,92.75,6.27,-4.31,False,-4.31,首板，连板起点；近10日涨停4次，近期活跃；5日涨幅0%，温和上行；主板10cm涨停
2025-11-06,603232,1,92.0,25.54,4.82,False,4.82,首板，连板起点；近10日涨停4次，近期活跃；5日涨幅-1%，短期滞涨；主板10cm涨停
2025-11-06,603067,1,84.5,33.1,0.3,False,0.3,首板，连板起点；近10日涨停3次，近期活跃；5日涨幅38%，主升节奏；主板10cm涨停
2025-11-06,001203,1,84.0,21.44,8.86,False,8.86,首板，连板起点；近10日涨停3次，近期活跃；5日涨幅21%，趋势向上；主板10cm涨停
2025-11-06,603516,1,69.5,226.93,4.87,False,4.87,首板，连板起点；近10日涨停2次，有一定活跃度；5日涨幅30%，主升节奏；主板10cm涨停
2025-11-07,000572,1,95.0,9.9,2.53,False,2.53,首板，连板起点；近10日涨停4次，近期活跃；5日涨幅50%，主升节奏；主板10cm涨停
2025-11-07,000753,1,93.5,10.02,0.9,False,0.9,首板，连板起点；近10日涨停4次，近期活跃；5日涨幅17%，趋势向上；主板10cm涨停
2025-11-07,603169,1,84.5,11.72,-2.56,False,-2.56,首板，连板起点；近10日涨停3次，近期活跃；5日涨幅35%，主升节奏；主板10cm涨停
2025-11-07,603398,1,82.75,8.26,1.69,False,1.69,首板，连板起点；近10日涨停3次，近期活跃；5日涨幅7%，温和上行；主板10cm涨停
2025-11-07,603828,1,82.75,6.89,4.93,True,4.93,首板，连板起点；近10日涨停3次，近期活跃；5日涨幅4%，温和上行；主板10cm涨停
2025-11-10,000620,1,104.0,3.48,-2.87,False,-2.87,首板，连板起点；近10日涨停5次，资金反复攻击的强势股；5日涨幅27%，趋势向上；主板10cm涨停
2025-11-10,002047,1,103.5,3.73,-4.02,False,-4.02,首板，连板起点；近10日涨停9次，资金反复攻击的强势股；5日涨幅15%，趋势向上；主板10cm涨停
2025-11-10,000993,1,103.5,15.29,-5.3,False,-5.3,首板，连板起点；近10日涨停6次，资金反复攻击的强势股；5日涨幅19%，趋势向上；主板10cm涨停
2025-11-10,603021,1,102.75,5.37,-1.68,False,-1.68,首板，连板起点；近10日涨停5次，资金反复攻击的强势股；5日涨幅6%，温和上行；主板10cm涨停
2025-11-10,600735,1,102.0,6.96,-5.03,False,-5.03,首板，连板起点；近10日涨停6次，资金反复攻击的强势股；5日涨幅-9%，短期滞涨；主板10cm涨停
2025-11-11,603122,1,105.0,18.26,10.02,True,10.02,首板，连板起点；近10日涨停9次，资金反复攻击的强势股；5日涨幅54%，主升节奏；主板10cm涨停
2025-11-11,600408,1,104.0,4.7,10.0,True,10.0,首板，连板起点；近10日涨停5次，资金反复攻击的强势股；5日涨幅25%，趋势向上；主板10cm涨停
2025-11-11,002196,1,94.5,15.98,5.88,False,5.88,首板，连板起点；近10日涨停4次，近期活跃；5日涨幅42%，主升节奏；主板10cm涨停
2025-11-11,603398,1,93.5,8.82,-4.99,False,-4.99,首板，连板起点；近10日涨停4次，近期活跃；5日涨幅12%，温和上行；主板10cm涨停
2025-11-11,603686,1,82.75,35.1,-4.27,False,-4.27,首板，连板起点；近10日涨停3次，近期活跃；5日涨幅5%，温和上行；主板10cm涨停
2025-11-12,002047,1,102.75,3.76,5.05,True,5.05,首板，连板起点；近10日涨停8次，资金反复攻击的强势股；5日涨幅6%，温和上行；主板10cm涨停
2025-11-12,002759,1,94.5,46.71,3.66,False,3.66,首板，连板起点；近10日涨停4次，近期活跃；5日涨幅40%，主升节奏；主板10cm涨停
2025-11-12,000593,1,83.5,11.44,-8.22,False,-8.22,首板，连板起点；近10日涨停3次，近期活跃；5日涨幅16%，趋势向上；主板10cm涨停
2025-11-12,603557,1,82.75,2.71,5.17,True,5.17,首板，连板起点；近10日涨停3次，近期活跃；5日涨幅9%，温和上行；主板10cm涨停
2025-11-12,605598,1,69.5,42.15,0.07,False,0.07,首板，连板起点；近10日涨停2次，有一定活跃度；5日涨幅33%，主升节奏；主板10cm涨停
2025-11-13,000572,1,103.5,10.04,8.96,False,8.96,首板，连板起点；近10日涨停5次，资金反复攻击的强势股；5日涨幅12%，温和上行；主板10cm涨停
2025-11-13,603021,1,102.75,5.49,4.92,True,4.92,首板，连板起点；近10日涨停6次，资金反复攻击的强势股；5日涨幅2%，温和上行；主板10cm涨停
2025-11-13,000592,1,93.5,9.89,10.01,True,10.01,首板，连板起点；近10日涨停4次，近期活跃；5日涨幅16%，趋势向上；主板10cm涨停
2025-11-13,001203,1,83.5,25.53,9.99,True,9.99,首板，连板起点；近10日涨停3次，近期活跃；5日涨幅19%，趋势向上；主板10cm涨停
2025-11-13,000533,1,83.5,10.37,-10.03,False,-10.03,首板，连板起点；近10日涨停3次，近期活跃；5日涨幅19%，趋势向上；主板10cm涨停
2025-11-14,000820,1,102.75,3.5,5.14,True,5.14,首板，连板起点；近10日涨停5次，资金反复攻击的强势股；5日涨幅9%，温和上行；主板10cm涨停
2025-11-14,002485,1,102.0,4.73,-2.11,False,-2.11,首板，连板起点；近10日涨停6次，资金反复攻击的强势股；5日涨幅-9%，短期滞涨；主板10cm涨停
2025-11-14,000620,1,93.5,3.48,10.06,True,10.06,首板，连板起点；近10日涨停4次，近期活跃；5日涨幅10%，温和上行；主板10cm涨停
2025-11-14,688670,1,70.0,28.03,-7.06,False,-7.06,首板，连板起点；近10日涨停2次，有一定活跃度；5日涨幅62%，主升节奏；20cm大板涨停，弹性大
2025-11-14,002317,1,69.0,26.0,2.0,False,2.0,首板，连板起点；近10日涨停2次，有一定活跃度；5日涨幅24%，趋势向上；主板10cm涨停
2025-11-17,600815,1,93.5,4.58,-4.59,False,-4.59,首板，连板起点；近10日涨停4次，近期活跃；5日涨幅14%，温和上行；主板10cm涨停
2025-11-17,000688,1,84.5,27.74,-2.13,False,-2.13,首板，连板起点；近10日涨停3次，近期活跃；5日涨幅33%，主升节奏；主板10cm涨停
2025-11-17,002326,1,84.5,31.03,-6.96,False,-6.96,首板，连板起点；近10日涨停3次，近期活跃；5日涨幅36%，主升节奏；主板10cm涨停
2025-11-17,000608,1,83.5,2.6,5.0,True,5.0,首板，连板起点；近10日涨停3次，近期活跃；5日涨幅12%，温和上行；主板10cm涨停
2025-11-17,603398,1,82.75,8.61,4.99,True,4.99,首板，连板起点；近10日涨停3次，近期活跃；5日涨幅2%，温和上行；主板10cm涨停
2025-11-18,002047,1,104.0,4.31,-5.1,False,-5.1,首板，连板起点；近10日涨停7次，资金反复攻击的强势股；5日涨幅20%，趋势向上；主板10cm涨停
2025-11-18,000609,1,103.5,11.25,4.98,True,4.98,首板，连板起点；近10日涨停7次，资金反复攻击的强势股；5日涨幅10%，温和上行；主板10cm涨停
2025-11-18,603813,1,102.75,37.67,1.83,False,1.83,首板，连板起点；近10日涨停6次，资金反复攻击的强势股；5日涨幅4%，温和上行；主板10cm涨停
2025-11-18,002485,1,102.75,4.86,4.94,True,4.94,首板，连板起点；近10日涨停5次，资金反复攻击的强势股；5日涨幅4%，温和上行；主板10cm涨停
2025-11-18,603377,1,92.75,4.33,-3.23,False,-3.23,首板，连板起点；近10日涨停4次，近期活跃；5日涨幅3%，温和上行；主板10cm涨停
2025-11-19,603778,1,104.0,8.97,-10.03,False,-10.03,首板，连板起点；近10日涨停5次，资金反复攻击的强势股；5日涨幅28%，趋势向上；主板10cm涨停
2025-11-19,002713,1,103.5,18.54,-5.02,False,-5.02,首板，连板起点；近10日涨停7次，资金反复攻击的强势股；5日涨幅10%，温和上行；主板10cm涨停
2025-11-19,000908,1,102.0,8.99,1.33,False,1.33,首板，连板起点；近10日涨停6次，资金反复攻击的强势股；5日涨幅-1%，短期滞涨；主板10cm涨停
2025-11-19,002208,1,84.0,14.54,-5.23,False,-5.23,首板，连板起点；近10日涨停3次，近期活跃；5日涨幅24%，趋势向上；主板10cm涨停
2025-11-19,002255,1,83.5,13.92,-3.74,False,-3.74,首板，连板起点；近10日涨停3次，近期活跃；5日涨幅12%，温和上行；主板10cm涨停
2025-11-20,603122,1,103.5,26.18,-10.01,False,-10.01,首板，连板起点；近10日涨停5次，资金反复攻击的强势股；5日涨幅18%，趋势向上；主板10cm涨停
2025-11-20,603813,1,102.75,40.28,-4.92,False,-4.92,首板，连板起点；近10日涨停7次，资金反复攻击的强势股；5日涨幅1%，温和上行；主板10cm涨停
2025-11-20,600107,1,82.75,7.82,-3.84,False,-3.84,首板，连板起点；近10日涨停3次，近期活跃；5日涨幅8%，温和上行；主板10cm涨停
2025-11-20,603978,1,82.0,34.91,-10.0,False,-10.0,首板，连板起点；近10日涨停3次，近期活跃；5日涨幅-10%，短期滞涨；主板10cm涨停
2025-11-20,000566,1,69.0,7.92,5.81,False,5.81,首板，连板起点；近10日涨停2次，有一定活跃度；5日涨幅29%，趋势向上；主板10cm涨停
2025-11-21,001216,1,94.5,22.44,-9.98,False,-9.98,首板，连板起点；近10日涨停4次，近期活跃；5日涨幅32%，主升节奏；主板10cm涨停
2025-11-21,603829,1,69.0,25.94,-9.98,False,-9.98,首板，连板起点；近10日涨停2次，有一定活跃度；5日涨幅30%，趋势向上；主板10cm涨停
2025-11-21,301171,1,44.5,39.97,7.78,False,7.78,首板，连板起点；近期首次活跃，缺乏涨停惯性；5日涨幅37%，主升节奏；20cm大板涨停，弹性大
2025-11-21,688227,1,44.0,49.02,19.99,True,19.99,首板，连板起点；近期首次活跃，缺乏涨停惯性；5日涨幅27%，趋势向上；20cm大板涨停，弹性大
2025-11-21,002279,1,44.0,8.94,9.96,True,9.96,首板，连板起点；近期首次活跃，缺乏涨停惯性；5日涨幅22%，趋势向上；主板10cm涨停
2025-11-24,000547,1,104.5,13.64,3.37,False,3.37,首板，连板起点；近10日涨停5次，资金反复攻击的强势股；5日涨幅32%，主升节奏；主板10cm涨停
2025-11-24,603778,1,102.75,8.09,10.01,True,10.01,首板，连板起点；近10日涨停6次，资金反复攻击的强势股；5日涨幅2%，温和上行；主板10cm涨停
2025-11-24,600568,1,92.75,2.45,4.9,True,4.9,首板，连板起点；近10日涨停4次，近期活跃；5日涨幅2%，温和上行；主板10cm涨停
2025-11-24,000663,1,83.5,10.21,-2.15,False,-2.15,首板，连板起点；近10日涨停3次，近期活跃；5日涨幅13%，温和上行；主板10cm涨停
2025-11-24,603021,1,82.0,5.34,0.56,False,0.56,首板，连板起点；近10日涨停3次，近期活跃；5日涨幅-10%，短期滞涨；主板10cm涨停
2025-11-25,002474,1,104.5,13.71,-9.99,False,-9.99,首板，连板起点；近10日涨停5次，资金反复攻击的强势股；5日涨幅47%，主升节奏；主板10cm涨停
2025-11-25,003041,1,104.0,59.84,-1.37,False,-1.37,首板，连板起点；近10日涨停6次，资金反复攻击的强势股；5日涨幅21%，趋势向上；主板10cm涨停
2025-11-25,000609,1,103.5,12.68,4.97,True,4.97,首板，连板起点；近10日涨停5次，资金反复攻击的强势股；5日涨幅13%，温和上行；主板10cm涨停
2025-11-25,603813,1,102.75,38.98,3.49,False,3.49,首板，连板起点；近10日涨停5次，资金反复攻击的强势股；5日涨幅3%，温和上行；主板10cm涨停
2025-11-25,002868,1,102.0,41.78,5.0,True,5.0,首板，连板起点；近10日涨停6次，资金反复攻击的强势股；5日涨幅-7%，短期滞涨；主板10cm涨停
2025-11-26,600107,1,92.75,7.95,1.76,False,1.76,首板，连板起点；近10日涨停4次，近期活跃；5日涨幅7%，温和上行；主板10cm涨停
2025-11-26,600829,1,92.0,13.18,-4.17,False,-4.17,首板，连板起点；近10日涨停4次，近期活跃；5日涨幅-17%，短期滞涨；主板10cm涨停
2025-11-26,002153,1,84.0,13.53,-9.98,False,-9.98,首板，连板起点；近10日涨停3次，近期活跃；5日涨幅20%，趋势向上；主板10cm涨停
2025-11-26,600693,1,82.75,9.67,1.14,False,1.14,首板，连板起点；近10日涨停3次，近期活跃；5日涨幅2%，温和上行；主板10cm涨停
2025-11-26,601116,1,68.5,17.49,-4.57,False,-4.57,首板，连板起点；近10日涨停2次，有一定活跃度；5日涨幅15%，温和上行；主板10cm涨停
2025-11-27,603216,1,104.5,26.05,10.02,True,10.02,首板，连板起点；近10日涨停5次，资金反复攻击的强势股；5日涨幅37%，主升节奏；主板10cm涨停
2025-11-27,603778,1,104.5,10.54,9.96,True,9.96,首板，连板起点；近10日涨停5次，资金反复攻击的强势股；5日涨幅31%，主升节奏；主板10cm涨停
2025-11-27,002083,1,82.75,10.74,-5.31,False,-5.31,首板，连板起点；近10日涨停3次，近期活跃；5日涨幅5%，温和上行；主板10cm涨停
2025-11-27,603353,1,82.0,30.03,9.99,True,9.99,首板，连板起点；近10日涨停3次，近期活跃；5日涨幅-10%，短期滞涨；主板10cm涨停
2025-11-27,002728,1,69.0,14.97,-6.41,False,-6.41,首板，连板起点；近10日涨停2次，有一定活跃度；5日涨幅23%，趋势向上；主板10cm涨停
2025-11-28,600568,1,103.5,2.71,5.17,True,5.17,首板，连板起点；近10日涨停5次，资金反复攻击的强势股；5日涨幅16%，趋势向上；主板10cm涨停
2025-11-28,000547,1,102.75,13.51,9.99,True,9.99,首板，连板起点；近10日涨停6次，资金反复攻击的强势股；5日涨幅9%，温和上行；主板10cm涨停
2025-11-28,002413,1,84.5,7.66,10.05,True,10.05,首板，连板起点；近10日涨停3次，近期活跃；5日涨幅32%，主升节奏；主板10cm涨停
2025-11-28,000668,1,82.75,12.48,-4.97,False,-4.97,首板，连板起点；近10日涨停3次，近期活跃；5日涨幅8%，温和上行；主板10cm涨停
2025-11-28,002795,1,69.0,6.94,-4.18,False,-4.18,首板，连板起点；近10日涨停2次，有一定活跃度；5日涨幅23%，趋势向上；主板10cm涨停
2025-12-01,600734,1,103.5,5.59,6.08,False,6.08,首板，连板起点；近10日涨停5次，资金反复攻击的强势股；5日涨幅10%，温和上行；主板10cm涨停
2025-12-01,000859,1,92.0,8.39,10.01,True,10.01,首板，连板起点；近10日涨停4次，近期活跃；5日涨幅-12%，短期滞涨；主板10cm涨停
2025-12-01,002789,1,82.75,11.12,-4.59,False,-4.59,首板，连板起点；近10日涨停3次，近期活跃；5日涨幅3%，温和上行；主板10cm涨停
2025-12-01,002356,1,68.5,4.57,3.06,False,3.06,首板，连板起点；近10日涨停2次，有一定活跃度；5日涨幅14%，温和上行；主板10cm涨停
2025-12-01,002114,1,68.5,9.02,-2.11,False,-2.11,首板，连板起点；近10日涨停2次，有一定活跃度；5日涨幅12%，温和上行；主板10cm涨停
2025-12-02,603216,1,104.5,33.66,-10.01,False,-10.01,首板，连板起点；近10日涨停7次，资金反复攻击的强势股；5日涨幅33%，主升节奏；主板10cm涨停
2025-12-02,002474,1,102.0,12.3,-9.27,False,-9.27,首板，连板起点；近10日涨停5次，资金反复攻击的强势股；5日涨幅-10%，短期滞涨；主板10cm涨停
2025-12-02,000609,1,102.0,11.98,-5.01,False,-5.01,首板，连板起点；近10日涨停5次，资金反复攻击的强势股；5日涨幅-6%，短期滞涨；主板10cm涨停
2025-12-02,600828,1,94.5,6.53,-9.95,False,-9.95,首板，连板起点；近10日涨停4次，近期活跃；5日涨幅41%，主升节奏；主板10cm涨停
2025-12-02,002285,1,83.5,3.34,-3.59,False,-3.59,首板，连板起点；近10日涨停3次，近期活跃；5日涨幅18%，趋势向上；主板10cm涨停
2025-12-03,603268,1,83.5,81.21,1.61,False,1.61,首板，连板起点；近10日涨停3次，近期活跃；5日涨幅16%，趋势向上；主板10cm涨停
2025-12-03,002519,1,69.5,6.52,-8.28,False,-8.28,首板，连板起点；近10日涨停2次，有一定活跃度；5日涨幅39%，主升节奏；主板10cm涨停
2025-12-03,603353,1,69.5,35.63,-1.21,False,-1.21,首板，连板起点；近10日涨停2次，有一定活跃度；5日涨幅31%，主升节奏；主板10cm涨停
2025-12-03,002353,1,69.0,65.91,1.18,False,1.18,首板，连板起点；近10日涨停2次，有一定活跃度；5日涨幅28%，趋势向上；主板10cm涨停
2025-12-03,000838,1,68.5,3.89,0.77,False,0.77,首板，连板起点；近10日涨停2次，有一定活跃度；5日涨幅13%，温和上行；主板10cm涨停
2025-12-04,600568,1,103.5,2.96,-3.72,False,-3.72,首板，连板起点；近10日涨停5次，资金反复攻击的强势股；5日涨幅15%，温和上行；主板10cm涨停
2025-12-04,603933,1,94.5,28.71,3.13,False,3.13,首板，连板起点；近10日涨停4次，近期活跃；5日涨幅37%，主升节奏；主板10cm涨停
2025-12-04,000510,1,83.5,10.03,3.79,False,3.79,首板，连板起点；近10日涨停3次，近期活跃；5日涨幅18%，趋势向上；主板10cm涨停
2025-12-04,002512,1,68.5,6.33,2.37,False,2.37,首板，连板起点；近10日涨停2次，有一定活跃度；5日涨幅12%，温和上行；主板10cm涨停
2025-12-04,600635,1,67.0,8.22,-9.73,False,-9.73,首板，连板起点；近10日涨停2次，有一定活跃度；5日涨幅-1%，短期滞涨；主板10cm涨停
2025-12-05,002702,1,104.5,9.55,6.81,False,6.81,首板，连板起点；近10日涨停6次，资金反复攻击的强势股；5日涨幅32%，主升节奏；主板10cm涨停
2025-12-05,000078,1,104.0,5.29,-2.84,False,-2.84,首板，连板起点；近10日涨停8次，资金反复攻击的强势股；5日涨幅29%，趋势向上；主板10cm涨停
2025-12-05,600734,1,103.5,6.09,10.02,True,10.02,首板，连板起点；近10日涨停5次，资金反复攻击的强势股；5日涨幅20%，趋势向上；主板10cm涨停
2025-12-05,000547,1,95.0,20.57,6.95,False,6.95,首板，连板起点；近10日涨停4次，近期活跃；5日涨幅52%，主升节奏；主板10cm涨停
2025-12-05,002565,1,94.5,11.9,10.0,True,10.0,首板，连板起点；近10日涨停4次，近期活跃；5日涨幅48%，主升节奏；主板10cm涨停
2025-12-08,002792,1,94.0,32.42,-8.3,False,-8.3,首板，连板起点；近10日涨停4次，近期活跃；5日涨幅24%，趋势向上；主板10cm涨停
2025-12-08,002512,1,83.5,7.13,9.96,True,9.96,首板，连板起点；近10日涨停3次，近期活跃；5日涨幅19%，趋势向上；主板10cm涨停
2025-12-08,600337,1,67.75,2.98,0.34,False,0.34,首板，连板起点；近10日涨停2次，有一定活跃度；5日涨幅10%，温和上行；主板10cm涨停
2025-12-08,002474,1,67.75,11.54,-4.16,False,-4.16,首板，连板起点；近10日涨停2次，有一定活跃度；5日涨幅3%，温和上行；主板10cm涨停
2025-12-08,002789,1,67.0,10.63,-0.56,False,-0.56,首板，连板起点；近10日涨停2次，有一定活跃度；5日涨幅-4%，短期滞涨；主板10cm涨停
2025-12-09,002413,1,102.75,9.78,-7.16,False,-7.16,首板，连板起点；近10日涨停5次，资金反复攻击的强势股；5日涨幅6%，温和上行；主板10cm涨停
2025-12-09,600828,1,102.0,6.48,10.03,True,10.03,首板，连板起点；近10日涨停5次，资金反复攻击的强势股；5日涨幅-1%，短期滞涨；主板10cm涨停
2025-12-09,600151,1,94.5,14.83,-3.71,False,-3.71,首板，连板起点；近10日涨停4次，近期活跃；5日涨幅45%，主升节奏；主板10cm涨停
2025-12-09,301517,1,44.5,62.77,-5.08,False,-5.08,首板，连板起点；近期首次活跃，缺乏涨停惯性；5日涨幅32%，主升节奏；20cm大板涨停，弹性大
2025-12-09,688205,1,44.5,165.02,4.78,False,4.78,首板，连板起点；近期首次活跃，缺乏涨停惯性；5日涨幅32%，主升节奏；20cm大板涨停，弹性大
2025-12-10,001270,1,84.0,55.52,5.01,True,5.01,首板，连板起点；近10日涨停3次，近期活跃；5日涨幅21%，趋势向上；主板10cm涨停
2025-12-10,603216,1,83.5,34.39,-3.37,False,-3.37,首板，连板起点；近10日涨停3次，近期活跃；5日涨幅14%，温和上行；主板10cm涨停
2025-12-10,000004,1,82.75,11.94,-5.03,False,-5.03,首板，连板起点；近10日涨停3次，近期活跃；5日涨幅2%，温和上行；主板10cm涨停
2025-12-10,603268,1,82.75,83.0,-2.16,False,-2.16,首板，连板起点；近10日涨停3次，近期活跃；5日涨幅2%，温和上行；主板10cm涨停
2025-12-10,001360,1,69.5,22.77,3.6,False,3.6,首板，连板起点；近10日涨停2次，有一定活跃度；5日涨幅30%，主升节奏；主板10cm涨停
2025-12-11,000859,1,83.5,9.77,2.87,False,2.87,首板，连板起点；近10日涨停3次，近期活跃；5日涨幅18%，趋势向上；主板10cm涨停
2025-12-11,002519,1,83.5,6.88,-3.92,False,-3.92,首板，连板起点；近10日涨停3次，近期活跃；5日涨幅15%，趋势向上；主板10cm涨停
2025-12-11,600250,1,69.5,13.06,-4.29,False,-4.29,首板，连板起点；近10日涨停2次，有一定活跃度；5日涨幅30%，主升节奏；主板10cm涨停
2025-12-11,600343,1,69.5,36.47,10.01,True,10.01,首板，连板起点；近10日涨停2次，有一定活跃度；5日涨幅42%，主升节奏；主板10cm涨停
2025-12-11,000035,1,67.0,6.11,-0.49,False,-0.49,首板，连板起点；近10日涨停2次，有一定活跃度；5日涨幅-1%，短期滞涨；主板10cm涨停
2025-12-12,002565,1,104.5,15.95,1.76,False,1.76,首板，连板起点；近10日涨停6次，资金反复攻击的强势股；5日涨幅34%，主升节奏；主板10cm涨停
2025-12-12,002682,1,104.5,10.85,9.95,True,9.95,首板，连板起点；近10日涨停6次，资金反复攻击的强势股；5日涨幅38%，主升节奏；主板10cm涨停
2025-12-12,600151,1,103.5,15.4,10.0,True,10.0,首板，连板起点；近10日涨停5次，资金反复攻击的强势股；5日涨幅13%，温和上行；主板10cm涨停
2025-12-12,002300,1,92.75,10.69,10.01,True,10.01,首板，连板起点；近10日涨停4次，近期活跃；5日涨幅3%，温和上行；主板10cm涨停
2025-12-12,001330,1,85.0,13.35,-9.96,False,-9.96,首板，连板起点；近10日涨停3次，近期活跃；5日涨幅52%，主升节奏；主板10cm涨停
2025-12-15,600693,1,104.5,16.39,7.32,False,7.32,首板，连板起点；近10日涨停5次，资金反复攻击的强势股；5日涨幅46%，主升节奏；主板10cm涨停
2025-12-15,000950,1,93.5,6.79,-3.09,False,-3.09,首板，连板起点；近10日涨停4次，近期活跃；5日涨幅16%，趋势向上；主板10cm涨停
2025-12-15,002413,1,83.5,9.98,-3.01,False,-3.01,首板，连板起点；近10日涨停3次，近期活跃；5日涨幅12%，温和上行；主板10cm涨停
2025-12-15,002792,1,82.0,32.01,10.0,True,10.0,首板，连板起点；近10日涨停3次，近期活跃；5日涨幅-1%，短期滞涨；主板10cm涨停
2025-12-15,601828,1,68.5,2.88,3.13,False,3.13,首板，连板起点；近10日涨停2次，有一定活跃度；5日涨幅13%，温和上行；主板10cm涨停
2025-12-16,603696,1,102.0,22.64,-9.98,False,-9.98,首板，连板起点；近10日涨停6次，资金反复攻击的强势股；5日涨幅-4%，短期滞涨；主板10cm涨停
2025-12-16,600828,1,83.5,7.17,-9.9,False,-9.9,首板，连板起点；近10日涨停3次，近期活跃；5日涨幅11%，温和上行；主板10cm涨停
2025-12-16,601933,1,83.5,5.56,-3.24,False,-3.24,首板，连板起点；近10日涨停3次，近期活跃；5日涨幅17%，趋势向上；主板10cm涨停
2025-12-16,600280,1,68.5,4.62,-8.01,False,-8.01,首板，连板起点；近10日涨停2次，有一定活跃度；5日涨幅14%，温和上行；主板10cm涨停
2025-12-16,002285,1,68.5,3.38,-1.18,False,-1.18,首板，连板起点；近10日涨停2次，有一定活跃度；5日涨幅17%，趋势向上；主板10cm涨停
2025-12-17,601399,1,93.5,5.32,-1.88,False,-1.88,首板，连板起点；近10日涨停4次，近期活跃；5日涨幅12%，温和上行；主板10cm涨停
2025-12-17,600250,1,83.5,13.29,10.01,True,10.01,首板，连板起点；近10日涨停3次，近期活跃；5日涨幅12%，温和上行；主板10cm涨停
2025-12-17,003031,1,82.75,74.88,0.49,False,0.49,首板，连板起点；近10日涨停3次，近期活跃；5日涨幅4%，温和上行；主板10cm涨停
2025-12-17,002837,1,44.0,92.95,1.29,False,1.29,首板，连板起点；近期首次活跃，缺乏涨停惯性；5日涨幅21%，趋势向上；主板10cm涨停
2025-12-17,300551,1,44.0,16.8,-0.6,False,-0.6,首板，连板起点；近期首次活跃，缺乏涨停惯性；5日涨幅23%，趋势向上；20cm大板涨停，弹性大
2025-12-18,002149,1,94.5,34.29,10.0,True,10.0,首板，连板起点；近10日涨停4次，近期活跃；5日涨幅30%，主升节奏；主板10cm涨停
2025-12-18,000950,1,92.75,6.86,-0.29,False,-0.29,首板，连板起点；近10日涨停4次，近期活跃；5日涨幅1%，温和上行；主板10cm涨停
2025-12-18,001330,1,92.0,10.81,-6.85,False,-6.85,首板，连板起点；近10日涨停4次，近期活跃；5日涨幅-11%，短期滞涨；主板10cm涨停
2025-12-18,002329,1,83.5,4.53,1.1,False,1.1,首板，连板起点；近10日涨停3次，近期活跃；5日涨幅15%，温和上行；主板10cm涨停
2025-12-18,002565,1,83.5,16.69,-0.66,False,-0.66,首板，连板起点；近10日涨停3次，近期活跃；5日涨幅15%，趋势向上；主板10cm涨停
2025-12-19,002639,1,83.5,20.34,-4.47,False,-4.47,首板，连板起点；近10日涨停3次，近期活跃；5日涨幅12%，温和上行；主板10cm涨停
2025-12-19,600936,1,82.75,4.3,2.33,False,2.33,首板，连板起点；近10日涨停3次，近期活跃；5日涨幅5%，温和上行；主板10cm涨停
2025-12-19,601106,1,82.0,3.83,9.92,True,9.92,首板，连板起点；近10日涨停3次，近期活跃；5日涨幅-2%，短期滞涨；主板10cm涨停
2025-12-19,000546,1,68.5,7.48,4.14,False,4.14,首板，连板起点；近10日涨停2次，有一定活跃度；5日涨幅14%，温和上行；主板10cm涨停
2025-12-19,002105,1,67.75,7.77,-0.51,False,-0.51,首板，连板起点；近10日涨停2次，有一定活跃度；5日涨幅1%，温和上行；主板10cm涨停
2025-12-22,600693,1,103.5,18.74,4.06,False,4.06,首板，连板起点；近10日涨停5次，资金反复攻击的强势股；5日涨幅14%，温和上行；主板10cm涨停
2025-12-22,601869,1,84.5,127.05,-0.77,False,-0.77,首板，连板起点；近10日涨停3次，近期活跃；5日涨幅34%，主升节奏；主板10cm涨停
2025-12-22,002792,1,83.5,35.35,-7.64,False,-7.64,首板，连板起点；近10日涨停3次，近期活跃；5日涨幅10%，温和上行；主板10cm涨停
2025-12-22,603696,1,82.75,22.22,9.99,True,9.99,首板，连板起点；近10日涨停3次，近期活跃；5日涨幅8%，温和上行；主板10cm涨停
2025-12-22,603929,1,68.5,98.46,10.0,True,10.0,首板，连板起点；近10日涨停2次，有一定活跃度；5日涨幅13%，温和上行；主板10cm涨停
2025-12-23,000036,1,69.0,6.13,9.95,True,9.95,首板，连板起点；近10日涨停2次，有一定活跃度；5日涨幅23%，趋势向上；主板10cm涨停
2025-12-23,603698,1,68.5,30.93,9.99,True,9.99,首板，连板起点；近10日涨停2次，有一定活跃度；5日涨幅12%，温和上行；主板10cm涨停
2025-12-23,301123,1,45.0,72.53,2.03,False,2.03,首板，连板起点；近期首次活跃，缺乏涨停惯性；5日涨幅65%，主升节奏；20cm大板涨停，弹性大
2025-12-23,300726,1,44.5,52.85,6.43,False,6.43,首板，连板起点；近期首次活跃，缺乏涨停惯性；5日涨幅31%，主升节奏；20cm大板涨停，弹性大
2025-12-23,300990,1,44.5,93.0,3.6,False,3.6,首板，连板起点；近期首次活跃，缺乏涨停惯性；5日涨幅31%，主升节奏；20cm大板涨停，弹性大
2025-12-24,002703,1,94.5,20.42,3.92,False,3.92,首板，连板起点；近10日涨停4次，近期活跃；5日涨幅41%，主升节奏；主板10cm涨停
2025-12-24,600693,1,94.0,21.45,-2.52,False,-2.52,首板，连板起点；近10日涨停4次，近期活跃；5日涨幅28%，趋势向上；主板10cm涨停
2025-12-24,603601,1,94.0,11.03,9.97,True,9.97,首板，连板起点；近10日涨停4次，近期活跃；5日涨幅22%，趋势向上；主板10cm涨停
2025-12-24,603389,1,84.0,40.95,5.01,True,5.01,首板，连板起点；近10日涨停3次，近期活跃；5日涨幅23%，趋势向上；主板10cm涨停
2025-12-24,002865,1,83.5,49.01,1.78,False,1.78,首板，连板起点；近10日涨停3次，近期活跃；5日涨幅13%，温和上行；主板10cm涨停
2025-12-25,600865,1,104.0,21.7,-1.71,False,-1.71,首板，连板起点；近10日涨停6次，资金反复攻击的强势股；5日涨幅25%，趋势向上；主板10cm涨停
2025-12-25,001270,1,102.75,76.48,4.99,True,4.99,首板，连板起点；近10日涨停6次，资金反复攻击的强势股；5日涨幅3%，温和上行；主板10cm涨停
2025-12-25,001208,1,92.75,23.16,3.02,False,3.02,首板，连板起点；近10日涨停4次，近期活跃；5日涨幅9%，温和上行；主板10cm涨停
2025-12-25,002149,1,84.5,46.2,1.26,False,1.26,首板，连板起点；近10日涨停3次，近期活跃；5日涨幅35%，主升节奏；主板10cm涨停
2025-12-25,002792,1,83.5,38.18,10.01,True,10.01,首板，连板起点；近10日涨停3次，近期活跃；5日涨幅18%，趋势向上；主板10cm涨停
2025-12-26,002703,1,104.5,23.34,4.03,False,4.03,首板，连板起点；近10日涨停5次，资金反复攻击的强势股；5日涨幅33%，主升节奏；主板10cm涨停
2025-12-26,000036,1,104.0,7.81,-9.99,False,-9.99,首板，连板起点；近10日涨停6次，资金反复攻击的强势股；5日涨幅27%，趋势向上；主板10cm涨停
2025-12-26,600165,1,102.75,4.29,-2.56,False,-2.56,首板，连板起点；近10日涨停7次，资金反复攻击的强势股；5日涨幅8%，温和上行；主板10cm涨停
2025-12-26,002163,1,95.0,22.75,7.78,False,7.78,首板，连板起点；近10日涨停4次，近期活跃；5日涨幅56%，主升节奏；主板10cm涨停
2025-12-26,002865,1,93.5,54.87,5.7,False,5.7,首板，连板起点；近10日涨停4次，近期活跃；5日涨幅14%，温和上行；主板10cm涨停
2025-12-29,002592,1,68.5,8.18,5.01,True,5.01,首板，连板起点；近10日涨停2次，有一定活跃度；5日涨幅17%，趋势向上；主板10cm涨停
2025-12-29,603123,1,68.5,16.03,2.18,False,2.18,首板，连板起点；近10日涨停2次，有一定活跃度；5日涨幅13%，温和上行；主板10cm涨停
2025-12-29,002187,1,67.75,8.97,-9.81,False,-9.81,首板，连板起点；近10日涨停2次，有一定活跃度；5日涨幅6%，温和上行；主板10cm涨停
2025-12-29,605069,1,44.5,13.5,10.0,True,10.0,首板，连板起点；近期首次活跃，缺乏涨停惯性；5日涨幅33%，主升节奏；主板10cm涨停
2025-12-29,605255,1,44.5,198.2,10.0,True,10.0,首板，连板起点；近期首次活跃，缺乏涨停惯性；5日涨幅38%，主升节奏；主板10cm涨停
2025-12-30,603389,1,104.0,47.54,-5.01,False,-5.01,首板，连板起点；近10日涨停5次，资金反复攻击的强势股；5日涨幅22%，趋势向上；主板10cm涨停
2025-12-30,002168,1,82.75,4.25,-1.18,False,-1.18,首板，连板起点；近10日涨停3次，近期活跃；5日涨幅10%，温和上行；主板10cm涨停
2025-12-30,002713,1,82.0,8.55,5.03,True,5.03,首板，连板起点；近10日涨停3次，近期活跃；5日涨幅-18%，短期滞涨；主板10cm涨停
2025-12-30,600107,1,82.0,6.86,1.17,False,1.17,首板，连板起点；近10日涨停3次，近期活跃；5日涨幅-4%，短期滞涨；主板10cm涨停
2025-12-30,600376,1,69.5,6.89,-4.06,False,-4.06,首板，连板起点；近10日涨停2次，有一定活跃度；5日涨幅31%，主升节奏；主板10cm涨停
2025-12-31,002361,1,104.5,14.34,-4.46,False,-4.46,首板，连板起点；近10日涨停8次，资金反复攻击的强势股；5日涨幅32%，主升节奏；主板10cm涨停
2025-12-31,001270,1,104.0,91.67,5.0,True,5.0,首板，连板起点；近10日涨停5次，资金反复攻击的强势股；5日涨幅26%，趋势向上；主板10cm涨停
2025-12-31,600783,1,94.5,24.73,-9.99,False,-9.99,首板，连板起点；近10日涨停4次，近期活跃；5日涨幅42%，主升节奏；主板10cm涨停
2025-12-31,600118,1,94.5,94.95,4.74,False,4.74,首板，连板起点；近10日涨停4次，近期活跃；5日涨幅44%，主升节奏；主板10cm涨停
2025-12-31,002569,1,83.5,12.45,4.74,False,4.74,首板，连板起点；近10日涨停3次，近期活跃；5日涨幅11%，温和上行；主板10cm涨停
2026-01-05,002592,1,93.5,8.72,5.05,True,5.05,首板，连板起点；近10日涨停4次，近期活跃；5日涨幅13%，温和上行；主板10cm涨停
2026-01-05,603163,1,92.0,75.46,8.63,False,8.63,首板，连板起点；近10日涨停4次，近期活跃；5日涨幅-12%，短期滞涨；主板10cm涨停
2026-01-05,002571,1,84.5,12.94,-0.93,False,-0.93,首板，连板起点；近10日涨停3次，近期活跃；5日涨幅35%，主升节奏；主板10cm涨停
2026-01-05,603458,1,84.0,11.02,3.45,False,3.45,首板，连板起点；近10日涨停3次，近期活跃；5日涨幅27%，趋势向上；主板10cm涨停
2026-01-05,002759,1,83.5,51.07,0.35,False,0.35,首板，连板起点；近10日涨停3次，近期活跃；5日涨幅13%，温和上行；主板10cm涨停
2026-01-06,002969,1,105.0,15.07,0.0,False,0.0,首板，连板起点；近10日涨停8次，资金反复攻击的强势股；5日涨幅54%，主升节奏；主板10cm涨停
2026-01-06,001331,1,104.0,50.94,9.99,True,9.99,首板，连板起点；近10日涨停7次，资金反复攻击的强势股；5日涨幅21%，趋势向上；主板10cm涨停
2026-01-06,600783,1,103.5,24.49,10.0,True,10.0,首板，连板起点；近10日涨停5次，资金反复攻击的强势股；5日涨幅16%，趋势向上；主板10cm涨停
2026-01-06,603843,1,103.5,5.92,4.9,True,4.9,首板，连板起点；近10日涨停5次，资金反复攻击的强势股；5日涨幅19%，趋势向上；主板10cm涨停
2026-01-06,002289,1,102.0,29.11,5.02,True,5.02,首板，连板起点；近10日涨停5次，资金反复攻击的强势股；5日涨幅-11%，短期滞涨；主板10cm涨停
2026-01-07,002792,1,84.0,52.1,10.0,True,10.0,首板，连板起点；近10日涨停3次，近期活跃；5日涨幅23%，趋势向上；主板10cm涨停
2026-01-07,000859,1,83.5,12.44,3.94,False,3.94,首板，连板起点；近10日涨停3次，近期活跃；5日涨幅12%，温和上行；主板10cm涨停
2026-01-07,600525,1,68.5,4.04,2.97,False,2.97,首板，连板起点；近10日涨停2次，有一定活跃度；5日涨幅12%，温和上行；主板10cm涨停
2026-01-07,002199,1,67.75,9.17,5.02,True,5.02,首板，连板起点；近10日涨停2次，有一定活跃度；5日涨幅7%，温和上行；主板10cm涨停
2026-01-07,301079,1,44.5,41.33,20.01,True,20.01,首板，连板起点；近期首次活跃，缺乏涨停惯性；5日涨幅35%，主升节奏；20cm大板涨停，弹性大
2026-01-08,002361,1,104.0,15.85,-1.58,False,-1.58,首板，连板起点；近10日涨停6次，资金反复攻击的强势股；5日涨幅22%，趋势向上；主板10cm涨停
2026-01-08,002757,1,94.5,23.77,5.17,False,5.17,首板，连板起点；近10日涨停4次，近期活跃；5日涨幅34%，主升节奏；主板10cm涨停
2026-01-08,002201,1,92.0,11.78,-1.27,False,-1.27,首板，连板起点；近10日涨停4次，近期活跃；5日涨幅-1%，短期滞涨；主板10cm涨停
2026-01-08,300887,1,85.0,15.97,-8.77,False,-8.77,首板，连板起点；近10日涨停3次，近期活跃；5日涨幅68%，主升节奏；20cm大板涨停，弹性大
2026-01-08,600879,1,84.5,26.08,10.01,True,10.01,首板，连板起点；近10日涨停3次，近期活跃；5日涨幅35%，主升节奏；主板10cm涨停
2026-01-09,603843,1,103.5,6.81,-4.99,False,-4.99,首板，连板起点；近10日涨停6次，资金反复攻击的强势股；5日涨幅19%，趋势向上；主板10cm涨停
2026-01-09,601698,1,94.5,48.98,10.0,True,10.0,首板，连板起点；近10日涨停4次，近期活跃；5日涨幅37%，主升节奏；主板10cm涨停
2026-01-09,603598,1,85.0,25.93,9.99,True,9.99,首板，连板起点；近10日涨停3次，近期活跃；5日涨幅53%，主升节奏；主板10cm涨停
2026-01-09,003004,1,84.0,27.24,-1.25,False,-1.25,首板，连板起点；近10日涨停3次，近期活跃；5日涨幅22%，趋势向上；主板10cm涨停
2026-01-09,002569,1,83.5,14.32,5.03,True,5.03,首板，连板起点；近10日涨停3次，近期活跃；5日涨幅15%，趋势向上；主板10cm涨停
2026-01-12,002413,1,104.5,20.13,-9.99,False,-9.99,首板，连板起点；近10日涨停6次，资金反复攻击的强势股；5日涨幅46%，主升节奏；主板10cm涨停
2026-01-12,002969,1,104.0,16.58,5.85,False,5.85,首板，连板起点；近10日涨停5次，资金反复攻击的强势股；5日涨幅21%，趋势向上；主板10cm涨停
2026-01-12,603278,1,103.5,17.72,-9.99,False,-9.99,首板，连板起点；近10日涨停5次，资金反复攻击的强势股；5日涨幅10%，温和上行；主板10cm涨停
2026-01-12,002151,1,94.5,66.9,-10.0,False,-10.0,首板，连板起点；近10日涨停4次，近期活跃；5日涨幅34%，主升节奏；主板10cm涨停
2026-01-12,002792,1,94.5,66.86,4.65,False,4.65,首板，连板起点；近10日涨停4次，近期活跃；5日涨幅46%，主升节奏；主板10cm涨停
2026-01-13,003004,1,93.5,28.25,2.3,False,2.3,首板，连板起点；近10日涨停4次，近期活跃；5日涨幅14%，温和上行；主板10cm涨停
2026-01-13,002865,1,84.5,80.09,2.82,False,2.82,首板，连板起点；近10日涨停3次，近期活跃；5日涨幅38%，主升节奏；主板10cm涨停
2026-01-13,000516,1,67.75,5.63,9.95,True,9.95,首板，连板起点；近10日涨停2次，有一定活跃度；5日涨幅8%，温和上行；主板10cm涨停
2026-01-13,603268,1,67.75,92.4,-4.55,False,-4.55,首板，连板起点；近10日涨停2次，有一定活跃度；5日涨幅5%，温和上行；主板10cm涨停
2026-01-13,301230,1,45.0,56.64,16.1,False,16.1,首板，连板起点；近期首次活跃，缺乏涨停惯性；5日涨幅78%，主升节奏；20cm大板涨停，弹性大
2026-01-14,002195,1,104.5,13.19,-10.01,False,-10.01,首板，连板起点；近10日涨停5次，资金反复攻击的强势股；5日涨幅40%，主升节奏；主板10cm涨停
2026-01-14,002519,1,104.5,11.46,-10.03,False,-10.03,首板，连板起点；近10日涨停6次，资金反复攻击的强势股；5日涨幅33%，主升节奏；主板10cm涨停
2026-01-14,002848,1,103.5,11.39,5.0,True,5.0,首板，连板起点；近10日涨停5次，资金反复攻击的强势股；5日涨幅14%，温和上行；主板10cm涨停
2026-01-14,601106,1,94.5,6.6,-10.0,False,-10.0,首板，连板起点；近10日涨停4次，近期活跃；5日涨幅48%，主升节奏；主板10cm涨停
2026-01-14,603778,1,94.5,27.72,-9.99,False,-9.99,首板，连板起点；近10日涨停4次，近期活跃；5日涨幅30%，主升节奏；主板10cm涨停
2026-01-15,000608,1,82.75,3.2,5.0,True,5.0,首板，连板起点；近10日涨停3次，近期活跃；5日涨幅5%，温和上行；主板10cm涨停
2026-01-15,002868,1,82.0,37.13,-0.35,False,-0.35,首板，连板起点；近10日涨停3次，近期活跃；5日涨幅-1%，短期滞涨；主板10cm涨停
2026-01-15,000681,1,69.5,35.11,-10.0,False,-10.0,首板，连板起点；近10日涨停2次，有一定活跃度；5日涨幅41%，主升节奏；主板10cm涨停
2026-01-15,603938,1,68.5,25.73,4.9,False,4.9,首板，连板起点；近10日涨停2次，有一定活跃度；5日涨幅12%，温和上行；主板10cm涨停
2026-01-15,159327,1,67.75,2.26,3.5,False,3.5,首板，连板起点；近10日涨停2次，有一定活跃度；5日涨幅5%，温和上行；主板10cm涨停
2026-01-16,001270,1,103.5,128.98,5.0,True,5.0,首板，连板起点；近10日涨停7次，资金反复攻击的强势股；5日涨幅10%，温和上行；主板10cm涨停
2026-01-16,600266,1,92.75,6.86,-5.69,False,-5.69,首板，连板起点；近10日涨停4次，近期活跃；5日涨幅1%，温和上行；主板10cm涨停
2026-01-16,603929,1,84.5,163.46,-10.0,False,-10.0,首板，连板起点；近10日涨停3次，近期活跃；5日涨幅30%，主升节奏；主板10cm涨停
2026-01-16,002647,1,83.5,9.46,-0.53,False,-0.53,首板，连板起点；近10日涨停3次，近期活跃；5日涨幅15%，趋势向上；主板10cm涨停
2026-01-16,603163,1,69.0,91.15,-4.91,False,-4.91,首板，连板起点；近10日涨停2次，有一定活跃度；5日涨幅21%，趋势向上；主板10cm涨停
2026-01-19,002931,1,104.0,67.97,10.0,True,10.0,首板，连板起点；近10日涨停7次，资金反复攻击的强势股；5日涨幅21%，趋势向上；主板10cm涨停
2026-01-19,002848,1,103.5,11.93,0.59,False,0.59,首板，连板起点；近10日涨停6次，资金反复攻击的强势股；5日涨幅11%，温和上行；主板10cm涨停
2026-01-19,002718,1,102.75,61.08,0.69,False,0.69,首板，连板起点；近10日涨停6次，资金反复攻击的强势股；5日涨幅8%，温和上行；主板10cm涨停
2026-01-19,002112,1,94.5,21.97,4.23,False,4.23,首板，连板起点；近10日涨停4次，近期活跃；5日涨幅38%，主升节奏；主板10cm涨停
2026-01-19,600337,1,92.0,3.12,-8.33,False,-8.33,首板，连板起点；近10日涨停4次，近期活跃；5日涨幅-17%，短期滞涨；主板10cm涨停
2026-01-20,002181,1,82.75,11.19,3.75,False,3.75,首板，连板起点；近10日涨停3次，近期活跃；5日涨幅7%，温和上行；主板10cm涨停
2026-01-20,600986,1,82.0,9.97,2.31,False,2.31,首板，连板起点；近10日涨停3次，近期活跃；5日涨幅-11%，短期滞涨；主板10cm涨停
2026-01-20,002289,1,67.75,29.14,2.78,False,2.78,首板，连板起点；近10日涨停2次，有一定活跃度；5日涨幅4%，温和上行；主板10cm涨停
2026-01-20,600838,1,67.75,14.07,-2.84,False,-2.84,首板，连板起点；近10日涨停2次，有一定活跃度；5日涨幅0%，温和上行；主板10cm涨停
2026-01-20,002716,1,44.5,12.4,10.0,True,10.0,首板，连板起点；近期首次活跃，缺乏涨停惯性；5日涨幅37%，主升节奏；主板10cm涨停
2026-01-21,600676,1,92.75,9.83,-8.85,False,-8.85,首板，连板起点；近10日涨停4次，近期活跃；5日涨幅9%，温和上行；主板10cm涨停
2026-01-21,002342,1,92.0,11.19,10.01,True,10.01,首板，连板起点；近10日涨停4次，近期活跃；5日涨幅-20%，短期滞涨；主板10cm涨停
2026-01-21,600735,1,82.75,5.9,5.08,True,5.08,首板，连板起点；近10日涨停3次，近期活跃；5日涨幅6%，温和上行；主板10cm涨停
2026-01-21,603261,1,82.75,29.4,5.0,True,5.0,首板，连板起点；近10日涨停3次，近期活跃；5日涨幅9%，温和上行；主板10cm涨停
2026-01-21,001337,1,69.5,43.76,4.34,False,4.34,首板，连板起点；近10日涨停2次，有一定活跃度；5日涨幅39%，主升节奏；主板10cm涨停
2026-01-22,001270,1,102.75,129.72,5.0,True,5.0,首板，连板起点；近10日涨停5次，资金反复攻击的强势股；5日涨幅6%，温和上行；主板10cm涨停
2026-01-22,002969,1,94.0,21.35,8.52,False,8.52,首板，连板起点；近10日涨停4次，近期活跃；5日涨幅23%，趋势向上；主板10cm涨停
2026-01-22,002201,1,93.5,13.86,6.78,False,6.78,首板，连板起点；近10日涨停4次，近期活跃；5日涨幅15%，温和上行；主板10cm涨停
2026-01-22,002519,1,92.0,8.6,5.35,False,5.35,首板，连板起点；近10日涨停4次，近期活跃；5日涨幅-17%，短期滞涨；主板10cm涨停
2026-01-22,601106,1,92.0,5.45,7.71,False,7.71,首板，连板起点；近10日涨停4次，近期活跃；5日涨幅-8%，短期滞涨；主板10cm涨停
2026-01-23,600986,1,94.0,12.05,10.04,True,10.04,首板，连板起点；近10日涨停4次，近期活跃；5日涨幅20%，趋势向上；主板10cm涨停
2026-01-23,002112,1,93.5,23.96,-4.09,False,-4.09,首板，连板起点；近10日涨停4次，近期活跃；5日涨幅20%，趋势向上；主板10cm涨停
2026-01-23,002816,1,92.75,27.3,5.02,True,5.02,首板，连板起点；近10日涨停4次，近期活跃；5日涨幅4%，温和上行；主板10cm涨停
2026-01-23,001337,1,84.5,50.23,9.99,True,9.99,首板，连板起点；近10日涨停3次，近期活跃；5日涨幅47%，主升节奏；主板10cm涨停
2026-01-23,000593,1,82.0,16.1,10.0,True,10.0,首板，连板起点；近10日涨停3次，近期活跃；5日涨幅-2%，短期滞涨；主板10cm涨停
2026-01-26,002716,1,95.0,18.08,-2.43,False,-2.43,首板，连板起点；近10日涨停4次，近期活跃；5日涨幅60%，主升节奏；主板10cm涨停
2026-01-26,002201,1,94.0,16.28,-7.68,False,-7.68,首板，连板起点；近10日涨停4次，近期活跃；5日涨幅28%，趋势向上；主板10cm涨停
2026-01-26,002848,1,92.75,12.73,-4.48,False,-4.48,首板，连板起点；近10日涨停4次，近期活跃；5日涨幅7%，温和上行；主板10cm涨停
2026-01-26,000506,1,84.5,21.43,9.99,True,9.99,首板，连板起点；近10日涨停3次，近期活跃；5日涨幅34%，主升节奏；主板10cm涨停
2026-01-26,002647,1,82.75,9.92,2.02,False,2.02,首板，连板起点；近10日涨停3次，近期活跃；5日涨幅5%，温和上行；主板10cm涨停
2026-01-27,002943,1,84.5,77.0,0.45,False,0.45,首板，连板起点；近10日涨停3次，近期活跃；5日涨幅33%，主升节奏；主板10cm涨停
2026-01-27,002689,1,83.5,4.11,0.97,False,0.97,首板，连板起点；近10日涨停3次，近期活跃；5日涨幅10%，温和上行；主板10cm涨停
2026-01-27,600391,1,83.5,53.12,-0.83,False,-0.83,首板，连板起点；近10日涨停3次，近期活跃；5日涨幅15%，温和上行；主板10cm涨停
2026-01-27,603052,1,69.0,56.43,9.99,True,9.99,首板，连板起点；近10日涨停2次，有一定活跃度；5日涨幅22%，趋势向上；主板10cm涨停
2026-01-27,002115,1,68.5,15.73,-2.03,False,-2.03,首板，连板起点；近10日涨停2次，有一定活跃度；5日涨幅10%，温和上行；主板10cm涨停
2026-01-28,002716,1,104.5,19.4,9.02,False,9.02,首板，连板起点；近10日涨停5次，资金反复攻击的强势股；5日涨幅42%，主升节奏；主板10cm涨停
2026-01-28,002848,1,92.75,12.77,-5.01,False,-5.01,首板，连板起点；近10日涨停4次，近期活跃；5日涨幅9%，温和上行；主板10cm涨停
2026-01-28,000751,1,84.5,7.11,7.45,False,7.45,首板，连板起点；近10日涨停3次，近期活跃；5日涨幅37%，主升节奏；主板10cm涨停
2026-01-28,600759,1,84.5,5.17,10.06,True,10.06,首板，连板起点；近10日涨停3次，近期活跃；5日涨幅34%，主升节奏；主板10cm涨停
2026-01-28,002342,1,84.0,14.53,-2.68,False,-2.68,首板，连板起点；近10日涨停3次，近期活跃；5日涨幅30%，趋势向上；主板10cm涨停
2026-01-29,002995,1,94.5,31.37,10.01,True,10.01,首板，连板起点；近10日涨停4次，近期活跃；5日涨幅45%，主升节奏；主板10cm涨停
2026-01-29,600986,1,84.0,13.78,-4.86,False,-4.86,首板，连板起点；近10日涨停3次，近期活跃；5日涨幅26%，趋势向上；主板10cm涨停
2026-01-29,600785,1,82.75,22.99,-7.79,False,-7.79,首板，连板起点；近10日涨停3次，近期活跃；5日涨幅4%，温和上行；主板10cm涨停
2026-01-29,300780,1,69.0,32.71,-7.37,False,-7.37,首板，连板起点；近10日涨停2次，有一定活跃度；5日涨幅25%，趋势向上；20cm大板涨停，弹性大
2026-01-29,603916,1,69.0,14.31,-7.76,False,-7.76,首板，连板起点；近10日涨停2次，有一定活跃度；5日涨幅23%，趋势向上；主板10cm涨停
2026-01-30,001270,1,103.5,157.29,1.68,False,1.68,首板，连板起点；近10日涨停7次，资金反复攻击的强势股；5日涨幅15%，趋势向上；主板10cm涨停
2026-01-30,002165,1,84.0,12.77,-2.51,False,-2.51,首板，连板起点；近10日涨停3次，近期活跃；5日涨幅29%，趋势向上；主板10cm涨停
2026-01-30,000004,1,82.75,12.62,-4.99,False,-4.99,首板，连板起点；近10日涨停3次，近期活跃；5日涨幅0%，温和上行；主板10cm涨停
2026-01-30,002009,1,68.5,28.38,4.76,False,4.76,首板，连板起点；近10日涨停2次，有一定活跃度；5日涨幅20%，趋势向上；主板10cm涨停
2026-01-30,600313,1,44.5,8.83,-8.15,False,-8.15,首板，连板起点；近期首次活跃，缺乏涨停惯性；5日涨幅30%，主升节奏；主板10cm涨停
2026-02-02,601616,1,82.75,5.39,-0.93,False,-0.93,首板，连板起点；近10日涨停3次，近期活跃；5日涨幅1%，温和上行；主板10cm涨停
2026-02-02,000711,1,69.0,2.23,4.93,True,4.93,首板，连板起点；近10日涨停2次，有一定活跃度；5日涨幅23%，趋势向上；主板10cm涨停
2026-02-02,002358,1,67.75,7.54,2.79,False,2.79,首板，连板起点；近10日涨停2次，有一定活跃度；5日涨幅2%，温和上行；主板10cm涨停
2026-02-02,002291,1,67.75,8.14,1.84,False,1.84,首板，连板起点；近10日涨停2次，有一定活跃度；5日涨幅8%，温和上行；主板10cm涨停
2026-02-02,000821,1,67.75,13.56,5.01,True,5.01,首板，连板起点；近10日涨停2次，有一定活跃度；5日涨幅3%，温和上行；主板10cm涨停
2026-02-03,002155,1,104.5,36.63,-1.94,False,-1.94,首板，连板起点；近10日涨停5次，资金反复攻击的强势股；5日涨幅32%，主升节奏；主板10cm涨停
2026-02-03,002165,1,94.5,13.7,3.07,False,3.07,首板，连板起点；近10日涨停4次，近期活跃；5日涨幅34%，主升节奏；主板10cm涨停
2026-02-03,002342,1,94.0,16.01,9.99,True,9.99,首板，连板起点；近10日涨停4次，近期活跃；5日涨幅21%，趋势向上；主板10cm涨停
2026-02-03,600986,1,93.5,15.42,-3.96,False,-3.96,首板，连板起点；近10日涨停4次，近期活跃；5日涨幅18%，趋势向上；主板10cm涨停
2026-02-03,600735,1,92.0,6.33,1.26,False,1.26,首板，连板起点；近10日涨停4次，近期活跃；5日涨幅-6%，短期滞涨；主板10cm涨停
2026-02-04,600759,1,102.0,4.91,1.83,False,1.83,首板，连板起点；近10日涨停5次，资金反复攻击的强势股；5日涨幅-5%，短期滞涨；主板10cm涨停
2026-02-04,600228,1,83.5,6.04,3.81,False,3.81,首板，连板起点；近10日涨停3次，近期活跃；5日涨幅10%，温和上行；主板10cm涨停
2026-02-04,002218,1,82.75,7.04,1.7,False,1.7,首板，连板起点；近10日涨停3次，近期活跃；5日涨幅2%，温和上行；主板10cm涨停
2026-02-04,002623,1,68.5,28.46,-5.62,False,-5.62,首板，连板起点；近10日涨停2次，有一定活跃度；5日涨幅18%，趋势向上；主板10cm涨停
2026-02-04,002506,1,67.75,3.78,10.05,True,10.05,首板，连板起点；近10日涨停2次，有一定活跃度；5日涨幅8%，温和上行；主板10cm涨停
2026-02-05,603103,1,94.5,31.66,5.5,False,5.5,首板，连板起点；近10日涨停4次，近期活跃；5日涨幅37%，主升节奏；主板10cm涨停
2026-02-05,002995,1,93.5,36.62,-3.8,False,-3.8,首板，连板起点；近10日涨停4次，近期活跃；5日涨幅17%，趋势向上；主板10cm涨停
2026-02-05,603843,1,93.5,6.06,0.99,False,0.99,首板，连板起点；近10日涨停4次，近期活跃；5日涨幅19%，趋势向上；主板10cm涨停
2026-02-05,002713,1,83.5,9.61,-0.94,False,-0.94,首板，连板起点；近10日涨停3次，近期活跃；5日涨幅16%，趋势向上；主板10cm涨停
2026-02-05,600828,1,69.5,7.78,-6.56,False,-6.56,首板，连板起点；近10日涨停2次，有一定活跃度；5日涨幅30%，主升节奏；主板10cm涨停
2026-02-06,002155,1,102.0,35.96,-1.53,False,-1.53,首板，连板起点；近10日涨停6次，资金反复攻击的强势股；5日涨幅-3%，短期滞涨；主板10cm涨停
2026-02-06,603618,1,95.0,13.71,9.99,True,9.99,首板，连板起点；近10日涨停4次，近期活跃；5日涨幅52%，主升节奏；主板10cm涨停
2026-02-06,002830,1,94.5,30.65,10.02,True,10.02,首板，连板起点；近10日涨停4次，近期活跃；5日涨幅32%，主升节奏；主板10cm涨停
2026-02-06,002455,1,93.5,11.14,9.96,True,9.96,首板，连板起点；近10日涨停4次，近期活跃；5日涨幅16%，趋势向上；主板10cm涨停
2026-02-06,600759,1,92.75,5.5,-1.82,False,-1.82,首板，连板起点；近10日涨停4次，近期活跃；5日涨幅1%，温和上行；主板10cm涨停
2026-02-09,603103,1,104.5,36.74,9.99,True,9.99,首板，连板起点；近10日涨停5次，资金反复攻击的强势股；5日涨幅31%，主升节奏；主板10cm涨停
2026-02-09,000821,1,102.75,16.25,-4.98,False,-4.98,首板，连板起点；近10日涨停6次，资金反复攻击的强势股；5日涨幅9%，温和上行；主板10cm涨停
2026-02-09,603021,1,94.0,6.3,-4.92,False,-4.92,首板，连板起点；近10日涨停4次，近期活跃；5日涨幅22%，趋势向上；主板10cm涨停
2026-02-09,600683,1,84.5,6.66,0.3,False,0.3,首板，连板起点；近10日涨停3次，近期活跃；5日涨幅35%，主升节奏；主板10cm涨停
2026-02-09,600330,1,84.0,17.05,0.76,False,0.76,首板，连板起点；近10日涨停3次，近期活跃；5日涨幅22%，趋势向上；主板10cm涨停
2026-02-10,000056,1,93.5,2.41,-9.96,False,-9.96,首板，连板起点；近10日涨停4次，近期活跃；5日涨幅16%，趋势向上；主板10cm涨停
2026-02-10,000070,1,68.5,16.12,9.99,True,9.99,首板，连板起点；近10日涨停2次，有一定活跃度；5日涨幅14%，温和上行；主板10cm涨停
2026-02-10,600107,1,68.5,6.49,0.0,False,0.0,首板，连板起点；近10日涨停2次，有一定活跃度；5日涨幅11%，温和上行；主板10cm涨停
2026-02-10,000608,1,67.75,3.78,-1.59,False,-1.59,首板，连板起点；近10日涨停2次，有一定活跃度；5日涨幅4%，温和上行；主板10cm涨停
2026-02-10,603058,1,44.0,13.53,-2.44,False,-2.44,首板，连板起点；近期首次活跃，缺乏涨停惯性；5日涨幅21%，趋势向上；主板10cm涨停
2026-02-11,000711,1,103.5,2.85,4.91,True,4.91,首板，连板起点；近10日涨停7次，资金反复攻击的强势股；5日涨幅16%，趋势向上；主板10cm涨停
2026-02-11,002713,1,92.75,9.96,5.02,True,5.02,首板，连板起点；近10日涨停4次，近期活跃；5日涨幅9%，温和上行；主板10cm涨停
2026-02-11,003018,1,84.5,23.54,-4.93,False,-4.93,首板，连板起点；近10日涨停3次，近期活跃；5日涨幅39%，主升节奏；主板10cm涨停
2026-02-11,603629,1,84.5,57.12,4.97,False,4.97,首板，连板起点；近10日涨停3次，近期活跃；5日涨幅43%，主升节奏；主板10cm涨停
2026-02-11,600722,1,84.0,10.34,-9.96,False,-9.96,首板，连板起点；近10日涨停3次，近期活跃；5日涨幅28%，趋势向上；主板10cm涨停
2026-02-12,000533,1,83.5,12.01,-6.16,False,-6.16,首板，连板起点；近10日涨停3次，近期活跃；5日涨幅11%，温和上行；主板10cm涨停
2026-02-12,000820,1,68.5,3.82,-4.19,False,-4.19,首板，连板起点；近10日涨停2次，有一定活跃度；5日涨幅16%，趋势向上；主板10cm涨停
2026-02-12,600481,1,67.75,10.71,-9.99,False,-9.99,首板，连板起点；近10日涨停2次，有一定活跃度；5日涨幅7%，温和上行；主板10cm涨停
2026-02-12,300846,1,44.5,33.76,3.67,False,3.67,首板，连板起点；近期首次活跃，缺乏涨停惯性；5日涨幅37%，主升节奏；20cm大板涨停，弹性大
2026-02-12,688158,1,44.5,45.05,-5.93,False,-5.93,首板，连板起点；近期首次活跃，缺乏涨停惯性；5日涨幅31%，主升节奏；20cm大板涨停，弹性大
2026-02-13,603021,1,92.75,6.42,4.98,True,4.98,首板，连板起点；近10日涨停4次，近期活跃；5日涨幅7%，温和上行；主板10cm涨停
2026-02-13,603466,1,69.0,11.68,10.02,True,10.02,首板，连板起点；近10日涨停2次，有一定活跃度；5日涨幅29%，趋势向上；主板10cm涨停
2026-02-13,002009,1,68.5,35.64,0.65,False,0.65,首板，连板起点；近10日涨停2次，有一定活跃度；5日涨幅12%，温和上行；主板10cm涨停
2026-02-13,603331,1,68.5,19.8,7.58,False,7.58,首板，连板起点；近10日涨停2次，有一定活跃度；5日涨幅12%，温和上行；主板10cm涨停
2026-02-13,002355,1,67.75,7.47,1.07,False,1.07,首板，连板起点；近10日涨停2次，有一定活跃度；5日涨幅3%，温和上行；主板10cm涨停
2026-02-24,002506,1,92.0,4.74,2.95,False,2.95,首板，连板起点；近10日涨停4次，近期活跃；5日涨幅-6%，短期滞涨；主板10cm涨停
2026-02-24,603616,1,92.0,7.44,7.66,False,7.66,首板，连板起点；近10日涨停4次，近期活跃；5日涨幅-18%，短期滞涨；主板10cm涨停
2026-02-24,600722,1,82.75,9.74,2.05,False,2.05,首板，连板起点；近10日涨停3次，近期活跃；5日涨幅3%，温和上行；主板10cm涨停
2026-02-24,600330,1,82.75,18.28,-4.7,False,-4.7,首板，连板起点；近10日涨停3次，近期活跃；5日涨幅7%，温和上行；主板10cm涨停
2026-02-24,300749,1,70.0,34.39,3.52,False,3.52,首板，连板起点；近10日涨停2次，有一定活跃度；5日涨幅60%，主升节奏；20cm大板涨停，弹性大
2026-02-25,000609,1,103.5,10.48,4.96,True,4.96,首板，连板起点；近10日涨停7次，资金反复攻击的强势股；5日涨幅16%，趋势向上；主板10cm涨停
2026-02-25,000962,1,84.0,51.32,7.17,False,7.17,首板，连板起点；近10日涨停3次，近期活跃；5日涨幅27%，趋势向上；主板10cm涨停
2026-02-25,603268,1,83.5,99.86,5.0,True,5.0,首板，连板起点；近10日涨停3次，近期活跃；5日涨幅11%，温和上行；主板10cm涨停
2026-02-25,002630,1,82.75,2.72,2.94,False,2.94,首板，连板起点；近10日涨停3次，近期活跃；5日涨幅6%，温和上行；主板10cm涨停
2026-02-25,002378,1,69.5,33.55,10.01,True,10.01,首板，连板起点；近10日涨停2次，有一定活跃度；5日涨幅34%，主升节奏；主板10cm涨停
2026-02-26,600875,1,69.0,37.35,-0.75,False,-0.75,首板，连板起点；近10日涨停2次，有一定活跃度；5日涨幅22%，趋势向上；主板10cm涨停
2026-02-26,603163,1,69.0,143.07,1.87,False,1.87,首板，连板起点；近10日涨停2次，有一定活跃度；5日涨幅22%，趋势向上；主板10cm涨停
2026-02-26,002272,1,68.5,19.21,1.35,False,1.35,首板，连板起点；近10日涨停2次，有一定活跃度；5日涨幅17%，趋势向上；主板10cm涨停
2026-02-26,603308,1,68.5,73.06,-4.19,False,-4.19,首板，连板起点；近10日涨停2次，有一定活跃度；5日涨幅19%，趋势向上；主板10cm涨停
2026-02-26,002099,1,67.75,8.83,-8.27,False,-8.27,首板，连板起点；近10日涨停2次，有一定活跃度；5日涨幅8%，温和上行；主板10cm涨停
2026-02-27,600397,1,95.0,21.53,-0.14,False,-0.14,首板，连板起点；近10日涨停4次，近期活跃；5日涨幅50%，主升节奏；主板10cm涨停
2026-02-27,003018,1,93.5,26.57,-1.77,False,-1.77,首板，连板起点；近10日涨停4次，近期活跃；5日涨幅19%，趋势向上；主板10cm涨停
2026-02-27,603021,1,93.5,7.12,2.95,False,2.95,首板，连板起点；近10日涨停4次，近期活跃；5日涨幅17%，趋势向上；主板10cm涨停
2026-02-27,002485,1,82.75,5.09,4.91,True,4.91,首板，连板起点；近10日涨停3次，近期活跃；5日涨幅6%，温和上行；主板10cm涨停
2026-02-27,002842,1,82.75,41.56,10.01,True,10.01,首板，连板起点；近10日涨停3次，近期活跃；5日涨幅8%，温和上行；主板10cm涨停
2026-03-02,000890,1,94.5,8.43,-4.39,False,-4.39,首板，连板起点；近10日涨停4次，近期活跃；5日涨幅40%，主升节奏；主板10cm涨停
2026-03-02,600722,1,93.5,10.32,9.98,True,9.98,首板，连板起点；近10日涨停4次，近期活跃；5日涨幅17%，趋势向上；主板10cm涨停
2026-03-02,600759,1,84.5,6.83,9.96,True,9.96,首板，连板起点；近10日涨停3次，近期活跃；5日涨幅38%，主升节奏；主板10cm涨停
2026-03-02,601872,1,84.5,17.86,10.02,True,10.02,首板，连板起点；近10日涨停3次，近期活跃；5日涨幅47%，主升节奏；主板10cm涨停
2026-03-02,600026,1,69.5,22.64,9.98,True,9.98,首板，连板起点；近10日涨停2次，有一定活跃度；5日涨幅34%，主升节奏；主板10cm涨停
2026-03-03,002491,1,69.0,12.23,3.43,False,3.43,首板，连板起点；近10日涨停2次，有一定活跃度；5日涨幅20%，趋势向上；主板10cm涨停
2026-03-03,002350,1,69.0,13.08,1.83,False,1.83,首板，连板起点；近10日涨停2次，有一定活跃度；5日涨幅29%，趋势向上；主板10cm涨停
2026-03-03,002506,1,67.75,5.16,-0.19,False,-0.19,首板，连板起点；近10日涨停2次，有一定活跃度；5日涨幅9%，温和上行；主板10cm涨停
2026-03-03,603616,1,67.75,8.17,-10.04,False,-10.04,首板，连板起点；近10日涨停2次，有一定活跃度；5日涨幅10%，温和上行；主板10cm涨停
2026-03-03,600381,1,67.0,3.02,-3.97,False,-3.97,首板，连板起点；近10日涨停2次，有一定活跃度；5日涨幅-3%，短期滞涨；主板10cm涨停
2026-03-04,000890,1,104.0,8.87,3.16,False,3.16,首板，连板起点；近10日涨停5次，资金反复攻击的强势股；5日涨幅22%，趋势向上；主板10cm涨停
2026-03-04,000711,1,103.5,3.82,4.97,True,4.97,首板，连板起点；近10日涨停6次，资金反复攻击的强势股；5日涨幅10%，温和上行；主板10cm涨停
2026-03-04,002498,1,92.0,8.13,9.96,True,9.96,首板，连板起点；近10日涨停4次，近期活跃；5日涨幅-1%，短期滞涨；主板10cm涨停
2026-03-04,600545,1,82.75,3.43,9.91,True,9.91,首板，连板起点；近10日涨停3次，近期活跃；5日涨幅1%，温和上行；主板10cm涨停
2026-03-04,603530,1,69.5,67.21,6.35,False,6.35,首板，连板起点；近10日涨停2次，有一定活跃度；5日涨幅35%，主升节奏；主板10cm涨停
2026-03-05,603268,1,103.5,123.38,1.88,False,1.88,首板，连板起点；近10日涨停6次，资金反复攻击的强势股；5日涨幅18%，趋势向上；主板10cm涨停
2026-03-05,002868,1,82.0,42.07,0.12,False,0.12,首板，连板起点；近10日涨停3次，近期活跃；5日涨幅-0%，短期滞涨；主板10cm涨停
2026-03-05,002713,1,82.0,9.73,5.04,True,5.04,首板，连板起点；近10日涨停3次，近期活跃；5日涨幅-7%，短期滞涨；主板10cm涨停
2026-03-05,001267,1,69.0,36.96,6.03,False,6.03,首板，连板起点；近10日涨停2次，有一定活跃度；5日涨幅20%，趋势向上；主板10cm涨停
2026-03-05,600744,1,69.0,9.04,0.44,False,0.44,首板，连板起点；近10日涨停2次，有一定活跃度；5日涨幅25%，趋势向上；主板10cm涨停
2026-03-06,001896,1,103.5,15.88,0.44,False,0.44,首板，连板起点；近10日涨停6次，资金反复攻击的强势股；5日涨幅19%，趋势向上；主板10cm涨停
2026-03-06,600108,1,94.5,5.52,-1.63,False,-1.63,首板，连板起点；近10日涨停4次，近期活跃；5日涨幅39%，主升节奏；主板10cm涨停
2026-03-06,002843,1,93.5,27.93,-4.55,False,-4.55,首板，连板起点；近10日涨停4次，近期活跃；5日涨幅11%，温和上行；主板10cm涨停
2026-03-06,002470,1,92.0,2.86,3.5,False,3.5,首板，连板起点；近10日涨停4次，近期活跃；5日涨幅-8%，短期滞涨；主板10cm涨停
2026-03-06,000609,1,92.0,9.57,-4.39,False,-4.39,首板，连板起点；近10日涨停4次，近期活跃；5日涨幅-11%，短期滞涨；主板10cm涨停
2026-03-09,600753,1,92.0,10.82,4.99,True,4.99,首板，连板起点；近10日涨停4次，近期活跃；5日涨幅-0%，短期滞涨；主板10cm涨停
2026-03-09,002047,1,83.5,5.33,4.32,False,4.32,首板，连板起点；近10日涨停3次，近期活跃；5日涨幅10%，温和上行；主板10cm涨停
2026-03-09,159518,1,82.75,1.26,-8.1,False,-8.1,首板，连板起点；近10日涨停3次，近期活跃；5日涨幅9%，温和上行；主板10cm涨停
2026-03-09,600525,1,82.75,5.82,0.52,False,0.52,首板，连板起点；近10日涨停3次，近期活跃；5日涨幅7%，温和上行；主板10cm涨停
2026-03-09,003035,1,68.5,9.58,0.73,False,0.73,首板，连板起点；近10日涨停2次，有一定活跃度；5日涨幅15%，趋势向上；主板10cm涨停
2026-03-10,600108,1,104.0,5.97,10.05,True,10.05,首板，连板起点；近10日涨停5次，资金反复攻击的强势股；5日涨幅24%，趋势向上；主板10cm涨停
2026-03-10,000711,1,103.5,4.22,4.98,True,4.98,首板，连板起点；近10日涨停5次，资金反复攻击的强势股；5日涨幅16%，趋势向上；主板10cm涨停
2026-03-10,000669,1,92.75,4.2,5.0,True,5.0,首板，连板起点；近10日涨停4次，近期活跃；5日涨幅0%，温和上行；主板10cm涨停
2026-03-10,001400,1,84.0,146.04,1.51,False,1.51,首板，连板起点；近10日涨停3次，近期活跃；5日涨幅22%，趋势向上；主板10cm涨停
2026-03-10,002350,1,83.5,15.22,2.1,False,2.1,首板，连板起点；近10日涨停3次，近期活跃；5日涨幅16%，趋势向上；主板10cm涨停
2026-03-11,000908,1,92.0,4.58,5.02,True,5.02,首板，连板起点；近10日涨停4次，近期活跃；5日涨幅-28%，短期滞涨；主板10cm涨停
2026-03-11,000899,1,83.5,16.15,-5.33,False,-5.33,首板，连板起点；近10日涨停3次，近期活跃；5日涨幅15%，温和上行；主板10cm涨停
2026-03-11,002528,1,83.5,3.53,5.1,True,5.1,首板，连板起点；近10日涨停3次，近期活跃；5日涨幅17%，趋势向上；主板10cm涨停
2026-03-11,600722,1,83.5,14.0,10.0,True,10.0,首板，连板起点；近10日涨停3次，近期活跃；5日涨幅17%，趋势向上；主板10cm涨停
2026-03-11,000609,1,82.75,9.98,5.01,True,5.01,首板，连板起点；近10日涨停3次，近期活跃；5日涨幅8%，温和上行；主板10cm涨停
2026-03-12,600821,1,94.5,10.87,-6.62,False,-6.62,首板，连板起点；近10日涨停4次，近期活跃；5日涨幅39%，主升节奏；主板10cm涨停
2026-03-12,002015,1,85.0,21.36,4.31,False,4.31,首板，连板起点；近10日涨停3次，近期活跃；5日涨幅50%，主升节奏；主板10cm涨停
2026-03-12,002498,1,83.5,10.38,-9.44,False,-9.44,首板，连板起点；近10日涨停3次，近期活跃；5日涨幅16%，趋势向上；主板10cm涨停
2026-03-12,000890,1,83.5,10.08,10.02,True,10.02,首板，连板起点；近10日涨停3次，近期活跃；5日涨幅10%，温和上行；主板10cm涨停
2026-03-12,000697,1,82.75,10.84,-0.37,False,-0.37,首板，连板起点；近10日涨停3次，近期活跃；5日涨幅5%，温和上行；主板10cm涨停
2026-03-13,600227,1,84.5,4.37,10.07,True,10.07,首板，连板起点；近10日涨停3次，近期活跃；5日涨幅33%，主升节奏；主板10cm涨停
2026-03-13,603803,1,69.5,13.75,-5.67,False,-5.67,首板，连板起点；近10日涨停2次，有一定活跃度；5日涨幅35%，主升节奏；主板10cm涨停
2026-03-13,002903,1,69.0,31.03,-2.22,False,-2.22,首板，连板起点；近10日涨停2次，有一定活跃度；5日涨幅24%，趋势向上；主板10cm涨停
2026-03-13,002470,1,68.5,3.22,1.55,False,1.55,首板，连板起点；近10日涨停2次，有一定活跃度；5日涨幅13%，温和上行；主板10cm涨停
2026-03-13,002620,1,67.75,7.12,1.26,False,1.26,首板，连板起点；近10日涨停2次，有一定活跃度；5日涨幅7%，温和上行；主板10cm涨停
2026-03-16,000533,1,93.5,18.66,10.02,True,10.02,首板，连板起点；近10日涨停4次，近期活跃；5日涨幅14%，温和上行；主板10cm涨停
2026-03-16,603778,1,84.0,22.54,9.98,True,9.98,首板，连板起点；近10日涨停3次，近期活跃；5日涨幅27%，趋势向上；主板10cm涨停
2026-03-16,000488,1,83.5,2.9,5.17,True,5.17,首板，连板起点；近10日涨停3次，近期活跃；5日涨幅12%，温和上行；主板10cm涨停
2026-03-16,600545,1,82.75,4.21,9.98,True,9.98,首板，连板起点；近10日涨停3次，近期活跃；5日涨幅8%，温和上行；主板10cm涨停
2026-03-16,603421,1,69.0,10.32,-4.07,False,-4.07,首板，连板起点；近10日涨停2次，有一定活跃度；5日涨幅23%，趋势向上；主板10cm涨停
2026-03-17,600691,1,69.5,4.72,-6.36,False,-6.36,首板，连板起点；近10日涨停2次，有一定活跃度；5日涨幅33%，主升节奏；主板10cm涨停
2026-03-17,601016,1,69.0,4.55,-3.3,False,-3.3,首板，连板起点；近10日涨停2次，有一定活跃度；5日涨幅24%，趋势向上；主板10cm涨停
2026-03-17,002150,1,69.0,34.87,-5.08,False,-5.08,首板，连板起点；近10日涨停2次，有一定活跃度；5日涨幅29%，趋势向上；主板10cm涨停
2026-03-17,002470,1,69.0,3.6,-0.28,False,-0.28,首板，连板起点；近10日涨停2次，有一定活跃度；5日涨幅22%，趋势向上；主板10cm涨停
2026-03-17,002506,1,67.0,5.63,-1.95,False,-1.95,首板，连板起点；近10日涨停2次，有一定活跃度；5日涨幅-7%，短期滞涨；主板10cm涨停
2026-03-18,002445,1,102.75,4.07,0.74,False,0.74,首板，连板起点；近10日涨停5次，资金反复攻击的强势股；5日涨幅10%，温和上行；主板10cm涨停
2026-03-18,002789,1,82.75,11.57,0.0,False,0.0,首板，连板起点；近10日涨停3次，近期活跃；5日涨幅9%，温和上行；主板10cm涨停
2026-03-18,603803,1,82.75,13.13,5.86,False,5.86,首板，连板起点；近10日涨停3次，近期活跃；5日涨幅9%，温和上行；主板10cm涨停
2026-03-18,000815,1,82.0,17.56,10.02,True,10.02,首板，连板起点；近10日涨停3次，近期活跃；5日涨幅-1%，短期滞涨；主板10cm涨停
2026-03-18,002693,1,68.5,8.21,-1.46,False,-1.46,首板，连板起点；近10日涨停2次，有一定活跃度；5日涨幅12%，温和上行；主板10cm涨停
2026-03-19,603843,1,104.0,7.72,5.05,True,5.05,首板，连板起点；近10日涨停5次，资金反复攻击的强势股；5日涨幅21%，趋势向上；主板10cm涨停
2026-03-19,600726,1,94.0,5.02,9.96,True,9.96,首板，连板起点；近10日涨停4次，近期活跃；5日涨幅29%，趋势向上；主板10cm涨停
2026-03-19,000004,1,92.0,5.54,-5.05,False,-5.05,首板，连板起点；近10日涨停4次，近期活跃；5日涨幅-6%，短期滞涨；主板10cm涨停
2026-03-19,603813,1,67.0,30.63,5.0,True,5.0,首板，连板起点；近10日涨停2次，有一定活跃度；5日涨幅-14%，短期滞涨；主板10cm涨停
2026-03-19,002310,1,44.0,3.16,10.13,True,10.13,首板，连板起点；近期首次活跃，缺乏涨停惯性；5日涨幅21%，趋势向上；主板10cm涨停
2026-03-20,000669,1,102.75,5.3,3.4,False,3.4,首板，连板起点；近10日涨停6次，资金反复攻击的强势股；5日涨幅9%，温和上行；主板10cm涨停
2026-03-20,603778,1,93.5,24.21,1.82,False,1.82,首板，连板起点；近10日涨停4次，近期活跃；5日涨幅18%，趋势向上；主板10cm涨停
2026-03-20,600683,1,84.0,10.86,-2.95,False,-2.95,首板，连板起点；近10日涨停3次，近期活跃；5日涨幅24%，趋势向上；主板10cm涨停
2026-03-20,002150,1,82.75,34.88,10.01,True,10.01,首板，连板起点；近10日涨停3次，近期活跃；5日涨幅4%，温和上行；主板10cm涨停
2026-03-20,000677,1,67.0,4.98,-10.04,False,-10.04,首板，连板起点；近10日涨停2次，有一定活跃度；5日涨幅-1%，短期滞涨；主板10cm涨停
2026-03-23,603803,1,93.5,14.61,6.84,False,6.84,首板，连板起点；近10日涨停4次，近期活跃；5日涨幅13%，温和上行；主板10cm涨停
2026-03-23,002565,1,69.0,16.98,-0.41,False,-0.41,首板，连板起点；近10日涨停2次，有一定活跃度；5日涨幅27%，趋势向上；主板10cm涨停
2026-03-23,001258,1,68.5,10.62,6.69,False,6.69,首板，连板起点；近10日涨停2次，有一定活跃度；5日涨幅16%，趋势向上；主板10cm涨停
2026-03-23,159518,1,68.5,1.428,0.84,False,0.84,首板，连板起点；近10日涨停2次，有一定活跃度；5日涨幅20%，趋势向上；主板10cm涨停
2026-03-23,159981,1,67.75,1.781,-3.43,False,-3.43,首板，连板起点；近10日涨停2次，有一定活跃度；5日涨幅8%，温和上行；主板10cm涨停
2026-03-24,002445,1,103.5,4.08,4.66,False,4.66,首板，连板起点；近10日涨停5次，资金反复攻击的强势股；5日涨幅10%，温和上行；主板10cm涨停
2026-03-24,002789,1,92.75,11.75,5.02,True,5.02,首板，连板起点；近10日涨停4次，近期活跃；5日涨幅7%，温和上行；主板10cm涨停
2026-03-24,000601,1,84.5,8.06,10.05,True,10.05,首板，连板起点；近10日涨停3次，近期活跃；5日涨幅32%，主升节奏；主板10cm涨停
2026-03-24,603929,1,83.5,191.18,4.6,False,4.6,首板，连板起点；近10日涨停3次，近期活跃；5日涨幅12%，温和上行；主板10cm涨停
2026-03-24,603421,1,82.75,10.57,-0.47,False,-0.47,首板，连板起点；近10日涨停3次，近期活跃；5日涨幅7%，温和上行；主板10cm涨停
2026-03-25,600726,1,104.5,6.15,10.08,True,10.08,首板，连板起点；近10日涨停5次，资金反复攻击的强势股；5日涨幅35%，主升节奏；主板10cm涨停
2026-03-25,603052,1,67.75,65.65,-2.04,False,-2.04,首板，连板起点；近10日涨停2次，有一定活跃度；5日涨幅3%，温和上行；主板10cm涨停
2026-03-25,603629,1,67.75,62.68,5.38,False,5.38,首板，连板起点；近10日涨停2次，有一定活跃度；5日涨幅1%，温和上行；主板10cm涨停
2026-03-25,002253,1,67.0,11.35,1.76,False,1.76,首板，连板起点；近10日涨停2次，有一定活跃度；5日涨幅-3%，短期滞涨；主板10cm涨停
2026-03-25,600815,1,44.5,4.29,-2.1,False,-2.1,首板，连板起点；近期首次活跃，缺乏涨停惯性；5日涨幅31%，主升节奏；主板10cm涨停
2026-03-26,603843,1,104.0,9.28,0.0,False,0.0,首板，连板起点；近10日涨停8次，资金反复攻击的强势股；5日涨幅20%，趋势向上；主板10cm涨停
2026-03-26,000669,1,102.75,5.2,-3.46,False,-3.46,首板，连板起点；近10日涨停5次，资金反复攻击的强势股；5日涨幅3%，温和上行；主板10cm涨停
2026-03-26,000908,1,102.75,7.4,5.0,True,5.0,首板，连板起点；近10日涨停6次，资金反复攻击的强势股；5日涨幅9%，温和上行；主板10cm涨停
2026-03-26,603687,1,94.5,16.5,-5.27,False,-5.27,首板，连板起点；近10日涨停4次，近期活跃；5日涨幅36%，主升节奏；主板10cm涨停
2026-03-26,600844,1,69.0,4.54,9.91,True,9.91,首板，连板起点；近10日涨停2次，有一定活跃度；5日涨幅20%，趋势向上；主板10cm涨停
2026-03-27,600666,1,94.5,6.08,2.63,False,2.63,首板，连板起点；近10日涨停4次，近期活跃；5日涨幅38%，主升节奏；主板10cm涨停
2026-03-27,605299,1,94.0,19.25,0.73,False,0.73,首板，连板起点；近10日涨停4次，近期活跃；5日涨幅26%，趋势向上；主板10cm涨停
2026-03-27,002310,1,93.5,3.84,-1.04,False,-1.04,首板，连板起点；近10日涨停4次，近期活跃；5日涨幅10%，温和上行；主板10cm涨停
2026-03-27,002445,1,83.5,4.44,-5.18,False,-5.18,首板，连板起点；近10日涨停3次，近期活跃；5日涨幅13%，温和上行；主板10cm涨停
2026-03-27,000890,1,82.75,13.48,10.01,True,10.01,首板，连板起点；近10日涨停3次，近期活跃；5日涨幅3%，温和上行；主板10cm涨停
2026-03-30,600381,1,102.0,3.0,1.67,False,1.67,首板，连板起点；近10日涨停5次，资金反复攻击的强势股；5日涨幅-5%，短期滞涨；主板10cm涨停
2026-03-30,002309,1,93.5,4.76,3.78,False,3.78,首板，连板起点；近10日涨停4次，近期活跃；5日涨幅14%，温和上行；主板10cm涨停
2026-03-30,603580,1,92.75,17.36,0.92,False,0.92,首板，连板起点；近10日涨停4次，近期活跃；5日涨幅1%，温和上行；主板10cm涨停
2026-03-30,603601,1,84.5,14.5,6.83,False,6.83,首板，连板起点；近10日涨停3次，近期活跃；5日涨幅36%，主升节奏；主板10cm涨停
2026-03-30,603778,1,82.75,25.3,-1.19,False,-1.19,首板，连板起点；近10日涨停3次，近期活跃；5日涨幅3%，温和上行；主板10cm涨停
2026-03-31,000720,1,94.5,5.46,-10.07,False,-10.07,首板，连板起点；近10日涨停4次，近期活跃；5日涨幅32%，主升节奏；主板10cm涨停
2026-03-31,605299,1,94.5,21.33,1.27,False,1.27,首板，连板起点；近10日涨停4次，近期活跃；5日涨幅32%，主升节奏；主板10cm涨停
2026-03-31,002082,1,85.0,30.2,9.93,True,9.93,首板，连板起点；近10日涨停3次，近期活跃；5日涨幅53%，主升节奏；主板10cm涨停
2026-03-31,603429,1,84.0,9.95,5.03,True,5.03,首板，连板起点；近10日涨停3次，近期活跃；5日涨幅23%，趋势向上；主板10cm涨停
2026-03-31,002528,1,83.5,3.79,5.01,True,5.01,首板，连板起点；近10日涨停3次，近期活跃；5日涨幅13%，温和上行；主板10cm涨停
2026-04-01,600666,1,103.5,6.27,-1.59,False,-1.59,首板，连板起点；近10日涨停5次，资金反复攻击的强势股；5日涨幅19%，趋势向上；主板10cm涨停
2026-04-01,603687,1,102.75,16.39,-1.34,False,-1.34,首板，连板起点；近10日涨停5次，资金反复攻击的强势股；5日涨幅9%，温和上行；主板10cm涨停
2026-04-01,002432,1,94.0,80.94,0.26,False,0.26,首板，连板起点；近10日涨停4次，近期活跃；5日涨幅27%，趋势向上；主板10cm涨停
2026-04-01,002902,1,83.5,28.78,-3.96,False,-3.96,首板，连板起点；近10日涨停3次，近期活跃；5日涨幅11%，温和上行；主板10cm涨停
2026-04-01,002713,1,83.5,12.45,2.17,False,2.17,首板，连板起点；近10日涨停3次，近期活跃；5日涨幅12%，温和上行；主板10cm涨停
2026-04-02,000720,1,102.75,5.4,10.0,True,10.0,首板，连板起点；近10日涨停5次，资金反复攻击的强势股；5日涨幅8%，温和上行；主板10cm涨停
2026-04-02,002309,1,102.75,4.98,1.0,False,1.0,首板，连板起点；近10日涨停5次，资金反复攻击的强势股；5日涨幅5%，温和上行；主板10cm涨停
2026-04-02,002038,1,84.5,8.55,5.03,False,5.03,首板，连板起点；近10日涨停3次，近期活跃；5日涨幅42%，主升节奏；主板10cm涨停
2026-04-02,002263,1,84.0,4.73,-1.48,False,-1.48,首板，连板起点；近10日涨停3次，近期活跃；5日涨幅28%，趋势向上；主板10cm涨停
2026-04-02,600381,1,83.5,3.22,-4.66,False,-4.66,首板，连板起点；近10日涨停3次，近期活跃；5日涨幅11%，温和上行；主板10cm涨停
2026-04-03,002222,1,68.5,75.46,5.37,False,5.37,首板，连板起点；近10日涨停2次，有一定活跃度；5日涨幅15%，趋势向上；主板10cm涨停
2026-04-03,603585,1,68.5,24.51,4.45,False,4.45,首板，连板起点；近10日涨停2次，有一定活跃度；5日涨幅18%，趋势向上；主板10cm涨停
2026-04-03,000669,1,67.75,5.07,1.97,False,1.97,首板，连板起点；近10日涨停2次，有一定活跃度；5日涨幅1%，温和上行；主板10cm涨停
2026-04-03,300626,1,44.0,24.59,-2.81,False,-2.81,首板，连板起点；近期首次活跃，缺乏涨停惯性；5日涨幅20%，趋势向上；20cm大板涨停，弹性大
2026-04-03,300006,1,44.0,6.52,-7.67,False,-7.67,首板，连板起点；近期首次活跃，缺乏涨停惯性；5日涨幅29%，趋势向上；20cm大板涨停，弹性大
2026-04-07,002528,1,103.5,4.19,5.01,True,5.01,首板，连板起点；近10日涨停5次，资金反复攻击的强势股；5日涨幅16%，趋势向上；主板10cm涨停
2026-04-07,605299,1,93.5,23.06,-6.07,False,-6.07,首板，连板起点；近10日涨停4次，近期活跃；5日涨幅19%，趋势向上；主板10cm涨停
2026-04-07,605162,1,84.5,14.07,10.02,True,10.02,首板，连板起点；近10日涨停3次，近期活跃；5日涨幅33%，主升节奏；主板10cm涨停
2026-04-07,002713,1,82.75,12.68,4.97,True,4.97,首板，连板起点；近10日涨停3次，近期活跃；5日涨幅3%，温和上行；主板10cm涨停
2026-04-07,603687,1,82.75,16.38,5.98,False,5.98,首板，连板起点；近10日涨停3次，近期活跃；5日涨幅2%，温和上行；主板10cm涨停
2026-04-08,603538,1,102.75,43.24,5.23,False,5.23,首板，连板起点；近10日涨停5次，资金反复攻击的强势股；5日涨幅6%，温和上行；主板10cm涨停
2026-04-08,600666,1,93.5,6.5,0.92,False,0.92,首板，连板起点；近10日涨停4次，近期活跃；5日涨幅14%，温和上行；主板10cm涨停
2026-04-08,002361,1,92.75,16.78,-2.21,False,-2.21,首板，连板起点；近10日涨停4次，近期活跃；5日涨幅2%，温和上行；主板10cm涨停
2026-04-08,002902,1,83.5,29.37,-1.84,False,-1.84,首板，连板起点；近10日涨停3次，近期活跃；5日涨幅12%，温和上行；主板10cm涨停
2026-04-08,603272,1,82.75,33.13,1.57,False,1.57,首板，连板起点；近10日涨停3次，近期活跃；5日涨幅0%，温和上行；主板10cm涨停
2026-04-09,002620,1,92.75,9.92,-1.51,False,-1.51,首板，连板起点；近10日涨停4次，近期活跃；5日涨幅8%，温和上行；主板10cm涨停
2026-04-09,601133,1,84.5,24.68,0.89,False,0.89,首板，连板起点；近10日涨停3次，近期活跃；5日涨幅31%，主升节奏；主板10cm涨停
2026-04-09,601869,1,69.0,398.31,-3.5,False,-3.5,首板，连板起点；近10日涨停2次，有一定活跃度；5日涨幅29%，趋势向上；主板10cm涨停
2026-04-09,600594,1,68.5,5.06,-4.94,False,-4.94,首板，连板起点；近10日涨停2次，有一定活跃度；5日涨幅16%，趋势向上；主板10cm涨停
2026-04-09,600345,1,68.5,49.42,10.0,True,10.0,首板，连板起点；近10日涨停2次，有一定活跃度；5日涨幅16%，趋势向上；主板10cm涨停
2026-04-10,002713,1,93.5,14.23,-0.14,False,-0.14,首板，连板起点；近10日涨停4次，近期活跃；5日涨幅12%，温和上行；主板10cm涨停
2026-04-10,603272,1,93.5,37.02,-8.29,False,-8.29,首板，连板起点；近10日涨停4次，近期活跃；5日涨幅16%，趋势向上；主板10cm涨停
2026-04-10,002263,1,92.75,4.9,1.84,False,1.84,首板，连板起点；近10日涨停4次，近期活跃；5日涨幅4%，温和上行；主板10cm涨停
2026-04-10,600105,1,69.0,38.1,1.57,False,1.57,首板，连板起点；近10日涨停2次，有一定活跃度；5日涨幅26%，趋势向上；主板10cm涨停
2026-04-10,000534,1,68.5,45.68,0.66,False,0.66,首板，连板起点；近10日涨停2次，有一定活跃度；5日涨幅19%，趋势向上；主板10cm涨停
2026-04-13,002980,1,84.0,58.31,10.0,True,10.0,首板，连板起点；近10日涨停3次，近期活跃；5日涨幅27%，趋势向上；主板10cm涨停
2026-04-13,600654,1,84.0,4.49,0.67,False,0.67,首板，连板起点；近10日涨停3次，近期活跃；5日涨幅23%，趋势向上；主板10cm涨停
2026-04-13,001270,1,83.5,129.13,5.0,True,5.0,首板，连板起点；近10日涨停3次，近期活跃；5日涨幅14%，温和上行；主板10cm涨停
2026-04-13,002957,1,69.5,41.36,-1.55,False,-1.55,首板，连板起点；近10日涨停2次，有一定活跃度；5日涨幅35%，主升节奏；主板10cm涨停
2026-04-13,002902,1,68.5,30.88,-1.91,False,-1.91,首板，连板起点；近10日涨停2次，有一定活跃度；5日涨幅14%，温和上行；主板10cm涨停
2026-04-14,002713,1,103.5,14.92,0.2,False,0.2,首板，连板起点；近10日涨停5次，资金反复攻击的强势股；5日涨幅18%，趋势向上；主板10cm涨停
2026-04-14,000889,1,84.5,4.31,9.98,True,9.98,首板，连板起点；近10日涨停3次，近期活跃；5日涨幅32%，主升节奏；主板10cm涨停
2026-04-14,002051,1,82.75,10.82,9.98,True,9.98,首板，连板起点；近10日涨停3次，近期活跃；5日涨幅3%，温和上行；主板10cm涨停
2026-04-14,002213,1,69.5,38.08,-8.48,False,-8.48,首板，连板起点；近10日涨停2次，有一定活跃度；5日涨幅42%，主升节奏；主板10cm涨停
2026-04-14,002328,1,69.5,11.84,5.57,False,5.57,首板，连板起点；近10日涨停2次，有一定活跃度；5日涨幅44%，主升节奏；主板10cm涨停
2026-04-15,600488,1,102.0,6.84,-8.04,False,-8.04,首板，连板起点；近10日涨停5次，资金反复攻击的强势股；5日涨幅-7%，短期滞涨；主板10cm涨停
2026-04-15,603950,1,94.5,59.84,3.02,False,3.02,首板，连板起点；近10日涨停4次，近期活跃；5日涨幅47%，主升节奏；主板10cm涨停
2026-04-15,600581,1,82.75,2.93,1.02,False,1.02,首板，连板起点；近10日涨停3次，近期活跃；5日涨幅10%，温和上行；主板10cm涨停
2026-04-15,600594,1,82.75,4.76,-1.68,False,-1.68,首板，连板起点；近10日涨停3次，近期活跃；5日涨幅3%，温和上行；主板10cm涨停
2026-04-15,002824,1,69.5,29.62,-2.84,False,-2.84,首板，连板起点；近10日涨停2次，有一定活跃度；5日涨幅42%，主升节奏；主板10cm涨停
2026-04-16,002528,1,103.5,5.12,5.08,True,5.08,首板，连板起点；近10日涨停6次，资金反复攻击的强势股；5日涨幅11%，温和上行；主板10cm涨停
2026-04-16,002213,1,83.5,38.34,-1.59,False,-1.59,首板，连板起点；近10日涨停3次，近期活跃；5日涨幅18%，趋势向上；主板10cm涨停
2026-04-16,000711,1,82.75,3.9,5.13,True,5.13,首板，连板起点；近10日涨停3次，近期活跃；5日涨幅6%，温和上行；主板10cm涨停
2026-04-16,000762,1,69.0,37.11,-0.73,False,-0.73,首板，连板起点；近10日涨停2次，有一定活跃度；5日涨幅20%，趋势向上；主板10cm涨停
2026-04-16,002929,1,69.0,65.29,-6.05,False,-6.05,首板，连板起点；近10日涨停2次，有一定活跃度；5日涨幅22%，趋势向上；主板10cm涨停
2026-04-17,002980,1,104.5,73.12,6.67,False,6.67,首板，连板起点；近10日涨停5次，资金反复攻击的强势股；5日涨幅38%，主升节奏；主板10cm涨停
2026-04-17,603629,1,84.5,105.44,1.75,False,1.75,首板，连板起点；近10日涨停3次，近期活跃；5日涨幅45%，主升节奏；主板10cm涨停
2026-04-17,002957,1,84.0,45.97,4.33,False,4.33,首板，连板起点；近10日涨停3次，近期活跃；5日涨幅22%，趋势向上；主板10cm涨停
2026-04-17,603773,1,84.0,52.9,10.0,True,10.0,首板，连板起点；近10日涨停3次，近期活跃；5日涨幅23%，趋势向上；主板10cm涨停
2026-04-17,600152,1,69.5,13.9,0.22,False,0.22,首板，连板起点；近10日涨停2次，有一定活跃度；5日涨幅41%，主升节奏；主板10cm涨停
2026-04-20,001270,1,103.5,142.8,2.94,False,2.94,首板，连板起点；近10日涨停5次，资金反复攻击的强势股；5日涨幅11%，温和上行；主板10cm涨停
2026-04-20,603813,1,102.75,28.77,5.01,True,5.01,首板，连板起点；近10日涨停6次，资金反复攻击的强势股；5日涨幅4%，温和上行；主板10cm涨停
2026-04-20,000586,1,92.0,21.34,-4.17,False,-4.17,首板，连板起点；近10日涨停4次，近期活跃；5日涨幅-1%，短期滞涨；主板10cm涨停
2026-04-20,002491,1,83.5,16.64,0.66,False,0.66,首板，连板起点；近10日涨停3次，近期活跃；5日涨幅12%，温和上行；主板10cm涨停
2026-04-20,600243,1,83.5,3.89,4.88,True,4.88,首板，连板起点；近10日涨停3次，近期活跃；5日涨幅14%，温和上行；主板10cm涨停
2026-04-21,002342,1,69.0,21.42,-5.93,False,-5.93,首板，连板起点；近10日涨停2次，有一定活跃度；5日涨幅25%，趋势向上；主板10cm涨停
2026-04-21,603738,1,69.0,34.67,2.45,False,2.45,首板，连板起点；近10日涨停2次，有一定活跃度；5日涨幅24%，趋势向上；主板10cm涨停
2026-04-21,600396,1,67.75,8.13,9.96,True,9.96,首板，连板起点；近10日涨停2次，有一定活跃度；5日涨幅1%，温和上行；主板10cm涨停
2026-04-21,002338,1,44.0,64.06,1.09,False,1.09,首板，连板起点；近期首次活跃，缺乏涨停惯性；5日涨幅21%，趋势向上；主板10cm涨停
2026-04-21,001268,1,44.0,37.19,0.94,False,0.94,首板，连板起点；近期首次活跃，缺乏涨停惯性；5日涨幅29%，趋势向上；主板10cm涨停
2026-04-22,603773,1,104.0,64.36,-6.0,False,-6.0,首板，连板起点；近10日涨停5次，资金反复攻击的强势股；5日涨幅30%，趋势向上；主板10cm涨停
2026-04-22,001270,1,102.75,154.35,3.21,False,3.21,首板，连板起点；近10日涨停6次，资金反复攻击的强势股；5日涨幅8%，温和上行；主板10cm涨停
2026-04-22,002418,1,94.0,6.74,-3.41,False,-3.41,首板，连板起点；近10日涨停4次，近期活跃；5日涨幅23%，趋势向上；主板10cm涨停
2026-04-22,600683,1,84.5,13.15,1.14,False,1.14,首板，连板起点；近10日涨停3次，近期活跃；5日涨幅33%，主升节奏；主板10cm涨停
2026-04-22,600330,1,84.5,25.87,-1.04,False,-1.04,首板，连板起点；近10日涨停3次，近期活跃；5日涨幅31%，主升节奏；主板10cm涨停
2026-04-23,000609,1,93.5,11.3,5.04,True,5.04,首板，连板起点；近10日涨停4次，近期活跃；5日涨幅16%，趋势向上；主板10cm涨停
2026-04-23,603017,1,69.0,16.46,-7.29,False,-7.29,首板，连板起点；近10日涨停2次，有一定活跃度；5日涨幅28%，趋势向上；主板10cm涨停
2026-04-23,002787,1,68.5,19.44,9.98,True,9.98,首板，连板起点；近10日涨停2次，有一定活跃度；5日涨幅19%，趋势向上；主板10cm涨停
2026-04-23,603315,1,68.5,19.53,-6.3,False,-6.3,首板，连板起点；近10日涨停2次，有一定活跃度；5日涨幅16%，趋势向上；主板10cm涨停
2026-04-23,601778,1,67.75,7.19,-0.28,False,-0.28,首板，连板起点；近10日涨停2次，有一定活跃度；5日涨幅8%，温和上行；主板10cm涨停
2026-04-24,002990,1,92.75,54.11,-10.0,False,-10.0,首板，连板起点；近10日涨停4次，近期活跃；5日涨幅6%，温和上行；主板10cm涨停
2026-04-24,002528,1,92.0,5.11,-5.09,False,-5.09,首板，连板起点；近10日涨停4次，近期活跃；5日涨幅-5%，短期滞涨；主板10cm涨停
2026-04-24,002620,1,84.0,10.97,-5.01,False,-5.01,首板，连板起点；近10日涨停3次，近期活跃；5日涨幅23%，趋势向上；主板10cm涨停
2026-04-24,603389,1,82.75,53.34,1.54,False,1.54,首板，连板起点；近10日涨停3次，近期活跃；5日涨幅4%，温和上行；主板10cm涨停
2026-04-24,000889,1,82.0,4.79,-6.89,False,-6.89,首板，连板起点；近10日涨停3次，近期活跃；5日涨幅-9%，短期滞涨；主板10cm涨停
2026-04-27,600396,1,104.5,10.12,6.72,False,6.72,首板，连板起点；近10日涨停5次，资金反复攻击的强势股；5日涨幅37%，主升节奏；主板10cm涨停
2026-04-27,603813,1,104.0,34.99,5.0,True,5.0,首板，连板起点；近10日涨停6次，资金反复攻击的强势股；5日涨幅22%，趋势向上；主板10cm涨停
2026-04-27,603773,1,93.5,64.13,-1.14,False,-1.14,首板，连板起点；近10日涨停4次，近期活跃；5日涨幅10%，温和上行；主板10cm涨停
2026-04-27,600238,1,83.5,5.23,4.97,True,4.97,首板，连板起点；近10日涨停3次，近期活跃；5日涨幅11%，温和上行；主板10cm涨停
2026-04-27,002289,1,83.5,31.58,5.0,True,5.0,首板，连板起点；近10日涨停3次，近期活跃；5日涨幅13%，温和上行；主板10cm涨停
2026-04-28,002297,1,103.5,22.58,2.79,False,2.79,首板，连板起点；近10日涨停5次，资金反复攻击的强势股；5日涨幅19%，趋势向上；主板10cm涨停
2026-04-28,002081,1,102.75,4.87,10.06,True,10.06,首板，连板起点；近10日涨停5次，资金反复攻击的强势股；5日涨幅8%，温和上行；主板10cm涨停
2026-04-28,600381,1,102.75,3.26,4.91,True,4.91,首板，连板起点；近10日涨停5次，资金反复攻击的强势股；5日涨幅5%，温和上行；主板10cm涨停
2026-04-28,000711,1,93.5,4.59,4.14,False,4.14,首板，连板起点；近10日涨停4次，近期活跃；5日涨幅14%，温和上行；主板10cm涨停
2026-04-28,603629,1,83.5,119.35,10.0,True,10.0,首板，连板起点；近10日涨停3次，近期活跃；5日涨幅18%，趋势向上；主板10cm涨停
2026-04-29,603773,1,102.75,69.74,-0.56,False,-0.56,首板，连板起点；近10日涨停5次，资金反复攻击的强势股；5日涨幅8%，温和上行；主板10cm涨停
2026-04-29,603017,1,82.75,15.29,0.72,False,0.72,首板，连板起点；近10日涨停3次，近期活跃；5日涨幅2%，温和上行；主板10cm涨停
2026-04-29,600338,1,69.0,27.61,-0.11,False,-0.11,首板，连板起点；近10日涨停2次，有一定活跃度；5日涨幅21%，趋势向上；主板10cm涨停
2026-04-29,603738,1,68.5,39.82,-3.77,False,-3.77,首板，连板起点；近10日涨停2次，有一定活跃度；5日涨幅12%，温和上行；主板10cm涨停
2026-04-29,603272,1,68.5,25.52,5.02,True,5.02,首板，连板起点；近10日涨停2次，有一定活跃度；5日涨幅14%，温和上行；主板10cm涨停
2026-04-30,603178,1,82.75,19.46,0.21,False,0.21,首板，连板起点；近10日涨停3次，近期活跃；5日涨幅2%，温和上行；主板10cm涨停
2026-04-30,002990,1,82.75,53.83,8.51,False,8.51,首板，连板起点；近10日涨停3次，近期活跃；5日涨幅9%，温和上行；主板10cm涨停
2026-04-30,600433,1,69.0,4.84,-0.83,False,-0.83,首板，连板起点；近10日涨停2次，有一定活跃度；5日涨幅23%，趋势向上；主板10cm涨停
2026-04-30,000838,1,68.5,1.95,-0.51,False,-0.51,首板，连板起点；近10日涨停2次，有一定活跃度；5日涨幅14%，温和上行；主板10cm涨停
2026-04-30,600208,1,67.75,4.55,2.2,False,2.2,首板，连板起点；近10日涨停2次，有一定活跃度；5日涨幅6%，温和上行；主板10cm涨停
2026-05-06,600396,1,93.5,10.91,9.99,True,9.99,首板，连板起点；近10日涨停4次，近期活跃；5日涨幅19%，趋势向上；主板10cm涨停
2026-05-06,002210,1,84.5,3.28,0.3,False,0.3,首板，连板起点；近10日涨停3次，近期活跃；5日涨幅32%，主升节奏；主板10cm涨停
2026-05-06,600770,1,84.0,8.38,-2.51,False,-2.51,首板，连板起点；近10日涨停3次，近期活跃；5日涨幅20%，趋势向上；主板10cm涨停
2026-05-06,603557,1,84.0,4.47,4.92,True,4.92,首板，连板起点；近10日涨停3次，近期活跃；5日涨幅21%，趋势向上；主板10cm涨停
2026-05-06,002217,1,83.5,3.18,10.06,True,10.06,首板，连板起点；近10日涨停3次，近期活跃；5日涨幅18%，趋势向上；主板10cm涨停
2026-05-07,603095,1,94.5,26.6,-2.78,False,-2.78,首板，连板起点；近10日涨停4次，近期活跃；5日涨幅40%，主升节奏；主板10cm涨停
2026-05-07,600243,1,94.0,4.37,1.6,False,1.6,首板，连板起点；近10日涨停4次，近期活跃；5日涨幅20%，趋势向上；主板10cm涨停
2026-05-07,600726,1,93.5,7.61,-1.31,False,-1.31,首板，连板起点；近10日涨停4次，近期活跃；5日涨幅19%，趋势向上；主板10cm涨停
2026-05-07,002620,1,92.0,9.95,1.51,False,1.51,首板，连板起点；近10日涨停4次，近期活跃；5日涨幅-5%，短期滞涨；主板10cm涨停
2026-05-07,605168,1,84.5,52.27,-0.52,False,-0.52,首板，连板起点；近10日涨停3次，近期活跃；5日涨幅30%，主升节奏；主板10cm涨停
2026-05-08,603843,1,103.5,9.4,-0.21,False,-0.21,首板，连板起点；近10日涨停5次，资金反复攻击的强势股；5日涨幅16%，趋势向上；主板10cm涨停
2026-05-08,603937,1,94.5,18.88,-5.3,False,-5.3,首板，连板起点；近10日涨停4次，近期活跃；5日涨幅50%，主升节奏；主板10cm涨停
2026-05-08,003036,1,69.0,41.91,1.74,False,1.74,首板，连板起点；近10日涨停2次，有一定活跃度；5日涨幅24%，趋势向上；主板10cm涨停
2026-05-08,002199,1,69.0,12.02,4.99,True,4.99,首板，连板起点；近10日涨停2次，有一定活跃度；5日涨幅23%，趋势向上；主板10cm涨停
2026-05-08,002902,1,68.5,36.18,5.03,False,5.03,首板，连板起点；近10日涨停2次，有一定活跃度；5日涨幅15%，温和上行；主板10cm涨停
2026-05-11,600396,1,104.5,13.68,10.01,True,10.01,首板，连板起点；近10日涨停5次，资金反复攻击的强势股；5日涨幅31%，主升节奏；主板10cm涨停
2026-05-11,603272,1,102.75,27.41,5.0,True,5.0,首板，连板起点；近10日涨停5次，资金反复攻击的强势股；5日涨幅7%，温和上行；主板10cm涨停
2026-05-11,000711,1,94.0,5.95,5.04,True,5.04,首板，连板起点；近10日涨停4次，近期活跃；5日涨幅24%，趋势向上；主板10cm涨停
2026-05-11,600379,1,94.0,18.43,-6.73,False,-6.73,首板，连板起点；近10日涨停4次，近期活跃；5日涨幅21%，趋势向上；主板10cm涨停
2026-05-11,603398,1,93.5,14.18,5.01,True,5.01,首板，连板起点；近10日涨停4次，近期活跃；5日涨幅20%，趋势向上；主板10cm涨停
2026-05-12,002081,1,104.5,7.98,-1.25,False,-1.25,首板，连板起点；近10日涨停6次，资金反复攻击的强势股；5日涨幅35%，主升节奏；主板10cm涨停
2026-05-12,002787,1,84.5,25.55,7.12,False,7.12,首板，连板起点；近10日涨停3次，近期活跃；5日涨幅32%，主升节奏；主板10cm涨停
2026-05-12,600082,1,83.5,3.94,5.08,True,5.08,首板，连板起点；近10日涨停3次，近期活跃；5日涨幅18%，趋势向上；主板10cm涨停
2026-05-12,600735,1,82.0,6.66,-1.65,False,-1.65,首板，连板起点；近10日涨停3次，近期活跃；5日涨幅-10%，短期滞涨；主板10cm涨停
2026-05-12,600719,1,69.5,10.62,1.98,False,1.98,首板，连板起点；近10日涨停2次，有一定活跃度；5日涨幅37%，主升节奏；主板10cm涨停
2026-05-13,600379,1,102.75,18.91,0.16,False,0.16,首板，连板起点；近10日涨停5次，资金反复攻击的强势股；5日涨幅2%，温和上行；主板10cm涨停
2026-05-13,600726,1,94.0,8.47,-5.55,False,-5.55,首板，连板起点；近10日涨停4次，近期活跃；5日涨幅22%，趋势向上；主板10cm涨停
2026-05-13,002569,1,94.0,17.26,2.2,False,2.2,首板，连板起点；近10日涨停4次，近期活跃；5日涨幅21%，趋势向上；主板10cm涨停
2026-05-13,000889,1,93.5,5.57,-4.49,False,-4.49,首板，连板起点；近10日涨停4次，近期活跃；5日涨幅15%，温和上行；主板10cm涨停
2026-05-13,603629,1,92.75,172.71,-1.34,False,-1.34,首板，连板起点；近10日涨停4次，近期活跃；5日涨幅9%，温和上行；主板10cm涨停
2026-05-14,600730,1,104.0,12.08,3.06,False,3.06,首板，连板起点；近10日涨停7次，资金反复攻击的强势股；5日涨幅22%，趋势向上；主板10cm涨停
2026-05-14,002289,1,103.5,46.83,-4.14,False,-4.14,首板，连板起点；近10日涨停9次，资金反复攻击的强势股；5日涨幅16%，趋势向上；主板10cm涨停
2026-05-14,603828,1,103.5,5.88,-0.51,False,-0.51,首板，连板起点；近10日涨停5次，资金反复攻击的强势股；5日涨幅11%，温和上行；主板10cm涨停
2026-05-14,000609,1,102.0,15.1,-4.97,False,-4.97,首板，连板起点；近10日涨停6次，资金反复攻击的强势股；5日涨幅-5%，短期滞涨；主板10cm涨停
2026-05-14,002693,1,83.5,10.82,2.68,False,2.68,首板，连板起点；近10日涨停3次，近期活跃；5日涨幅19%，趋势向上；主板10cm涨停
2026-05-15,601991,1,104.5,7.92,0.13,False,0.13,首板，连板起点；近10日涨停6次，资金反复攻击的强势股；5日涨幅43%，主升节奏；主板10cm涨停
2026-05-15,603559,1,104.0,10.07,-4.77,False,-4.77,首板，连板起点；近10日涨停5次，资金反复攻击的强势股；5日涨幅21%，趋势向上；主板10cm涨停
2026-05-15,000668,1,92.75,19.17,-3.34,False,-3.34,首板，连板起点；近10日涨停4次，近期活跃；5日涨幅5%，温和上行；主板10cm涨停
2026-05-15,002175,1,83.5,2.97,-5.05,False,-5.05,首板，连板起点；近10日涨停3次，近期活跃；5日涨幅18%，趋势向上；主板10cm涨停
2026-05-15,603278,1,83.5,16.96,0.65,False,0.65,首板，连板起点；近10日涨停3次，近期活跃；5日涨幅14%，温和上行；主板10cm涨停
2026-05-18,600730,1,103.5,13.07,3.29,False,3.29,首板，连板起点；近10日涨停8次，资金反复攻击的强势股；5日涨幅20%，趋势向上；主板10cm涨停
2026-05-18,000711,1,102.75,6.22,-2.09,False,-2.09,首板，连板起点；近10日涨停5次，资金反复攻击的强势股；5日涨幅5%，温和上行；主板10cm涨停
2026-05-18,603398,1,102.75,14.72,3.87,False,3.87,首板，连板起点；近10日涨停5次，资金反复攻击的强势股；5日涨幅4%，温和上行；主板10cm涨停
2026-05-18,603580,1,102.75,27.04,-4.99,False,-4.99,首板，连板起点；近10日涨停6次，资金反复攻击的强势股；5日涨幅5%，温和上行；主板10cm涨停
2026-05-18,002552,1,93.5,35.34,9.99,True,9.99,首板，连板起点；近10日涨停4次，近期活跃；5日涨幅16%，趋势向上；主板10cm涨停
2026-05-19,002856,1,104.0,19.44,3.5,False,3.5,首板，连板起点；近10日涨停7次，资金反复攻击的强势股；5日涨幅25%，趋势向上；主板10cm涨停
2026-05-19,002207,1,103.5,10.12,-5.04,False,-5.04,首板，连板起点；近10日涨停9次，资金反复攻击的强势股；5日涨幅15%，趋势向上；主板10cm涨停
2026-05-19,603272,1,103.5,32.66,4.9,True,4.9,首板，连板起点；近10日涨停6次，资金反复攻击的强势股；5日涨幅13%，温和上行；主板10cm涨停
2026-05-19,000609,1,92.75,15.45,0.97,False,0.97,首板，连板起点；近10日涨停4次，近期活跃；5日涨幅5%，温和上行；主板10cm涨停
2026-05-19,002512,1,82.75,5.27,-1.71,False,-1.71,首板，连板起点；近10日涨停3次，近期活跃；5日涨幅9%，温和上行；主板10cm涨停
2026-05-20,003004,1,103.5,45.13,9.99,True,9.99,首板，连板起点；近10日涨停5次，资金反复攻击的强势股；5日涨幅13%，温和上行；主板10cm涨停
2026-05-20,002693,1,92.75,10.98,-3.92,False,-3.92,首板，连板起点；近10日涨停4次，近期活跃；5日涨幅7%，温和上行；主板10cm涨停
2026-05-20,600530,1,92.0,7.57,-9.64,False,-9.64,首板，连板起点；近10日涨停4次，近期活跃；5日涨幅-5%，短期滞涨；主板10cm涨停
2026-05-20,603618,1,82.75,42.58,-5.43,False,-5.43,首板，连板起点；近10日涨停3次，近期活跃；5日涨幅8%，温和上行；主板10cm涨停
2026-05-20,601133,1,69.0,33.3,-0.51,False,-0.51,首板，连板起点；近10日涨停2次，有一定活跃度；5日涨幅28%，趋势向上；主板10cm涨停
2026-05-21,600578,1,94.0,8.18,0.49,False,0.49,首板，连板起点；近10日涨停4次，近期活跃；5日涨幅28%，趋势向上；主板10cm涨停
2026-05-21,600936,1,82.75,5.79,-0.17,False,-0.17,首板，连板起点；近10日涨停3次，近期活跃；5日涨幅8%，温和上行；主板10cm涨停
2026-05-21,002940,1,68.5,45.65,-9.99,False,-9.99,首板，连板起点；近10日涨停2次，有一定活跃度；5日涨幅14%，温和上行；主板10cm涨停
2026-05-21,600707,1,67.75,11.42,-2.8,False,-2.8,首板，连板起点；近10日涨停2次，有一定活跃度；5日涨幅6%，温和上行；主板10cm涨停
2026-05-21,600156,1,67.0,13.04,4.22,False,4.22,首板，连板起点；近10日涨停2次，有一定活跃度；5日涨幅-8%，短期滞涨；主板10cm涨停
2026-05-22,002552,1,104.0,39.82,9.99,True,9.99,首板，连板起点；近10日涨停5次，资金反复攻击的强势股；5日涨幅24%，趋势向上；主板10cm涨停
2026-05-22,600530,1,102.75,7.52,-2.79,False,-2.79,首板，连板起点；近10日涨停5次，资金反复攻击的强势股；5日涨幅1%，温和上行；主板10cm涨停
2026-05-22,002199,1,102.0,13.57,5.01,True,5.01,首板，连板起点；近10日涨停5次，资金反复攻击的强势股；5日涨幅-2%，短期滞涨；主板10cm涨停
2026-05-22,002421,1,94.5,4.36,10.09,True,10.09,首板，连板起点；近10日涨停4次，近期活跃；5日涨幅36%，主升节奏；主板10cm涨停
2026-05-22,000711,1,92.0,5.79,5.01,True,5.01,首板，连板起点；近10日涨停4次，近期活跃；5日涨幅-2%，短期滞涨；主板10cm涨停
2026-05-25,002514,1,103.5,4.49,4.9,True,4.9,首板，连板起点；近10日涨停8次，资金反复攻击的强势股；5日涨幅15%，温和上行；主板10cm涨停
2026-05-25,603272,1,103.5,34.63,5.0,True,5.0,首板，连板起点；近10日涨停6次，资金反复攻击的强势股；5日涨幅11%，温和上行；主板10cm涨停
2026-05-25,600578,1,103.5,9.04,1.44,False,1.44,首板，连板起点；近10日涨停5次，资金反复攻击的强势股；5日涨幅17%，趋势向上；主板10cm涨停
2026-05-25,002856,1,102.75,19.06,4.98,True,4.98,首板，连板起点；近10日涨停6次，资金反复攻击的强势股；5日涨幅3%，温和上行；主板10cm涨停
2026-05-25,603378,1,102.75,5.73,-5.06,False,-5.06,首板，连板起点；近10日涨停5次，资金反复攻击的强势股；5日涨幅2%，温和上行；主板10cm涨停
2026-05-26,003004,1,84.5,54.74,0.31,False,0.31,首板，连板起点；近10日涨停3次，近期活跃；5日涨幅33%，主升节奏；主板10cm涨停
2026-05-26,600183,1,84.0,128.17,2.8,False,2.8,首板，连板起点；近10日涨停3次，近期活跃；5日涨幅27%，趋势向上；主板10cm涨停
2026-05-26,001366,1,44.0,18.61,-9.99,False,-9.99,首板，连板起点；近期首次活跃，缺乏涨停惯性；5日涨幅20%，趋势向上；主板10cm涨停
2026-05-26,002733,1,44.0,32.25,4.81,False,4.81,首板，连板起点；近期首次活跃，缺乏涨停惯性；5日涨幅26%，趋势向上；主板10cm涨停
2026-05-26,301591,1,44.0,58.68,-30.81,False,-30.81,首板，连板起点；近期首次活跃，缺乏涨停惯性；5日涨幅28%，趋势向上；20cm大板涨停，弹性大
2026-05-27,002199,1,93.5,15.48,1.29,False,1.29,首板，连板起点；近10日涨停4次，近期活跃；5日涨幅16%，趋势向上；主板10cm涨停
2026-05-27,603663,1,84.5,64.13,-0.67,False,-0.67,首板，连板起点；近10日涨停3次，近期活跃；5日涨幅40%，主升节奏；主板10cm涨停
2026-05-27,603989,1,84.5,34.93,9.99,True,9.99,首板，连板起点；近10日涨停3次，近期活跃；5日涨幅36%，主升节奏；主板10cm涨停
2026-05-27,603115,1,83.5,113.08,-2.37,False,-2.37,首板，连板起点；近10日涨停3次，近期活跃；5日涨幅16%，趋势向上；主板10cm涨停
2026-05-27,600758,1,82.0,4.64,-1.51,False,-1.51,首板，连板起点；近10日涨停3次，近期活跃；5日涨幅-4%，短期滞涨；主板10cm涨停
2026-05-28,002552,1,105.0,55.58,3.81,False,3.81,首板，连板起点；近10日涨停5次，资金反复攻击的强势股；5日涨幅54%，主升节奏；主板10cm涨停
2026-05-28,600302,1,93.5,10.58,1.7,False,1.7,首板，连板起点；近10日涨停4次，近期活跃；5日涨幅11%，温和上行；主板10cm涨停
2026-05-28,600730,1,93.5,14.09,4.68,False,4.68,首板，连板起点；近10日涨停4次，近期活跃；5日涨幅11%，温和上行；主板10cm涨停
2026-05-28,603008,1,92.0,8.58,3.03,False,3.03,首板，连板起点；近10日涨停4次，近期活跃；5日涨幅-4%，短期滞涨；主板10cm涨停
2026-05-28,003036,1,85.0,71.36,-0.5,False,-0.5,首板，连板起点；近10日涨停3次，近期活跃；5日涨幅51%，主升节奏；主板10cm涨停
2026-05-29,002856,1,104.0,22.26,4.99,True,4.99,首板，连板起点；近10日涨停5次，资金反复攻击的强势股；5日涨幅23%，趋势向上；主板10cm涨停
2026-05-29,600381,1,94.0,5.7,-3.51,False,-3.51,首板，连板起点；近10日涨停4次，近期活跃；5日涨幅22%，趋势向上；主板10cm涨停
2026-05-29,600863,1,84.5,7.3,8.49,False,8.49,首板，连板起点；近10日涨停3次，近期活跃；5日涨幅35%，主升节奏；主板10cm涨停
2026-05-29,000669,1,82.75,4.37,1.83,False,1.83,首板，连板起点；近10日涨停3次，近期活跃；5日涨幅5%，温和上行；主板10cm涨停
2026-05-29,002207,1,82.75,8.85,4.97,True,4.97,首板，连板起点；近10日涨停3次，近期活跃；5日涨幅2%，温和上行；主板10cm涨停
2026-06-01,002055,1,102.75,7.77,-5.02,False,-5.02,首板，连板起点；近10日涨停6次，资金反复攻击的强势股；5日涨幅3%，温和上行；主板10cm涨停
2026-06-01,002514,1,102.75,4.57,0.66,False,0.66,首板，连板起点；近10日涨停5次，资金反复攻击的强势股；5日涨幅2%，温和上行；主板10cm涨停
2026-06-01,002421,1,102.0,4.52,9.96,True,9.96,首板，连板起点；近10日涨停5次，资金反复攻击的强势股；5日涨幅-6%，短期滞涨；主板10cm涨停
2026-06-01,003004,1,94.5,65.68,9.09,False,9.09,首板，连板起点；近10日涨停4次，近期活跃；5日涨幅32%，主升节奏；主板10cm涨停
2026-06-01,600302,1,92.75,11.3,-1.77,False,-1.77,首板，连板起点；近10日涨停4次，近期活跃；5日涨幅10%，温和上行；主板10cm涨停
2026-06-02,600162,1,95.0,3.21,4.36,False,4.36,首板，连板起点；近10日涨停4次，近期活跃；5日涨幅53%，主升节奏；主板10cm涨停
2026-06-02,000078,1,93.5,1.85,-3.78,False,-3.78,首板，连板起点；近10日涨停4次，近期活跃；5日涨幅16%，趋势向上；主板10cm涨停
2026-06-02,000056,1,92.75,1.64,1.83,False,1.83,首板，连板起点；近10日涨停4次，近期活跃；5日涨幅7%，温和上行；主板10cm涨停
2026-06-02,002806,1,84.0,20.33,-7.53,False,-7.53,首板，连板起点；近10日涨停3次，近期活跃；5日涨幅28%，趋势向上；主板10cm涨停
2026-06-02,002957,1,84.0,66.69,-0.87,False,-0.87,首板，连板起点；近10日涨停3次，近期活跃；5日涨幅26%，趋势向上；主板10cm涨停
2026-06-03,002323,1,93.5,1.59,-5.03,False,-5.03,首板，连板起点；近10日涨停4次，近期活跃；5日涨幅20%，趋势向上；主板10cm涨停
2026-06-03,600381,1,92.75,5.66,-4.59,False,-4.59,首板，连板起点；近10日涨停4次，近期活跃；5日涨幅4%，温和上行；主板10cm涨停
2026-06-03,000518,1,92.75,3.93,-7.38,False,-7.38,首板，连板起点；近10日涨停4次，近期活跃；5日涨幅0%，温和上行；主板10cm涨停
2026-06-03,603663,1,92.75,67.97,-1.57,False,-1.57,首板，连板起点；近10日涨停4次，近期活跃；5日涨幅6%，温和上行；主板10cm涨停
2026-06-03,605580,1,83.5,28.28,0.81,False,0.81,首板，连板起点；近10日涨停3次，近期活跃；5日涨幅10%，温和上行；主板10cm涨停
2026-06-04,002951,1,94.5,24.79,-10.0,False,-10.0,首板，连板起点；近10日涨停4次，近期活跃；5日涨幅42%，主升节奏；主板10cm涨停
2026-06-04,002806,1,94.0,20.68,-4.35,False,-4.35,首板，连板起点；近10日涨停4次，近期活跃；5日涨幅23%，趋势向上；主板10cm涨停
2026-06-04,003036,1,82.75,74.86,10.01,True,10.01,首板，连板起点；近10日涨停3次，近期活跃；5日涨幅5%，温和上行；主板10cm涨停
2026-06-04,002585,1,82.75,11.8,0.17,False,0.17,首板，连板起点；近10日涨停3次，近期活跃；5日涨幅4%，温和上行；主板10cm涨停
2026-06-04,603989,1,82.0,34.25,3.65,False,3.65,首板，连板起点；近10日涨停3次，近期活跃；5日涨幅-11%，短期滞涨；主板10cm涨停
2026-06-05,002856,1,103.5,25.7,5.02,True,5.02,首板，连板起点；近10日涨停7次，资金反复攻击的强势股；5日涨幅15%，趋势向上；主板10cm涨停
2026-06-05,603272,1,102.75,43.6,-5.0,False,-5.0,首板，连板起点；近10日涨停6次，资金反复攻击的强势股；5日涨幅4%，温和上行；主板10cm涨停
2026-06-05,000010,1,102.0,2.26,2.21,False,2.21,首板，连板起点；近10日涨停6次，资金反复攻击的强势股；5日涨幅-3%，短期滞涨；主板10cm涨停
2026-06-05,002421,1,94.0,5.21,9.98,True,9.98,首板，连板起点；近10日涨停4次，近期活跃；5日涨幅27%，趋势向上；主板10cm涨停
2026-06-05,002613,1,83.5,4.96,10.08,True,10.08,首板，连板起点；近10日涨停3次，近期活跃；5日涨幅12%，温和上行；主板10cm涨停
2026-06-08,300197,1,85.0,3.02,-2.65,False,-2.65,首板，连板起点；近10日涨停3次，近期活跃；5日涨幅56%，主升节奏；20cm大板涨停，弹性大
2026-06-08,002717,1,84.0,1.17,0.85,False,0.85,首板，连板起点；近10日涨停3次，近期活跃；5日涨幅29%，趋势向上；主板10cm涨停
2026-06-08,600280,1,82.75,3.74,-8.56,False,-8.56,首板，连板起点；近10日涨停3次，近期活跃；5日涨幅6%，温和上行；主板10cm涨停
2026-06-08,603378,1,82.75,5.9,0.85,False,0.85,首板，连板起点；近10日涨停3次，近期活跃；5日涨幅4%，温和上行；主板10cm涨停
2026-06-08,600187,1,69.0,1.69,4.73,False,4.73,首板，连板起点；近10日涨停2次，有一定活跃度；5日涨幅21%，趋势向上；主板10cm涨停
2026-06-09,003036,1,94.0,81.95,-1.65,False,-1.65,首板，连板起点；近10日涨停4次，近期活跃；5日涨幅21%，趋势向上；主板10cm涨停
2026-06-09,000010,1,93.5,2.43,-4.94,False,-4.94,首板，连板起点；近10日涨停4次，近期活跃；5日涨幅13%，温和上行；主板10cm涨停
2026-06-09,600381,1,92.75,5.52,-0.18,False,-0.18,首板，连板起点；近10日涨停4次，近期活跃；5日涨幅2%，温和上行；主板10cm涨停
2026-06-09,603330,1,92.75,8.53,5.51,False,5.51,首板，连板起点；近10日涨停4次，近期活跃；5日涨幅10%，温和上行；主板10cm涨停
2026-06-09,002323,1,92.0,1.5,3.33,False,3.33,首板，连板起点；近10日涨停4次，近期活跃；5日涨幅-1%，短期滞涨；主板10cm涨停
2026-06-10,603011,1,92.75,31.9,5.33,False,5.33,首板，连板起点；近10日涨停4次，近期活跃；5日涨幅3%，温和上行；主板10cm涨停
2026-06-10,603823,1,84.5,38.81,9.84,True,9.84,首板，连板起点；近10日涨停3次，近期活跃；5日涨幅35%，主升节奏；主板10cm涨停
2026-06-10,603938,1,69.0,59.98,-1.68,False,-1.68,首板，连板起点；近10日涨停2次，有一定活跃度；5日涨幅27%，趋势向上；主板10cm涨停
2026-06-10,002081,1,67.0,5.94,-9.93,False,-9.93,首板，连板起点；近10日涨停2次，有一定活跃度；5日涨幅-11%，短期滞涨；主板10cm涨停
2026-06-10,001210,1,67.0,25.45,-2.28,False,-2.28,首板，连板起点；近10日涨停2次，有一定活跃度；5日涨幅-29%，短期滞涨；主板10cm涨停
2026-06-11,002856,1,102.75,25.58,-5.0,False,-5.0,首板，连板起点；近10日涨停6次，资金反复攻击的强势股；5日涨幅4%，温和上行；主板10cm涨停
2026-06-11,002717,1,93.5,1.21,3.31,False,3.31,首板，连板起点；近10日涨停4次，近期活跃；5日涨幅14%，温和上行；主板10cm涨停
2026-06-11,002254,1,84.5,18.92,-4.55,False,-4.55,首板，连板起点；近10日涨停3次，近期活跃；5日涨幅34%，主升节奏；主板10cm涨停
2026-06-11,603678,1,82.0,61.91,-6.07,False,-6.07,首板，连板起点；近10日涨停3次，近期活跃；5日涨幅-4%，短期滞涨；主板10cm涨停
2026-06-11,001696,1,69.5,20.96,8.97,True,8.97,首板，连板起点；近10日涨停2次，有一定活跃度；5日涨幅47%，主升节奏；主板10cm涨停
2026-06-12,603020,1,69.0,13.04,-9.97,False,-9.97,首板，连板起点；近10日涨停2次，有一定活跃度；5日涨幅22%，趋势向上；主板10cm涨停
2026-06-12,600539,1,68.5,16.34,-0.24,False,-0.24,首板，连板起点；近10日涨停2次，有一定活跃度；5日涨幅17%，趋势向上；主板10cm涨停
2026-06-12,600869,1,68.5,32.43,0.77,False,0.77,首板，连板起点；近10日涨停2次，有一定活跃度；5日涨幅14%，温和上行；主板10cm涨停
2026-06-12,002830,1,67.75,16.76,-4.83,False,-4.83,首板，连板起点；近10日涨停2次，有一定活跃度；5日涨幅8%，温和上行；主板10cm涨停
2026-06-12,000759,1,67.75,5.83,2.06,False,2.06,首板，连板起点；近10日涨停2次，有一定活跃度；5日涨幅2%，温和上行；主板10cm涨停
2026-06-15,003036,1,84.0,90.38,8.66,False,8.66,首板，连板起点；近10日涨停3次，近期活跃；5日涨幅21%，趋势向上；主板10cm涨停
2026-06-15,605589,1,84.0,64.15,4.54,False,4.54,首板，连板起点；近10日涨停3次，近期活跃；5日涨幅29%，趋势向上；主板10cm涨停
2026-06-15,603678,1,83.5,63.97,5.83,False,5.83,首板，连板起点；近10日涨停3次，近期活跃；5日涨幅13%，温和上行；主板10cm涨停
2026-06-15,002585,1,83.5,12.74,9.97,True,9.97,首板，连板起点；近10日涨停3次，近期活跃；5日涨幅15%，温和上行；主板10cm涨停
2026-06-15,159583,1,82.75,1.983,2.22,False,2.22,首板，连板起点；近10日涨停3次，近期活跃；5日涨幅6%，温和上行；主板10cm涨停
2026-06-16,600500,1,105.0,9.06,1.55,False,1.55,首板，连板起点；近10日涨停5次，资金反复攻击的强势股；5日涨幅52%，主升节奏；主板10cm涨停
2026-06-16,000048,1,102.0,19.11,0.1,False,0.1,首板，连板起点；近10日涨停6次，资金反复攻击的强势股；5日涨幅-3%，短期滞涨；主板10cm涨停
2026-06-16,000029,1,92.75,27.62,3.44,False,3.44,首板，连板起点；近10日涨停4次，近期活跃；5日涨幅8%，温和上行；主板10cm涨停
2026-06-16,002630,1,82.75,2.01,0.5,False,0.5,首板，连板起点；近10日涨停3次，近期活跃；5日涨幅8%，温和上行；主板10cm涨停
2026-06-16,601208,1,69.0,71.74,2.04,False,2.04,首板，连板起点；近10日涨停2次，有一定活跃度；5日涨幅20%，趋势向上；主板10cm涨停
2026-06-17,002254,1,92.75,18.58,0.65,False,0.65,首板，连板起点；近10日涨停4次，近期活跃；5日涨幅8%，温和上行；主板10cm涨停
2026-06-17,159558,1,83.5,3.518,1.53,False,1.53,首板，连板起点；近10日涨停3次，近期活跃；5日涨幅16%，趋势向上；主板10cm涨停
2026-06-17,603020,1,83.5,13.89,0.5,False,0.5,首板，连板起点；近10日涨停3次，近期活跃；5日涨幅16%，趋势向上；主板10cm涨停
2026-06-17,600176,1,69.5,54.6,-2.01,False,-2.01,首板，连板起点；近10日涨停2次，有一定活跃度；5日涨幅39%，主升节奏；主板10cm涨停
2026-06-17,000823,1,69.0,22.11,-2.31,False,-2.31,首板，连板起点；近10日涨停2次，有一定活跃度；5日涨幅21%，趋势向上；主板10cm涨停
2026-06-18,002971,1,104.0,67.38,8.01,False,8.01,首板，连板起点；近10日涨停5次，资金反复攻击的强势股；5日涨幅28%，趋势向上；主板10cm涨停
2026-06-18,603843,1,92.75,8.8,-0.45,False,-0.45,首板，连板起点；近10日涨停4次，近期活跃；5日涨幅6%，温和上行；主板10cm涨停
2026-06-18,002354,1,92.0,7.73,9.96,True,9.96,首板，连板起点；近10日涨停4次，近期活跃；5日涨幅-3%，短期滞涨；主板10cm涨停
2026-06-18,600226,1,84.5,9.76,8.4,False,8.4,首板，连板起点；近10日涨停3次，近期活跃；5日涨幅30%，主升节奏；主板10cm涨停
2026-06-18,000608,1,84.0,7.59,0.66,False,0.66,首板，连板起点；近10日涨停3次，近期活跃；5日涨幅21%，趋势向上；主板10cm涨停
2026-06-22,603002,1,104.5,25.94,-9.98,False,-9.98,首板，连板起点；近10日涨停5次，资金反复攻击的强势股；5日涨幅49%，主升节奏；主板10cm涨停
2026-06-22,603065,1,104.0,17.18,4.19,False,4.19,首板，连板起点；近10日涨停5次，资金反复攻击的强势股；5日涨幅26%，趋势向上；主板10cm涨停
2026-06-22,603959,1,94.0,4.67,-4.93,False,-4.93,首板，连板起点；近10日涨停4次，近期活跃；5日涨幅20%，趋势向上；主板10cm涨停
2026-06-22,603823,1,93.5,51.38,1.6,False,1.6,首板，连板起点；近10日涨停4次，近期活跃；5日涨幅19%，趋势向上；主板10cm涨停
2026-06-22,000823,1,93.5,23.76,-10.02,False,-10.02,首板，连板起点；近10日涨停4次，近期活跃；5日涨幅18%，趋势向上；主板10cm涨停
2026-06-23,002141,1,94.5,4.95,-3.84,False,-3.84,首板，连板起点；近10日涨停4次，近期活跃；5日涨幅40%，主升节奏；主板10cm涨停
2026-06-23,603335,1,82.75,9.02,-8.31,False,-8.31,首板，连板起点；近10日涨停3次，近期活跃；5日涨幅2%，温和上行；主板10cm涨停
2026-06-23,600707,1,69.5,13.64,-0.81,False,-0.81,首板，连板起点；近10日涨停2次，有一定活跃度；5日涨幅30%，主升节奏；主板10cm涨停
2026-06-23,603318,1,69.5,11.69,-10.01,False,-10.01,首板，连板起点；近10日涨停2次，有一定活跃度；5日涨幅33%，主升节奏；主板10cm涨停
2026-06-23,002976,1,67.75,31.9,6.77,False,6.77,首板，连板起点；近10日涨停2次，有一定活跃度；5日涨幅8%，温和上行；主板10cm涨停
2026-06-24,603989,1,94.5,48.86,10.01,True,10.01,首板，连板起点；近10日涨停4次，近期活跃；5日涨幅42%，主升节奏；主板10cm涨停
2026-06-24,002354,1,94.0,8.92,-9.98,False,-9.98,首板，连板起点；近10日涨停4次，近期活跃；5日涨幅23%，趋势向上；主板10cm涨停
2026-06-24,002080,1,93.5,84.48,10.0,True,10.0,首板，连板起点；近10日涨停4次，近期活跃；5日涨幅13%，温和上行；主板10cm涨停
2026-06-24,159558,1,93.5,3.887,3.11,False,3.11,首板，连板起点；近10日涨停4次，近期活跃；5日涨幅19%，趋势向上；主板10cm涨停
2026-06-24,159801,1,93.5,1.491,5.37,True,5.37,首板，连板起点；近10日涨停4次，近期活跃；5日涨幅19%，趋势向上；主板10cm涨停
2026-06-25,000811,1,94.5,53.52,-0.75,False,-0.75,首板，连板起点；近10日涨停4次，近期活跃；5日涨幅47%，主升节奏；主板10cm涨停
2026-06-25,603065,1,94.5,20.13,8.54,False,8.54,首板，连板起点；近10日涨停4次，近期活跃；5日涨幅36%，主升节奏；主板10cm涨停
2026-06-25,002141,1,94.0,5.24,9.92,True,9.92,首板，连板起点；近10日涨停4次，近期活跃；5日涨幅22%，趋势向上；主板10cm涨停
2026-06-25,600500,1,92.0,8.64,3.24,False,3.24,首板，连板起点；近10日涨停4次，近期活跃；5日涨幅-6%，短期滞涨；主板10cm涨停
2026-06-25,002068,1,85.0,14.83,-1.55,False,-1.55,首板，连板起点；近10日涨停3次，近期活跃；5日涨幅56%，主升节奏；主板10cm涨停
2026-06-26,603261,1,84.0,57.2,-8.02,False,-8.02,首板，连板起点；近10日涨停3次，近期活跃；5日涨幅28%，趋势向上；主板10cm涨停
2026-06-26,002354,1,83.5,8.83,3.17,False,3.17,首板，连板起点；近10日涨停3次，近期活跃；5日涨幅14%，温和上行；主板10cm涨停
2026-06-26,600545,1,82.0,7.1,5.49,False,5.49,首板，连板起点；近10日涨停3次，近期活跃；5日涨幅-2%，短期滞涨；主板10cm涨停
2026-06-26,600552,1,69.0,29.6,6.35,False,6.35,首板，连板起点；近10日涨停2次，有一定活跃度；5日涨幅27%，趋势向上；主板10cm涨停
2026-06-26,601133,1,69.0,38.28,10.01,True,10.01,首板，连板起点；近10日涨停2次，有一定活跃度；5日涨幅22%，趋势向上；主板10cm涨停
2026-06-29,159801,1,103.5,1.635,2.45,False,2.45,首板，连板起点；近10日涨停5次，资金反复攻击的强势股；5日涨幅13%，温和上行；主板10cm涨停
2026-06-29,159665,1,103.5,3.42,3.13,False,3.13,首板，连板起点；近10日涨停5次，资金反复攻击的强势股；5日涨幅13%，温和上行；主板10cm涨停
2026-06-29,603959,1,102.0,4.51,-2.88,False,-2.88,首板，连板起点；近10日涨停5次，资金反复攻击的强势股；5日涨幅-3%，短期滞涨；主板10cm涨停
2026-06-29,159310,1,93.5,3.986,3.61,False,3.61,首板，连板起点；近10日涨停4次，近期活跃；5日涨幅14%，温和上行；主板10cm涨停
2026-06-29,159995,1,93.5,3.298,2.79,False,2.79,首板，连板起点；近10日涨停4次，近期活跃；5日涨幅13%，温和上行；主板10cm涨停
2026-06-30,000811,1,104.0,56.22,-2.35,False,-2.35,首板，连板起点；近10日涨停5次，资金反复攻击的强势股；5日涨幅25%，趋势向上；主板10cm涨停
2026-06-30,002167,1,93.5,22.07,10.01,True,10.01,首板，连板起点；近10日涨停4次，近期活跃；5日涨幅13%，温和上行；主板10cm涨停
2026-06-30,002106,1,84.0,17.52,3.03,False,3.03,首板，连板起点；近10日涨停3次，近期活跃；5日涨幅23%，趋势向上；主板10cm涨停
2026-06-30,002897,1,82.75,87.98,-6.02,False,-6.02,首板，连板起点；近10日涨停3次，近期活跃；5日涨幅4%，温和上行；主板10cm涨停
2026-06-30,603335,1,82.75,9.05,2.21,False,2.21,首板，连板起点；近10日涨停3次，近期活跃；5日涨幅0%，温和上行；主板10cm涨停
2026-07-01,600397,1,103.5,29.95,-4.84,False,-4.84,首板，连板起点；近10日涨停5次，资金反复攻击的强势股；5日涨幅17%，趋势向上；主板10cm涨停
2026-07-01,603595,1,102.75,35.04,1.77,False,1.77,首板，连板起点；近10日涨停6次，资金反复攻击的强势股；5日涨幅4%，温和上行；主板10cm涨停
2026-07-01,600667,1,84.5,32.1,-10.0,False,-10.0,首板，连板起点；近10日涨停3次，近期活跃；5日涨幅40%，主升节奏；主板10cm涨停
2026-07-01,000609,1,84.0,13.43,1.27,False,1.27,首板，连板起点；近10日涨停3次，近期活跃；5日涨幅21%，趋势向上；主板10cm涨停
2026-07-01,603021,1,82.75,6.92,5.06,True,5.06,首板，连板起点；近10日涨停3次，近期活跃；5日涨幅4%，温和上行；主板10cm涨停
2026-07-02,002674,1,102.75,28.25,2.76,False,2.76,首板，连板起点；近10日涨停7次，资金反复攻击的强势股；5日涨幅8%，温和上行；主板10cm涨停
2026-07-02,002354,1,94.0,10.34,-9.38,False,-9.38,首板，连板起点；近10日涨停4次，近期活跃；5日涨幅29%，趋势向上；主板10cm涨停
2026-07-02,603928,1,84.5,15.84,-7.2,False,-7.2,首板，连板起点；近10日涨停3次，近期活跃；5日涨幅42%，主升节奏；主板10cm涨停
2026-07-02,603580,1,83.5,27.39,10.0,True,10.0,首板，连板起点；近10日涨停3次，近期活跃；5日涨幅15%，趋势向上；主板10cm涨停
2026-07-02,002842,1,82.0,50.17,-10.01,False,-10.01,首板，连板起点；近10日涨停3次，近期活跃；5日涨幅-2%，短期滞涨；主板10cm涨停
2026-07-03,002485,1,103.5,5.85,6.67,True,6.67,首板，连板起点；近10日涨停5次，资金反复攻击的强势股；5日涨幅13%，温和上行；主板10cm涨停
2026-07-03,002822,1,103.5,3.43,-4.96,False,-4.96,首板，连板起点；近10日涨停7次，资金反复攻击的强势股；5日涨幅18%，趋势向上；主板10cm涨停
2026-07-03,002141,1,92.0,5.14,9.92,True,9.92,首板，连板起点；近10日涨停4次，近期活跃；5日涨幅-11%，短期滞涨；主板10cm涨停
2026-07-03,002747,1,84.0,44.77,2.81,False,2.81,首板，连板起点；近10日涨停3次，近期活跃；5日涨幅29%，趋势向上；主板10cm涨停
2026-07-03,002717,1,83.5,1.07,-4.67,False,-4.67,首板，连板起点；近10日涨停3次，近期活跃；5日涨幅14%，温和上行；主板10cm涨停
2026-07-06,600180,1,94.0,1.54,-9.74,False,-9.74,首板，连板起点；近10日涨停4次，近期活跃；5日涨幅29%，趋势向上；主板10cm涨停
2026-07-06,600172,1,83.5,18.55,-1.02,False,-1.02,首板，连板起点；近10日涨停3次，近期活跃；5日涨幅15%，温和上行；主板10cm涨停
2026-07-06,000838,1,83.5,1.9,-10.0,False,-10.0,首板，连板起点；近10日涨停3次，近期活跃；5日涨幅19%，趋势向上；主板10cm涨停
2026-07-06,600470,1,83.5,6.69,3.14,False,3.14,首板，连板起点；近10日涨停3次，近期活跃；5日涨幅13%，温和上行；主板10cm涨停
2026-07-06,603067,1,83.5,48.73,-8.66,False,-8.66,首板，连板起点；近10日涨停3次，近期活跃；5日涨幅16%，趋势向上；主板10cm涨停
2026-07-07,000711,1,93.5,5.42,4.98,True,4.98,首板，连板起点；近10日涨停4次，近期活跃；5日涨幅19%，趋势向上；主板10cm涨停
2026-07-07,688432,1,68.5,46.14,-2.88,False,-2.88,首板，连板起点；近10日涨停2次，有一定活跃度；5日涨幅15%，趋势向上；20cm大板涨停，弹性大
2026-07-07,001229,1,67.75,38.82,9.99,True,9.99,首板，连板起点；近10日涨停2次，有一定活跃度；5日涨幅7%，温和上行；主板10cm涨停
2026-07-07,002323,1,67.75,1.44,2.08,False,2.08,首板，连板起点；近10日涨停2次，有一定活跃度；5日涨幅7%，温和上行；主板10cm涨停
2026-07-07,301516,1,44.5,18.72,2.14,False,2.14,首板，连板起点；近期首次活跃，缺乏涨停惯性；5日涨幅32%，主升节奏；20cm大板涨停，弹性大
2026-07-08,002175,1,104.0,2.86,-0.7,False,-0.7,首板，连板起点；近10日涨停5次，资金反复攻击的强势股；5日涨幅21%，趋势向上；主板10cm涨停
2026-07-08,002674,1,103.5,29.15,5.69,False,5.69,首板，连板起点；近10日涨停5次，资金反复攻击的强势股；5日涨幅14%，温和上行；主板10cm涨停
2026-07-08,000016,1,102.0,2.52,-1.98,False,-1.98,首板，连板起点；近10日涨停6次，资金反复攻击的强势股；5日涨幅-6%，短期滞涨；主板10cm涨停
2026-07-08,002396,1,94.5,29.1,-0.48,False,-0.48,首板，连板起点；近10日涨停4次，近期活跃；5日涨幅38%，主升节奏；主板10cm涨停
2026-07-08,603789,1,94.0,7.03,0.43,False,0.43,首板，连板起点；近10日涨停4次，近期活跃；5日涨幅22%，趋势向上；主板10cm涨停
2026-07-09,603378,1,83.5,5.94,-1.68,False,-1.68,首板，连板起点；近10日涨停3次，近期活跃；5日涨幅15%，趋势向上；主板10cm涨停
2026-07-09,688432,1,83.5,53.77,5.26,False,5.26,首板，连板起点；近10日涨停3次，近期活跃；5日涨幅17%，趋势向上；20cm大板涨停，弹性大
2026-07-09,002667,1,82.0,11.6,-3.02,False,-3.02,首板，连板起点；近10日涨停3次，近期活跃；5日涨幅-2%，短期滞涨；主板10cm涨停
2026-07-09,301379,1,69.5,36.97,-3.71,False,-3.71,首板，连板起点；近10日涨停2次，有一定活跃度；5日涨幅38%，主升节奏；20cm大板涨停，弹性大
2026-07-09,603222,1,69.0,10.12,-2.37,False,-2.37,首板，连板起点；近10日涨停2次，有一定活跃度；5日涨幅23%，趋势向上；主板10cm涨停
2026-07-10,002856,1,102.0,17.96,-6.46,False,-6.46,首板，连板起点；近10日涨停5次，资金反复攻击的强势股；5日涨幅-11%，短期滞涨；主板10cm涨停
2026-07-10,600370,1,93.5,1.82,3.3,False,3.3,首板，连板起点；近10日涨停4次，近期活跃；5日涨幅10%，温和上行；主板10cm涨停
2026-07-10,000620,1,82.75,3.63,-7.44,False,-7.44,首板，连板起点；近10日涨停3次，近期活跃；5日涨幅1%，温和上行；主板10cm涨停
2026-07-10,600084,1,82.75,4.32,1.85,False,1.85,首板，连板起点；近10日涨停3次，近期活跃；5日涨幅2%，温和上行；主板10cm涨停
2026-07-10,603155,1,82.75,28.28,-10.01,False,-10.01,首板，连板起点；近10日涨停3次，近期活跃；5日涨幅5%，温和上行；主板10cm涨停
2026-07-13,603137,1,105.0,29.43,9.99,True,9.99,首板，连板起点；近10日涨停7次，资金反复攻击的强势股；5日涨幅55%，主升节奏；主板10cm涨停
2026-07-13,600759,1,103.5,2.68,10.07,True,10.07,首板，连板起点；近10日涨停5次，资金反复攻击的强势股；5日涨幅15%，趋势向上；主板10cm涨停
2026-07-13,000078,1,102.75,2.08,10.1,True,10.1,首板，连板起点；近10日涨停6次，资金反复攻击的强势股；5日涨幅5%，温和上行；主板10cm涨停
2026-07-13,000004,1,84.0,0.51,,False,,首板，连板起点；近10日涨停3次，近期活跃；5日涨幅24%，趋势向上；主板10cm涨停
2026-07-13,603021,1,82.75,7.41,-0.13,False,-0.13,首板，连板起点；近10日涨停3次，近期活跃；5日涨幅3%，温和上行；主板10cm涨停
2026-07-14,000639,1,94.0,1.58,-3.8,False,-3.8,首板，连板起点；近10日涨停4次，近期活跃；5日涨幅30%，趋势向上；主板10cm涨停
2026-07-14,002360,1,93.5,5.6,5.18,True,5.18,首板，连板起点；近10日涨停4次，近期活跃；5日涨幅11%，温和上行；主板10cm涨停
2026-07-14,600180,1,93.5,1.57,3.82,False,3.82,首板，连板起点；近10日涨停4次，近期活跃；5日涨幅13%，温和上行；主板10cm涨停
2026-07-14,000677,1,83.5,1.76,2.27,False,2.27,首板，连板起点；近10日涨停3次，近期活跃；5日涨幅17%，趋势向上；主板10cm涨停
2026-07-14,605189,1,82.0,14.22,9.99,True,9.99,首板，连板起点；近10日涨停3次，近期活跃；5日涨幅-2%，短期滞涨；主板10cm涨停
2026-07-15,000838,1,104.0,2.35,-9.79,False,-9.79,首板，连板起点；近10日涨停5次，资金反复攻击的强势股；5日涨幅25%，趋势向上；主板10cm涨停
2026-07-15,002726,1,84.0,1.83,9.84,True,9.84,首板，连板起点；近10日涨停3次，近期活跃；5日涨幅25%，趋势向上；主板10cm涨停
2026-07-15,605199,1,83.5,6.29,-1.75,False,-1.75,首板，连板起点；近10日涨停3次，近期活跃；5日涨幅10%，温和上行；主板10cm涨停
2026-07-15,603538,1,82.0,39.0,-1.67,False,-1.67,首板，连板起点；近10日涨停3次，近期活跃；5日涨幅-1%，短期滞涨；主板10cm涨停
2026-07-15,001317,1,68.5,51.07,0.45,False,0.45,首板，连板起点；近10日涨停2次，有一定活跃度；5日涨幅17%，趋势向上；主板10cm涨停
2026-07-16,600491,1,94.5,1.42,-4.93,False,-4.93,首板，连板起点；近10日涨停4次，近期活跃；5日涨幅39%，主升节奏；主板10cm涨停
2026-07-16,000639,1,94.0,1.67,-10.18,False,-10.18,首板，连板起点；近10日涨停4次，近期活跃；5日涨幅22%，趋势向上；主板10cm涨停
2026-07-16,000892,1,92.75,3.87,-7.24,False,-7.24,首板，连板起点；近10日涨停4次，近期活跃；5日涨幅1%，温和上行；主板10cm涨停
2026-07-16,000677,1,83.5,1.98,-9.09,False,-9.09,首板，连板起点；近10日涨停3次，近期活跃；5日涨幅18%，趋势向上；主板10cm涨停
2026-07-16,600187,1,82.75,1.57,0.64,False,0.64,首板，连板起点；近10日涨停3次，近期活跃；5日涨幅5%，温和上行；主板10cm涨停
2026-07-17,600992,1,83.5,11.72,-5.89,False,-5.89,首板，连板起点；近10日涨停3次，近期活跃；5日涨幅10%，温和上行；主板10cm涨停
2026-07-17,002677,1,82.75,7.95,-9.94,False,-9.94,首板，连板起点；近10日涨停3次，近期活跃；5日涨幅10%，温和上行；主板10cm涨停
2026-07-17,001388,1,82.0,24.74,8.0,False,8.0,首板，连板起点；近10日涨停3次，近期活跃；5日涨幅-8%，短期滞涨；主板10cm涨停
2026-07-17,002432,1,69.5,79.2,-8.46,False,-8.46,首板，连板起点；近10日涨停2次，有一定活跃度；5日涨幅35%，主升节奏；主板10cm涨停
2026-07-17,003001,1,69.5,19.56,-10.02,False,-10.02,首板，连板起点；近10日涨停2次，有一定活跃度；5日涨幅38%，主升节奏；主板10cm涨停
2026-07-20,000838,1,102.0,2.27,-7.49,False,-7.49,首板，连板起点；近10日涨停5次，资金反复攻击的强势股；5日涨幅-1%，短期滞涨；主板10cm涨停
2026-07-20,600759,1,92.75,2.76,-7.97,False,-7.97,首板，连板起点；近10日涨停4次，近期活跃；5日涨幅3%，温和上行；主板10cm涨停
2026-07-20,600746,1,69.0,6.64,-1.51,False,-1.51,首板，连板起点；近10日涨停2次，有一定活跃度；5日涨幅27%，趋势向上；主板10cm涨停
2026-07-20,600403,1,68.5,5.28,-1.89,False,-1.89,首板，连板起点；近10日涨停2次，有一定活跃度；5日涨幅14%，温和上行；主板10cm涨停
2026-07-20,603823,1,68.5,77.2,6.13,False,6.13,首板，连板起点；近10日涨停2次，有一定活跃度；5日涨幅17%，趋势向上；主板10cm涨停
2026-07-21,600664,1,104.5,5.84,2.4,False,2.4,首板，连板起点；近10日涨停5次，资金反复攻击的强势股；5日涨幅43%，主升节奏；主板10cm涨停
2026-07-21,002432,1,84.5,79.75,2.37,False,2.37,首板，连板起点；近10日涨停3次，近期活跃；5日涨幅31%，主升节奏；主板10cm涨停
2026-07-21,002726,1,83.5,1.98,-0.51,False,-0.51,首板，连板起点；近10日涨停3次，近期活跃；5日涨幅17%，趋势向上；主板10cm涨停
2026-07-21,159206,1,67.0,1.315,-1.67,False,-1.67,首板，连板起点；近10日涨停2次，有一定活跃度；5日涨幅-14%，短期滞涨；主板10cm涨停
2026-07-21,159259,1,67.0,1.381,-3.84,False,-3.84,首板，连板起点；近10日涨停2次，有一定活跃度；5日涨幅-13%，短期滞涨；主板10cm涨停
2026-07-22,000838,1,102.0,2.31,3.46,False,3.46,首板，连板起点；近10日涨停5次，资金反复攻击的强势股；5日涨幅-2%，短期滞涨；主板10cm涨停
2026-07-22,603580,1,92.75,40.03,5.15,False,5.15,首板，连板起点；近10日涨停4次，近期活跃；5日涨幅8%，温和上行；主板10cm涨停
2026-07-22,600403,1,82.75,5.7,4.21,False,4.21,首板，连板起点；近10日涨停3次，近期活跃；5日涨幅1%，温和上行；主板10cm涨停
2026-07-22,600644,1,69.5,10.6,-1.6,False,-1.6,首板，连板起点；近10日涨停2次，有一定活跃度；5日涨幅31%，主升节奏；主板10cm涨停
2026-07-22,600722,1,69.0,9.91,9.99,True,9.99,首板，连板起点；近10日涨停2次，有一定活跃度；5日涨幅23%，趋势向上；主板10cm涨停
2026-07-23,001388,1,92.0,23.82,-9.99,False,-9.99,首板，连板起点；近10日涨停4次，近期活跃；5日涨幅-29%，短期滞涨；主板10cm涨停
2026-07-23,003001,1,82.75,18.54,9.98,True,9.98,首板，连板起点；近10日涨停3次，近期活跃；5日涨幅4%，温和上行；主板10cm涨停
2026-07-23,002379,1,68.5,20.45,-6.8,False,-6.8,首板，连板起点；近10日涨停2次，有一定活跃度；5日涨幅10%，温和上行；主板10cm涨停
2026-07-23,002542,1,68.5,1.65,-3.03,False,-3.03,首板，连板起点；近10日涨停2次，有一定活跃度；5日涨幅18%，趋势向上；主板10cm涨停
2026-07-23,603567,1,68.5,6.5,-10.0,False,-10.0,首板，连板起点；近10日涨停2次，有一定活跃度；5日涨幅19%，趋势向上；主板10cm涨停
2026-07-24,603580,1,102.75,46.3,3.48,False,3.48,首板，连板起点；近10日涨停5次，资金反复攻击的强势股；5日涨幅3%，温和上行；主板10cm涨停
2026-07-24,301583,1,84.0,174.0,0.57,False,0.57,首板，连板起点；近10日涨停3次，近期活跃；5日涨幅28%，趋势向上；20cm大板涨停，弹性大
2026-07-24,002265,1,44.0,19.34,2.43,False,2.43,首板，连板起点；近期首次活跃，缺乏涨停惯性；5日涨幅21%，趋势向上；主板10cm涨停
2026-07-24,688237,1,44.0,65.45,8.79,False,8.79,首板，连板起点；近期首次活跃，缺乏涨停惯性；5日涨幅22%，趋势向上；20cm大板涨停，弹性大
2026-07-24,002388,1,43.5,4.36,10.09,True,10.09,首板，连板起点；近期首次活跃，缺乏涨停惯性；5日涨幅12%，温和上行；主板10cm涨停
2026-07-27,001258,1,105.0,14.33,-9.98,False,-9.98,首板，连板起点；近10日涨停6次，资金反复攻击的强势股；5日涨幅57%，主升节奏；主板10cm涨停
2026-07-27,002726,1,92.75,1.88,0.53,False,0.53,首板，连板起点；近10日涨停4次，近期活跃；5日涨幅1%，温和上行；主板10cm涨停
2026-07-27,002900,1,84.0,12.54,3.51,False,3.51,首板，连板起点；近10日涨停3次，近期活跃；5日涨幅25%，趋势向上；主板10cm涨停
2026-07-27,000566,1,83.5,5.3,10.0,True,10.0,首板，连板起点；近10日涨停3次，近期活跃；5日涨幅11%，温和上行；主板10cm涨停
2026-07-27,000676,1,83.5,7.12,4.63,False,4.63,首板，连板起点；近10日涨停3次，近期活跃；5日涨幅12%，温和上行；主板10cm涨停
2026-07-28,603580,1,104.5,52.7,10.0,True,10.0,首板，连板起点；近10日涨停6次，资金反复攻击的强势股；5日涨幅45%，主升节奏；主板10cm涨停
2026-07-28,605162,1,69.5,9.23,-5.31,False,-5.31,首板，连板起点；近10日涨停2次，有一定活跃度；5日涨幅32%，主升节奏；主板10cm涨停
2026-07-28,002199,1,69.0,12.17,10.02,True,10.02,首板，连板起点；近10日涨停2次，有一定活跃度；5日涨幅25%，趋势向上；主板10cm涨停
2026-07-28,000078,1,67.75,1.67,0.0,False,0.0,首板，连板起点；近10日涨停2次，有一定活跃度；5日涨幅3%，温和上行；主板10cm涨停
2026-07-28,000639,1,67.75,1.51,3.31,False,3.31,首板，连板起点；近10日涨停2次，有一定活跃度；5日涨幅6%，温和上行；主板10cm涨停
2026-07-29,002726,1,92.75,2.08,5.29,True,5.29,首板，连板起点；近10日涨停4次，近期活跃；5日涨幅6%，温和上行；主板10cm涨停
2026-07-29,600722,1,92.75,10.19,6.77,False,6.77,首板，连板起点；近10日涨停4次，近期活跃；5日涨幅3%，温和上行；主板10cm涨停
2026-07-29,003001,1,83.5,19.43,-9.98,False,-9.98,首板，连板起点；近10日涨停3次，近期活跃；5日涨幅15%，趋势向上；主板10cm涨停
2026-07-29,600227,1,82.75,3.38,-3.25,False,-3.25,首板，连板起点；近10日涨停3次，近期活跃；5日涨幅7%，温和上行；主板10cm涨停
2026-07-29,002731,1,82.0,1.87,10.16,True,10.16,首板，连板起点；近10日涨停3次，近期活跃；5日涨幅-2%，短期滞涨；主板10cm涨停
2026-07-30,000566,1,93.5,5.95,-1.51,False,-1.51,首板，连板起点；近10日涨停4次，近期活跃；5日涨幅17%，趋势向上；主板10cm涨停
2026-07-30,002547,1,68.5,2.43,2.88,False,2.88,首板，连板起点；近10日涨停2次，有一定活跃度；5日涨幅17%，趋势向上；主板10cm涨停
2026-07-30,600162,1,67.75,2.89,10.03,True,10.03,首板，连板起点；近10日涨停2次，有一定活跃度；5日涨幅9%，温和上行；主板10cm涨停
2026-07-30,300996,1,44.0,15.52,19.97,True,19.97,首板，连板起点；近期首次活跃，缺乏涨停惯性；5日涨幅28%，趋势向上；20cm大板涨停，弹性大
2026-07-30,300894,1,44.0,11.8,-2.29,False,-2.29,首板，连板起点；近期首次活跃，缺乏涨停惯性；5日涨幅24%，趋势向上；20cm大板涨停，弹性大
2026-07-31,000815,1,92.0,15.18,10.01,True,10.01,首板，连板起点；近10日涨停4次，近期活跃；5日涨幅-6%，短期滞涨；主板10cm涨停
2026-07-31,003001,1,92.0,19.24,9.98,True,9.98,首板，连板起点；近10日涨停4次，近期活跃；5日涨幅-6%，短期滞涨；主板10cm涨停
2026-07-31,000428,1,84.5,4.21,-5.23,False,-5.23,首板，连板起点；近10日涨停3次，近期活跃；5日涨幅38%，主升节奏；主板10cm涨停
2026-07-31,300795,1,84.5,16.44,-13.63,False,-13.63,首板，连板起点；近10日涨停3次，近期活跃；5日涨幅49%，主升节奏；20cm大板涨停，弹性大
2026-07-31,603843,1,83.5,7.33,-4.37,False,-4.37,首板，连板起点；近10日涨停3次，近期活跃；5日涨幅12%，温和上行；主板10cm涨停
2026-08-03,002879,1,102.0,17.88,4.92,False,4.92,首板，连板起点；近10日涨停5次，资金反复攻击的强势股；5日涨幅-10%，短期滞涨；主板10cm涨停
2026-08-03,002667,1,94.0,12.19,-2.3,False,-2.3,首板，连板起点；近10日涨停4次，近期活跃；5日涨幅29%，趋势向上；主板10cm涨停
2026-08-03,000533,1,92.75,11.45,10.04,True,10.04,首板，连板起点；近10日涨停4次，近期活跃；5日涨幅9%，温和上行；主板10cm涨停
2026-08-03,002514,1,83.5,2.0,0.0,False,0.0,首板，连板起点；近10日涨停3次，近期活跃；5日涨幅16%，趋势向上；主板10cm涨停
2026-08-03,002542,1,83.5,1.81,-1.1,False,-1.1,首板，连板起点；近10日涨停3次，近期活跃；5日涨幅12%，温和上行；主板10cm涨停
2026-08-04,605068,1,94.0,21.47,2.24,False,2.24,首板，连板起点；近10日涨停4次，近期活跃；5日涨幅26%，趋势向上；主板10cm涨停
2026-08-04,002199,1,93.5,13.53,1.63,False,1.63,首板，连板起点；近10日涨停4次，近期活跃；5日涨幅11%，温和上行；主板10cm涨停
2026-08-04,603580,1,92.75,53.79,4.52,False,4.52,首板，连板起点；近10日涨停4次，近期活跃；5日涨幅2%，温和上行；主板10cm涨停
2026-08-04,603595,1,82.75,22.69,4.28,False,4.28,首板，连板起点；近10日涨停3次，近期活跃；5日涨幅4%，温和上行；主板10cm涨停
2026-08-04,603400,1,82.75,45.03,-0.13,False,-0.13,首板，连板起点；近10日涨停3次，近期活跃；5日涨幅5%，温和上行；主板10cm涨停
2026-08-05,603988,1,83.5,20.65,10.02,True,10.02,首板，连板起点；近10日涨停3次，近期活跃；5日涨幅11%，温和上行；主板10cm涨停
2026-08-05,600629,1,69.0,15.57,0.13,False,0.13,首板，连板起点；近10日涨停2次，有一定活跃度；5日涨幅23%，趋势向上；主板10cm涨停
2026-08-05,000603,1,68.5,29.15,7.38,False,7.38,首板，连板起点；近10日涨停2次，有一定活跃度；5日涨幅17%，趋势向上；主板10cm涨停
2026-08-05,600730,1,68.5,10.9,6.24,True,6.24,首板，连板起点；近10日涨停2次，有一定活跃度；5日涨幅18%，趋势向上；主板10cm涨停
2026-08-05,002346,1,44.0,20.0,0.95,False,0.95,首板，连板起点；近期首次活跃，缺乏涨停惯性；5日涨幅21%，趋势向上；主板10cm涨停
2026-08-06,002827,1,105.0,49.24,9.99,True,9.99,首板，连板起点；近10日涨停5次，资金反复攻击的强势股；5日涨幅57%，主升节奏；主板10cm涨停
2026-08-06,603221,1,104.0,24.79,0.12,False,0.12,首板，连板起点；近10日涨停7次，资金反复攻击的强势股；5日涨幅21%，趋势向上；主板10cm涨停
2026-08-06,002667,1,103.5,13.48,7.57,True,7.57,首板，连板起点；近10日涨停5次，资金反复攻击的强势股；5日涨幅15%，趋势向上；主板10cm涨停
2026-08-06,603106,1,84.5,10.04,-9.96,False,-9.96,首板，连板起点；近10日涨停3次，近期活跃；5日涨幅48%，主升节奏；主板10cm涨停
2026-08-06,002759,1,83.5,16.68,-0.54,False,-0.54,首板，连板起点；近10日涨停3次，近期活跃；5日涨幅14%，温和上行；主板10cm涨停
2026-08-07,001223,1,84.0,41.17,-5.39,False,-5.39,首板，连板起点；近10日涨停3次，近期活跃；5日涨幅25%，趋势向上；主板10cm涨停
2026-08-07,601208,1,69.5,45.94,-1.22,False,-1.22,首板，连板起点；近10日涨停2次，有一定活跃度；5日涨幅34%，主升节奏；主板10cm涨停
2026-08-07,603186,1,69.5,143.0,6.29,False,6.29,首板，连板起点；近10日涨停2次，有一定活跃度；5日涨幅32%，主升节奏；主板10cm涨停
2026-08-07,603595,1,69.0,26.06,3.61,False,3.61,首板，连板起点；近10日涨停2次，有一定活跃度；5日涨幅21%，趋势向上；主板10cm涨停
2026-08-07,301234,1,69.0,83.62,9.89,False,9.89,首板，连板起点；近10日涨停2次，有一定活跃度；5日涨幅27%，趋势向上；20cm大板涨停，弹性大
2026-08-10,603221,1,104.0,27.3,0.0,False,0.0,首板，连板起点；近10日涨停6次，资金反复攻击的强势股；5日涨幅21%，趋势向上；主板10cm涨停
2026-08-10,605179,1,103.5,25.12,9.99,True,9.99,首板，连板起点；近10日涨停5次，资金反复攻击的强势股；5日涨幅18%，趋势向上；主板10cm涨停
2026-08-10,601700,1,94.5,7.08,-2.54,False,-2.54,首板，连板起点；近10日涨停4次，近期活跃；5日涨幅32%，主升节奏；主板10cm涨停
2026-08-10,000428,1,92.75,4.32,-0.23,False,-0.23,首板，连板起点；近10日涨停4次，近期活跃；5日涨幅8%，温和上行；主板10cm涨停
2026-08-10,002759,1,84.0,18.03,4.22,False,4.22,首板，连板起点；近10日涨停3次，近期活跃；5日涨幅21%，趋势向上；主板10cm涨停
2026-08-11,002963,1,104.0,20.09,-4.93,False,-4.93,首板，连板起点；近10日涨停5次，资金反复攻击的强势股；5日涨幅26%，趋势向上；主板10cm涨停
2026-08-11,603106,1,92.75,9.34,2.14,False,2.14,首板，连板起点；近10日涨停4次，近期活跃；5日涨幅3%，温和上行；主板10cm涨停
2026-08-11,603823,1,84.5,75.22,3.3,False,3.3,首板，连板起点；近10日涨停3次，近期活跃；5日涨幅36%，主升节奏；主板10cm涨停
2026-08-11,002212,1,82.75,7.17,-3.77,False,-3.77,首板，连板起点；近10日涨停3次，近期活跃；5日涨幅8%，温和上行；主板10cm涨停
2026-08-11,600162,1,69.5,4.29,10.02,True,10.02,首板，连板起点；近10日涨停2次，有一定活跃度；5日涨幅32%，主升节奏；主板10cm涨停
2026-08-12,002552,1,105.0,60.07,-2.35,False,-2.35,首板，连板起点；近10日涨停6次，资金反复攻击的强势股；5日涨幅53%，主升节奏；主板10cm涨停
2026-08-12,003032,1,103.5,12.91,-9.99,False,-9.99,首板，连板起点；近10日涨停6次，资金反复攻击的强势股；5日涨幅10%，温和上行；主板10cm涨停
2026-08-12,601700,1,103.5,7.59,-6.46,False,-6.46,首板，连板起点；近10日涨停5次，资金反复攻击的强势股；5日涨幅17%，趋势向上；主板10cm涨停
2026-08-12,002792,1,94.0,37.11,4.1,False,4.1,首板，连板起点；近10日涨停4次，近期活跃；5日涨幅21%，趋势向上；主板10cm涨停
2026-08-12,000593,1,93.5,25.27,10.01,True,10.01,首板，连板起点；近10日涨停4次，近期活跃；5日涨幅12%，温和上行；主板10cm涨停
2026-08-13,002581,1,69.0,4.27,2.81,False,2.81,首板，连板起点；近10日涨停2次，有一定活跃度；5日涨幅24%，趋势向上；主板10cm涨停
2026-08-13,603261,1,68.5,57.37,-2.21,False,-2.21,首板，连板起点；近10日涨停2次，有一定活跃度；5日涨幅14%，温和上行；主板10cm涨停
2026-08-13,000826,1,67.75,1.88,-1.06,False,-1.06,首板，连板起点；近10日涨停2次，有一定活跃度；5日涨幅10%，温和上行；主板10cm涨停
2026-08-13,688137,1,45.0,64.0,8.72,False,8.72,首板，连板起点；近期首次活跃，缺乏涨停惯性；5日涨幅64%，主升节奏；20cm大板涨停，弹性大
2026-08-13,301520,1,45.0,88.68,-3.26,False,-3.26,首板，连板起点；近期首次活跃，缺乏涨停惯性；5日涨幅77%，主升节奏；20cm大板涨停，弹性大
2026-08-14,600272,1,104.5,17.6,8.12,False,8.12,首板，连板起点；近10日涨停5次，资金反复攻击的强势股；5日涨幅36%，主升节奏；主板10cm涨停
2026-08-14,603186,1,83.5,167.55,10.0,True,10.0,首板，连板起点；近10日涨停3次，近期活跃；5日涨幅17%，趋势向上；主板10cm涨停
2026-08-14,603115,1,82.75,85.45,-0.22,False,-0.22,首板，连板起点；近10日涨停3次，近期活跃；5日涨幅7%，温和上行；主板10cm涨停
2026-08-14,603629,1,82.75,137.5,3.88,False,3.88,首板，连板起点；近10日涨停3次，近期活跃；5日涨幅8%，温和上行；主板10cm涨停
2026-08-14,600815,1,69.0,3.98,2.26,False,2.26,首板，连板起点；近10日涨停2次，有一定活跃度；5日涨幅21%，趋势向上；主板10cm涨停
2026-08-17,605179,1,104.5,35.1,10.0,True,10.0,首板，连板起点；近10日涨停5次，资金反复攻击的强势股；5日涨幅40%，主升节奏；主板10cm涨停
2026-08-17,601700,1,102.75,7.22,1.25,False,1.25,首板，连板起点；近10日涨停6次，资金反复攻击的强势股；5日涨幅2%，温和上行；主板10cm涨停
2026-08-17,002437,1,94.5,4.98,-4.42,False,-4.42,首板，连板起点；近10日涨停4次，近期活跃；5日涨幅45%，主升节奏；主板10cm涨停
2026-08-17,603823,1,93.5,78.09,10.0,True,10.0,首板，连板起点；近10日涨停4次，近期活跃；5日涨幅14%，温和上行；主板10cm涨停
2026-08-17,603773,1,92.75,104.49,7.19,False,7.19,首板，连板起点；近10日涨停4次，近期活跃；5日涨幅9%，温和上行；主板10cm涨停
2026-08-18,600272,1,104.5,20.93,-6.83,False,-6.83,首板，连板起点；近10日涨停6次，资金反复攻击的强势股；5日涨幅33%，主升节奏；主板10cm涨停
2026-08-18,002726,1,68.5,2.55,5.1,True,5.1,首板，连板起点；近10日涨停2次，有一定活跃度；5日涨幅16%，趋势向上；主板10cm涨停
2026-08-18,603221,1,67.75,30.0,-10.0,False,-10.0,首板，连板起点；近10日涨停2次，有一定活跃度；5日涨幅10%，温和上行；主板10cm涨停
2026-08-18,300189,1,44.5,6.23,0.16,False,0.16,首板，连板起点；近期首次活跃，缺乏涨停惯性；5日涨幅30%，主升节奏；20cm大板涨停，弹性大
2026-08-18,688112,1,44.5,69.83,-2.85,False,-2.85,首板，连板起点；近期首次活跃，缺乏涨停惯性；5日涨幅39%，主升节奏；20cm大板涨停，弹性大
2026-08-19,002581,1,94.5,5.2,10.0,True,10.0,首板，连板起点；近10日涨停4次，近期活跃；5日涨幅34%，主升节奏；主板10cm涨停
2026-08-19,603102,1,82.75,45.76,-3.56,False,-3.56,首板，连板起点；近10日涨停3次，近期活跃；5日涨幅9%，温和上行；主板10cm涨停
2026-08-19,002667,1,82.75,15.87,10.02,True,10.02,首板，连板起点；近10日涨停3次，近期活跃；5日涨幅5%，温和上行；主板10cm涨停
2026-08-19,002900,1,67.75,15.63,-2.11,False,-2.11,首板，连板起点；近10日涨停2次，有一定活跃度；5日涨幅7%，温和上行；主板10cm涨停
2026-08-19,301130,1,44.5,33.38,0.21,False,0.21,首板，连板起点；近期首次活跃，缺乏涨停惯性；5日涨幅31%，主升节奏；20cm大板涨停，弹性大
2026-08-20,002437,1,103.5,4.73,-8.03,False,-8.03,首板，连板起点；近10日涨停5次，资金反复攻击的强势股；5日涨幅11%，温和上行；主板10cm涨停
2026-08-20,600613,1,94.5,8.56,5.14,False,5.14,首板，连板起点；近10日涨停4次，近期活跃；5日涨幅47%，主升节奏；主板10cm涨停
2026-08-20,601700,1,92.75,7.5,-6.53,False,-6.53,首板，连板起点；近10日涨停4次，近期活跃；5日涨幅6%，温和上行；主板10cm涨停
2026-08-20,002172,1,92.75,4.44,-9.01,False,-9.01,首板，连板起点；近10日涨停4次，近期活跃；5日涨幅8%，温和上行；主板10cm涨停
2026-08-20,002552,1,92.0,57.04,-3.33,False,-3.33,首板，连板起点；近10日涨停4次，近期活跃；5日涨幅-3%，短期滞涨；主板10cm涨停
2026-08-21,603758,1,102.0,11.76,-6.29,False,-6.29,首板，连板起点；近10日涨停5次，资金反复攻击的强势股；5日涨幅-15%，短期滞涨；主板10cm涨停
2026-08-21,603330,1,92.0,9.97,10.03,True,10.03,首板，连板起点；近10日涨停4次，近期活跃；5日涨幅-7%，短期滞涨；主板10cm涨停
2026-08-21,600353,1,84.0,38.28,-3.29,False,-3.29,首板，连板起点；近10日涨停3次，近期活跃；5日涨幅23%，趋势向上；主板10cm涨停
2026-08-21,603095,1,82.75,15.26,-2.29,False,-2.29,首板，连板起点；近10日涨停3次，近期活跃；5日涨幅2%，温和上行；主板10cm涨停
2026-08-21,003031,1,67.75,142.04,-5.24,False,-5.24,首板，连板起点；近10日涨停2次，有一定活跃度；5日涨幅9%，温和上行；主板10cm涨停
2026-08-24,600613,1,104.5,9.9,3.74,False,3.74,首板，连板起点；近10日涨停5次，资金反复攻击的强势股；5日涨幅40%，主升节奏；主板10cm涨停
2026-08-24,002172,1,102.0,4.44,4.05,False,4.05,首板，连板起点；近10日涨停5次，资金反复攻击的强势股；5日涨幅-11%，短期滞涨；主板10cm涨停
2026-08-24,600272,1,102.0,18.15,5.67,False,5.67,首板，连板起点；近10日涨停5次，资金反复攻击的强势股；5日涨幅-5%，短期滞涨；主板10cm涨停
2026-08-24,601700,1,92.75,7.71,-2.59,False,-2.59,首板，连板起点；近10日涨停4次，近期活跃；5日涨幅7%，温和上行；主板10cm涨停
2026-08-24,605286,1,92.0,27.41,-1.53,False,-1.53,首板，连板起点；近10日涨停4次，近期活跃；5日涨幅-9%，短期滞涨；主板10cm涨停
2026-08-25,600127,1,94.5,9.31,5.26,False,5.26,首板，连板起点；近10日涨停4次，近期活跃；5日涨幅31%，主升节奏；主板10cm涨停
2026-08-25,002581,1,93.5,5.62,-7.47,False,-7.47,首板，连板起点；近10日涨停4次，近期活跃；5日涨幅16%，趋势向上；主板10cm涨停
2026-08-25,603095,1,92.75,16.4,1.77,False,1.77,首板，连板起点；近10日涨停4次，近期活跃；5日涨幅6%，温和上行；主板10cm涨停
2026-08-25,002081,1,92.0,5.5,2.91,False,2.91,首板，连板起点；近10日涨停4次，近期活跃；5日涨幅-12%，短期滞涨；主板10cm涨停
2026-08-25,603758,1,92.0,12.12,4.62,False,4.62,首板，连板起点；近10日涨停4次，近期活跃；5日涨幅-6%，短期滞涨；主板10cm涨停
2026-08-26,600272,1,92.75,21.1,2.84,False,2.84,首板，连板起点；近10日涨停4次，近期活跃；5日涨幅8%，温和上行；主板10cm涨停
2026-08-26,603118,1,82.75,17.88,1.9,False,1.9,首板，连板起点；近10日涨停3次，近期活跃；5日涨幅5%，温和上行；主板10cm涨停
2026-08-26,688185,1,70.0,85.62,8.36,False,8.36,首板，连板起点；近10日涨停2次，有一定活跃度；5日涨幅59%，主升节奏；20cm大板涨停，弹性大
2026-08-26,601212,1,69.5,7.24,-0.55,False,-0.55,首板，连板起点；近10日涨停2次，有一定活跃度；5日涨幅34%，主升节奏；主板10cm涨停
2026-08-26,603838,1,69.5,12.83,3.74,False,3.74,首板，连板起点；近10日涨停2次，有一定活跃度；5日涨幅31%，主升节奏；主板10cm涨停
2026-08-27,600613,1,104.5,11.61,6.8,False,6.8,首板，连板起点；近10日涨停6次，资金反复攻击的强势股；5日涨幅36%，主升节奏；主板10cm涨停
2026-08-27,600127,1,104.0,10.78,9.18,False,9.18,首板，连板起点；近10日涨停5次，资金反复攻击的强势股；5日涨幅25%，趋势向上；主板10cm涨停
2026-08-27,603580,1,82.75,80.52,3.61,False,3.61,首板，连板起点；近10日涨停3次，近期活跃；5日涨幅8%，温和上行；主板10cm涨停
2026-08-27,002528,1,68.5,6.1,9.02,True,9.02,首板，连板起点；近10日涨停2次，有一定活跃度；5日涨幅19%，趋势向上；主板10cm涨停
2026-08-27,002396,1,68.5,33.35,10.01,True,10.01,首板，连板起点；近10日涨停2次，有一定活跃度；5日涨幅11%，温和上行；主板10cm涨停
2026-08-28,002726,1,92.0,2.73,-4.03,False,-4.03,首板，连板起点；近10日涨停4次，近期活跃；5日涨幅-1%，短期滞涨；主板10cm涨停
2026-08-28,601700,1,83.5,8.38,-4.3,False,-4.3,首板，连板起点；近10日涨停3次，近期活跃；5日涨幅20%，趋势向上；主板10cm涨停
2026-08-28,002949,1,69.5,14.08,-3.55,False,-3.55,首板，连板起点；近10日涨停2次，有一定活跃度；5日涨幅30%，主升节奏；主板10cm涨停
2026-08-28,000925,1,68.5,9.38,-0.11,False,-0.11,首板，连板起点；近10日涨停2次，有一定活跃度；5日涨幅12%，温和上行；主板10cm涨停
2026-08-28,000560,1,68.5,2.64,9.85,True,9.85,首板，连板起点；近10日涨停2次，有一定活跃度；5日涨幅18%，趋势向上；主板10cm涨停
2026-08-31,002418,1,84.5,5.39,5.38,False,5.38,首板，连板起点；近10日涨停3次，近期活跃；5日涨幅46%，主升节奏；主板10cm涨停
2026-08-31,002856,1,84.5,18.51,4.21,False,4.21,首板，连板起点；近10日涨停3次，近期活跃；5日涨幅31%，主升节奏；主板10cm涨停
2026-08-31,300010,1,70.0,3.68,-1.09,False,-1.09,首板，连板起点；近10日涨停2次，有一定活跃度；5日涨幅64%，主升节奏；主板10cm涨停
2026-08-31,603113,1,69.0,6.07,-0.16,False,-0.16,首板，连板起点；近10日涨停2次，有一定活跃度；5日涨幅22%，趋势向上；主板10cm涨停
2026-08-31,002081,1,69.0,6.16,-7.63,False,-7.63,首板，连板起点；近10日涨停2次，有一定活跃度；5日涨幅23%，趋势向上；主板10cm涨停
2026-09-01,600127,1,104.5,13.24,-6.34,False,-6.34,首板，连板起点；近10日涨停5次，资金反复攻击的强势股；5日涨幅42%，主升节奏；主板10cm涨停
2026-09-01,003040,1,104.0,19.58,7.87,False,7.87,首板，连板起点；近10日涨停5次，资金反复攻击的强势股；5日涨幅26%，趋势向上；主板10cm涨停
2026-09-01,600103,1,84.5,4.19,-6.21,False,-6.21,首板，连板起点；近10日涨停3次，近期活跃；5日涨幅33%，主升节奏；主板10cm涨停
2026-09-01,600479,1,84.5,13.37,-3.07,False,-3.07,首板，连板起点；近10日涨停3次，近期活跃；5日涨幅33%，主升节奏；主板10cm涨停
2026-09-01,002041,1,82.75,11.88,-8.5,False,-8.5,首板，连板起点；近10日涨停3次，近期活跃；5日涨幅6%，温和上行；主板10cm涨停
2026-09-02,002886,1,94.5,30.84,-9.99,False,-9.99,首板，连板起点；近10日涨停4次，近期活跃；5日涨幅41%，主升节奏；主板10cm涨停
2026-09-02,603958,1,82.75,23.85,-9.98,False,-9.98,首板，连板起点；近10日涨停3次，近期活跃；5日涨幅1%，温和上行；主板10cm涨停
2026-09-02,603272,1,69.0,17.38,3.74,False,3.74,首板，连板起点；近10日涨停2次，有一定活跃度；5日涨幅21%，趋势向上；主板10cm涨停
2026-09-02,002536,1,68.5,58.07,8.54,False,8.54,首板，连板起点；近10日涨停2次，有一定活跃度；5日涨幅18%，趋势向上；主板10cm涨停
2026-09-02,603618,1,68.5,37.22,5.45,False,5.45,首板，连板起点；近10日涨停2次，有一定活跃度；5日涨幅17%，趋势向上；主板10cm涨停
2026-09-03,600479,1,93.5,14.26,-7.78,False,-7.78,首板，连板起点；近10日涨停4次，近期活跃；5日涨幅18%，趋势向上；主板10cm涨停
2026-09-03,003018,1,83.5,56.43,-1.65,False,-1.65,首板，连板起点；近10日涨停3次，近期活跃；5日涨幅20%，趋势向上；主板10cm涨停
2026-09-03,601212,1,82.75,7.33,-0.41,False,-0.41,首板，连板起点；近10日涨停3次，近期活跃；5日涨幅2%，温和上行；主板10cm涨停
2026-09-03,002631,1,69.0,11.14,-1.17,False,-1.17,首板，连板起点；近10日涨停2次，有一定活跃度；5日涨幅21%，趋势向上；主板10cm涨停
2026-09-03,002306,1,68.5,2.36,0.42,False,0.42,首板，连板起点；近10日涨停2次，有一定活跃度；5日涨幅15%，温和上行；主板10cm涨停
2026-09-04,003040,1,103.5,21.12,8.66,False,8.66,首板，连板起点；近10日涨停6次，资金反复攻击的强势股；5日涨幅14%，温和上行；主板10cm涨停
2026-09-04,002514,1,94.5,2.53,-3.56,False,-3.56,首板，连板起点；近10日涨停4次，近期活跃；5日涨幅43%，主升节奏；主板10cm涨停
2026-09-04,002856,1,94.0,20.35,6.63,True,6.63,首板，连板起点；近10日涨停4次，近期活跃；5日涨幅21%，趋势向上；主板10cm涨停
2026-09-04,000560,1,93.5,3.15,-0.63,False,-0.63,首板，连板起点；近10日涨停4次，近期活跃；5日涨幅19%，趋势向上；主板10cm涨停
2026-09-04,300010,1,84.5,4.24,4.48,False,4.48,首板，连板起点；近10日涨停3次，近期活跃；5日涨幅37%，主升节奏；主板10cm涨停
2026-09-07,601086,1,105.0,13.92,7.4,False,7.4,首板，连板起点；近10日涨停5次，资金反复攻击的强势股；5日涨幅52%，主升节奏；主板10cm涨停
2026-09-07,600540,1,104.0,6.72,-2.53,False,-2.53,首板，连板起点；近10日涨停5次，资金反复攻击的强势股；5日涨幅21%，趋势向上；主板10cm涨停
2026-09-07,600371,1,103.5,15.07,5.04,False,5.04,首板，连板起点；近10日涨停6次，资金反复攻击的强势股；5日涨幅19%，趋势向上；主板10cm涨停
2026-09-07,002909,1,94.5,7.93,9.96,True,9.96,首板，连板起点；近10日涨停4次，近期活跃；5日涨幅32%，主升节奏；主板10cm涨停
2026-09-07,600103,1,92.75,3.91,3.58,False,3.58,首板，连板起点；近10日涨停4次，近期活跃；5日涨幅3%，温和上行；主板10cm涨停
2026-09-08,000560,1,102.75,3.44,-9.3,False,-9.3,首板，连板起点；近10日涨停5次，资金反复攻击的强势股；5日涨幅8%，温和上行；主板10cm涨停
2026-09-08,002789,1,83.5,13.6,-2.35,False,-2.35,首板，连板起点；近10日涨停3次，近期活跃；5日涨幅18%，趋势向上；主板10cm涨停
2026-09-08,600227,1,82.0,4.96,-0.81,False,-0.81,首板，连板起点；近10日涨停3次，近期活跃；5日涨幅-4%，短期滞涨；主板10cm涨停
2026-09-08,000911,1,68.5,6.66,7.96,True,7.96,首板，连板起点；近10日涨停2次，有一定活跃度；5日涨幅19%，趋势向上；主板10cm涨停
2026-09-08,600162,1,68.5,5.5,-5.09,False,-5.09,首板，连板起点；近10日涨停2次，有一定活跃度；5日涨幅12%，温和上行；主板10cm涨停
2026-09-09,600540,1,102.75,7.21,-9.02,False,-9.02,首板，连板起点；近10日涨停6次，资金反复攻击的强势股；5日涨幅7%，温和上行；主板10cm涨停
2026-09-09,000798,1,84.5,12.67,-9.08,False,-9.08,首板，连板起点；近10日涨停3次，近期活跃；5日涨幅35%，主升节奏；主板10cm涨停
2026-09-09,603162,1,69.0,15.43,0.58,False,0.58,首板，连板起点；近10日涨停2次，有一定活跃度；5日涨幅28%，趋势向上；主板10cm涨停
2026-09-09,600121,1,67.75,5.7,-2.11,False,-2.11,首板，连板起点；近10日涨停2次，有一定活跃度；5日涨幅8%，温和上行；主板10cm涨停
2026-09-09,603900,1,67.75,7.45,-1.74,False,-1.74,首板，连板起点；近10日涨停2次，有一定活跃度；5日涨幅5%，温和上行；主板10cm涨停
2026-09-10,002514,1,92.75,2.41,9.54,True,9.54,首板，连板起点；近10日涨停4次，近期活跃；5日涨幅4%，温和上行；主板10cm涨停
2026-09-10,300010,1,84.5,5.57,-3.05,False,-3.05,首板，连板起点；近10日涨停3次，近期活跃；5日涨幅45%，主升节奏；主板10cm涨停
2026-09-10,002856,1,84.0,23.43,8.24,True,8.24,首板，连板起点；近10日涨停3次，近期活跃；5日涨幅27%，趋势向上；主板10cm涨停
2026-09-10,002789,1,83.5,13.98,-3.43,False,-3.43,首板，连板起点；近10日涨停3次，近期活跃；5日涨幅19%，趋势向上；主板10cm涨停
2026-09-10,000610,1,69.0,9.15,0.77,False,0.77,首板，连板起点；近10日涨停2次，有一定活跃度；5日涨幅25%，趋势向上；主板10cm涨停
2026-09-11,600734,1,69.5,2.31,-9.96,False,-9.96,首板，连板起点；近10日涨停2次，有一定活跃度；5日涨幅34%，主升节奏；主板10cm涨停
2026-09-11,600967,1,67.75,14.98,-4.47,False,-4.47,首板，连板起点；近10日涨停2次，有一定活跃度；5日涨幅10%，温和上行；主板10cm涨停
2026-09-11,000980,1,44.5,2.12,9.91,True,9.91,首板，连板起点；近期首次活跃，缺乏涨停惯性；5日涨幅30%，主升节奏；主板10cm涨停
2026-09-11,002815,1,44.5,20.08,5.18,False,5.18,首板，连板起点；近期首次活跃，缺乏涨停惯性；5日涨幅38%，主升节奏；主板10cm涨停
2026-09-11,603936,1,44.5,20.88,6.75,False,6.75,首板，连板起点；近期首次活跃，缺乏涨停惯性；5日涨幅31%，主升节奏；主板10cm涨停
2026-09-14,000978,1,104.0,10.86,-10.04,False,-10.04,首板，连板起点；近10日涨停8次，资金反复攻击的强势股；5日涨幅23%，趋势向上；主板10cm涨停
2026-09-14,601086,1,104.0,17.99,-10.01,False,-10.01,首板，连板起点；近10日涨停5次，资金反复攻击的强势股；5日涨幅29%，趋势向上；主板10cm涨停
2026-09-14,002172,1,82.75,5.02,-2.59,False,-2.59,首板，连板起点；近10日涨停3次，近期活跃；5日涨幅8%，温和上行；主板10cm涨停
2026-09-14,002579,1,69.0,18.79,-1.01,False,-1.01,首板，连板起点；近10日涨停2次，有一定活跃度；5日涨幅21%，趋势向上；主板10cm涨停
2026-09-14,600180,1,69.0,1.89,-10.05,False,-10.05,首板，连板起点；近10日涨停2次，有一定活跃度；5日涨幅25%，趋势向上；主板10cm涨停
2026-09-15,603186,1,69.5,251.57,0.96,False,0.96,首板，连板起点；近10日涨停2次，有一定活跃度；5日涨幅30%，主升节奏；主板10cm涨停
2026-09-15,601579,1,68.5,25.75,10.02,True,10.02,首板，连板起点；近10日涨停2次，有一定活跃度；5日涨幅12%，温和上行；主板10cm涨停
2026-09-15,600302,1,67.0,7.18,-2.51,False,-2.51,首板，连板起点；近10日涨停2次，有一定活跃度；5日涨幅-2%，短期滞涨；主板10cm涨停
2026-09-15,002531,1,44.0,7.81,0.13,False,0.13,首板，连板起点；近期首次活跃，缺乏涨停惯性；5日涨幅23%，趋势向上；主板10cm涨停
2026-09-15,002522,1,43.5,5.81,2.41,False,2.41,首板，连板起点；近期首次活跃，缺乏涨停惯性；5日涨幅11%，温和上行；主板10cm涨停
2026-09-16,002514,1,94.0,2.67,-1.5,False,-1.5,首板，连板起点；近10日涨停4次，近期活跃；5日涨幅22%，趋势向上；主板10cm涨停
2026-09-16,002856,1,93.5,24.98,-4.32,False,-4.32,首板，连板起点；近10日涨停4次，近期活跃；5日涨幅17%，趋势向上；主板10cm涨停
2026-09-16,603042,1,82.0,17.16,3.09,False,3.09,首板，连板起点；近10日涨停3次，近期活跃；5日涨幅-8%，短期滞涨；主板10cm涨停
2026-09-16,002743,1,68.5,5.28,0.38,False,0.38,首板，连板起点；近10日涨停2次，有一定活跃度；5日涨幅17%，趋势向上；主板10cm涨停
2026-09-16,002300,1,67.75,8.38,-5.97,False,-5.97,首板，连板起点；近10日涨停2次，有一定活跃度；5日涨幅1%，温和上行；主板10cm涨停
2026-09-17,000980,1,84.0,2.37,-3.38,False,-3.38,首板，连板起点；近10日涨停3次，近期活跃；5日涨幅23%，趋势向上；主板10cm涨停
2026-09-17,603626,1,83.5,21.29,10.0,True,10.0,首板，连板起点；近10日涨停3次，近期活跃；5日涨幅11%，温和上行；主板10cm涨停
2026-09-17,600354,1,82.0,9.75,4.92,False,4.92,首板，连板起点；近10日涨停3次，近期活跃；5日涨幅-15%，短期滞涨；主板10cm涨停
2026-09-17,600792,1,82.0,5.34,-0.75,False,-0.75,首板，连板起点；近10日涨停3次，近期活跃；5日涨幅-1%，短期滞涨；主板10cm涨停
2026-09-17,002789,1,82.0,13.85,0.94,False,0.94,首板，连板起点；近10日涨停3次，近期活跃；5日涨幅-1%，短期滞涨；主板10cm涨停
