date,code,boards,score,buy_price,next_pct,is_limit_up,ret,reason
2025-06-03,000989,2,65.0,9.35,10.05,True,10.05,2板高度，首板晋级后延续；近期首次活跃，缺乏涨停惯性；5日涨幅nan%，短期滞涨；主板10cm涨停
2025-06-03,000989,1,62.0,9.35,10.05,True,10.05,首板，连板起点；近期首次活跃，缺乏涨停惯性；5日涨幅nan%，短期滞涨；主板10cm涨停
2025-06-03,002250,1,62.0,10.12,7.51,False,7.51,首板，连板起点；近期首次活跃，缺乏涨停惯性；5日涨幅nan%，短期滞涨；主板10cm涨停
2025-06-03,603076,1,62.0,33.0,10.0,True,10.0,首板，连板起点；近期首次活跃，缺乏涨停惯性；5日涨幅nan%，短期滞涨；主板10cm涨停
2025-06-03,688799,1,62.0,55.63,-9.85,False,-9.85,首板，连板起点；近期首次活跃，缺乏涨停惯性；5日涨幅nan%，短期滞涨；20cm大板涨停，弹性大
2025-06-04,000989,4,78.5,10.29,-4.76,False,-4.76,4板高度，连板梯队前排；近10日涨停3次，近期活跃；5日涨幅nan%，短期滞涨；主板10cm涨停
2025-06-04,000989,3,72.5,10.29,-4.76,False,-4.76,3板高度，连板中位；近10日涨停2次，有一定活跃度；5日涨幅nan%，短期滞涨；主板10cm涨停
2025-06-04,603076,2,65.0,36.3,3.44,False,3.44,2板高度，首板晋级后延续；近期首次活跃，缺乏涨停惯性；5日涨幅nan%，短期滞涨；主板10cm涨停
2025-06-04,605005,2,65.0,24.19,-5.75,False,-5.75,2板高度，首板晋级后延续；近期首次活跃，缺乏涨停惯性；5日涨幅nan%，短期滞涨；主板10cm涨停
2025-06-04,300651,2,65.0,24.48,20.02,True,20.02,2板高度，首板晋级后延续；近期首次活跃，缺乏涨停惯性；5日涨幅nan%，短期滞涨；20cm大板涨停，弹性大
2025-06-05,002951,3,73.0,11.22,9.98,True,9.98,3板高度，连板中位；近10日涨停2次，有一定活跃度；5日涨幅nan%，短期滞涨；主板10cm涨停
2025-06-05,605099,3,72.9,33.85,7.92,True,7.92,3板高度，连板中位；近10日涨停2次，有一定活跃度；5日涨幅nan%，短期滞涨；主板10cm涨停
2025-06-05,300651,3,72.8,29.38,8.92,False,8.92,3板高度，连板中位；近10日涨停2次，有一定活跃度；5日涨幅nan%，短期滞涨；20cm大板涨停，弹性大
2025-06-05,603093,3,69.7,17.31,7.97,False,7.97,3板高度，连板中位；近10日涨停2次，有一定活跃度；5日涨幅nan%，短期滞涨；主板10cm涨停
2025-06-05,002969,2,65.0,4.07,-4.67,False,-4.67,2板高度，首板晋级后延续；近期首次活跃，缺乏涨停惯性；5日涨幅nan%，短期滞涨；主板10cm涨停
2025-06-06,605099,4,75.0,36.53,9.99,True,9.99,4板高度，连板梯队前排；近10日涨停3次，近期活跃；5日涨幅nan%，短期滞涨；主板10cm涨停
2025-06-06,002951,4,74.8,12.34,9.97,True,9.97,4板高度，连板梯队前排；近10日涨停3次，近期活跃；5日涨幅nan%，短期滞涨；主板10cm涨停
2025-06-06,603042,3,71.8,18.67,4.45,False,4.45,3板高度，连板中位；近10日涨停2次，有一定活跃度；5日涨幅nan%，短期滞涨；主板10cm涨停
2025-06-06,000889,3,71.1,3.6,10.0,True,10.0,3板高度，连板中位；近10日涨停2次，有一定活跃度；5日涨幅nan%，短期滞涨；主板10cm涨停
2025-06-06,002826,3,68.7,16.21,9.99,True,9.99,3板高度，连板中位；近10日涨停2次，有一定活跃度；5日涨幅nan%，短期滞涨；主板10cm涨停
2025-06-09,605099,5,81.9,40.18,10.0,True,10.0,5板高度，题材龙头候选；近10日涨停4次，近期活跃；5日涨幅nan%，短期滞涨；主板10cm涨停
2025-06-09,002951,5,81.7,13.57,9.65,False,9.65,5板高度，题材龙头候选；近10日涨停4次，近期活跃；5日涨幅nan%，短期滞涨；主板10cm涨停
2025-06-09,000889,4,80.0,3.96,3.54,False,3.54,4板高度，连板梯队前排；近10日涨停3次，近期活跃；5日涨幅nan%，短期滞涨；主板10cm涨停
2025-06-09,002826,4,76.9,17.83,9.98,True,9.98,4板高度，连板梯队前排；近10日涨停3次，近期活跃；5日涨幅nan%，短期滞涨；主板10cm涨停
2025-06-09,603226,4,76.7,12.02,0.0,False,0.0,4板高度，连板梯队前排；近10日涨停3次，近期活跃；5日涨幅nan%，短期滞涨；主板10cm涨停
2025-06-10,605099,6,96.9,44.2,0.97,False,0.97,6板高位龙头，身位优势极大；近10日涨停5次，资金反复攻击的强势股；5日涨幅58%，主升节奏；主板10cm涨停
2025-06-10,002826,5,88.8,19.61,9.99,True,9.99,5板高度，题材龙头候选；近10日涨停4次，近期活跃；5日涨幅61%，主升节奏；主板10cm涨停
2025-06-10,002940,3,82.4,23.74,9.98,True,9.98,3板高度，连板中位；近10日涨停3次，近期活跃；5日涨幅43%，主升节奏；主板10cm涨停
2025-06-10,600358,6,82.0,6.99,5.01,True,5.01,6板高位龙头，身位优势极大；近10日涨停5次，资金反复攻击的强势股；5日涨幅28%，趋势向上；主板10cm涨停
2025-06-10,600468,3,80.4,9.63,-9.87,False,-9.87,3板高度，连板中位；近10日涨停3次，近期活跃；5日涨幅25%，趋势向上；主板10cm涨停
2025-06-11,002826,6,94.9,21.57,10.01,True,10.01,6板高位龙头，身位优势极大；近10日涨停5次，资金反复攻击的强势股；5日涨幅61%，主升节奏；主板10cm涨停
2025-06-11,002940,4,86.8,26.11,3.79,False,3.79,4板高度，连板梯队前排；近10日涨停4次，近期活跃；5日涨幅55%，主升节奏；主板10cm涨停
2025-06-11,600232,4,86.5,8.47,-1.65,False,-1.65,4板高度，连板梯队前排；近10日涨停3次，近期活跃；5日涨幅47%，主升节奏；主板10cm涨停
2025-06-11,600358,7,83.0,7.34,5.04,True,5.04,7板高位龙头，身位优势极大；近10日涨停6次，资金反复攻击的强势股；5日涨幅28%，趋势向上；主板10cm涨停
2025-06-11,600980,3,80.4,22.75,10.02,True,10.02,3板高度，连板中位；近10日涨停2次，有一定活跃度；5日涨幅34%，主升节奏；主板10cm涨停
2025-06-12,002826,7,97.9,23.73,-5.39,False,-5.39,7板高位龙头，身位优势极大；近10日涨停6次，资金反复攻击的强势股；5日涨幅61%，主升节奏；主板10cm涨停
2025-06-12,600980,4,86.3,25.03,9.99,True,9.99,4板高度，连板梯队前排；近10日涨停3次，近期活跃；5日涨幅47%，主升节奏；主板10cm涨停
2025-06-12,002181,4,86.1,8.88,-10.02,False,-10.02,4板高度，连板梯队前排；近10日涨停3次，近期活跃；5日涨幅42%，主升节奏；主板10cm涨停
2025-06-12,600358,8,83.0,7.71,-3.76,False,-3.76,8板高位龙头，身位优势极大；近10日涨停7次，资金反复攻击的强势股；5日涨幅28%，趋势向上；主板10cm涨停
2025-06-12,002199,6,83.0,8.39,-4.89,False,-4.89,6板高位龙头，身位优势极大；近10日涨停5次，资金反复攻击的强势股；5日涨幅28%，趋势向上；主板10cm涨停
2025-06-13,600980,5,88.9,27.53,5.34,False,5.34,5板高度，题材龙头候选；近10日涨停4次，近期活跃；5日涨幅61%，主升节奏；主板10cm涨停
2025-06-13,002878,3,84.3,24.93,9.99,True,9.99,3板高度，连板中位；近10日涨停4次，近期活跃；5日涨幅43%，主升节奏；主板10cm涨停
2025-06-13,600281,3,79.5,7.26,5.79,False,5.79,3板高度，连板中位；近10日涨停2次，有一定活跃度；5日涨幅42%，主升节奏；主板10cm涨停
2025-06-13,002615,3,79.3,10.25,4.0,False,4.0,3板高度，连板中位；近10日涨停3次，近期活跃；5日涨幅33%，主升节奏；主板10cm涨停
2025-06-13,601279,3,78.6,4.8,-8.75,False,-8.75,3板高度，连板中位；近10日涨停2次，有一定活跃度；5日涨幅33%，主升节奏；主板10cm涨停
2025-06-16,002878,4,87.4,27.42,-8.32,False,-8.32,4板高度，连板梯队前排；近10日涨停5次，资金反复攻击的强势股；5日涨幅43%，主升节奏；主板10cm涨停
2025-06-16,002940,1,81.3,28.99,0.07,False,0.07,首板，连板起点；近10日涨停5次，资金反复攻击的强势股；5日涨幅34%，主升节奏；主板10cm涨停
2025-06-16,002951,2,81.2,15.36,0.39,False,0.39,2板高度，首板晋级后延续；近10日涨停6次，资金反复攻击的强势股；5日涨幅13%，温和上行；主板10cm涨停
2025-06-16,002731,2,75.9,17.28,-8.62,False,-8.62,2板高度，首板晋级后延续；近10日涨停3次，近期活跃；5日涨幅28%，趋势向上；主板10cm涨停
2025-06-16,002289,4,73.0,18.08,-4.87,False,-4.87,4板高度，连板梯队前排；近10日涨停3次，近期活跃；5日涨幅27%，趋势向上；主板10cm涨停
2025-06-17,002104,2,81.3,14.71,5.91,False,5.91,2板高度，首板晋级后延续；近10日涨停4次，近期活跃；5日涨幅32%，主升节奏；主板10cm涨停
2025-06-17,002828,3,79.5,12.21,9.99,True,9.99,3板高度，连板中位；近10日涨停2次，有一定活跃度；5日涨幅33%，主升节奏；主板10cm涨停
2025-06-17,002490,3,79.3,5.27,10.06,True,10.06,3板高度，连板中位；近10日涨停2次，有一定活跃度；5日涨幅32%，主升节奏；主板10cm涨停
2025-06-17,002207,3,78.8,8.31,9.99,True,9.99,3板高度，连板中位；近10日涨停2次，有一定活跃度；5日涨幅36%，主升节奏；主板10cm涨停
2025-06-17,002017,2,77.8,14.6,10.0,True,10.0,2板高度，首板晋级后延续；近10日涨停3次，近期活跃；5日涨幅25%，趋势向上；主板10cm涨停
2025-06-18,002015,4,86.8,12.96,-8.41,False,-8.41,4板高度，连板梯队前排；近10日涨停3次，近期活跃；5日涨幅50%，主升节奏；主板10cm涨停
2025-06-18,600722,4,85.1,7.67,6.26,False,6.26,4板高度，连板梯队前排；近10日涨停3次，近期活跃；5日涨幅48%，主升节奏；主板10cm涨停
2025-06-18,002490,4,84.9,5.8,10.0,True,10.0,4板高度，连板梯队前排；近10日涨停3次，近期活跃；5日涨幅45%，主升节奏；主板10cm涨停
2025-06-18,002017,3,84.5,16.06,5.92,False,5.92,3板高度，连板中位；近10日涨停4次，近期活跃；5日涨幅34%，主升节奏；主板10cm涨停
2025-06-18,000020,4,83.9,15.16,-3.83,False,-3.83,4板高度，连板梯队前排；近10日涨停3次，近期活跃；5日涨幅21%，趋势向上；主板10cm涨停
2025-06-19,002490,5,90.0,6.38,10.03,True,10.03,5板高度，题材龙头候选；近10日涨停4次，近期活跃；5日涨幅62%，主升节奏；主板10cm涨停
2025-06-19,002207,5,86.6,10.05,-4.28,False,-4.28,5板高度，题材龙头候选；近10日涨停4次，近期活跃；5日涨幅61%，主升节奏；主板10cm涨停
2025-06-19,301357,2,75.9,66.04,-9.15,False,-9.15,2板高度，首板晋级后延续；近10日涨停2次，有一定活跃度；5日涨幅83%，主升节奏；20cm大板涨停，弹性大
2025-06-19,600110,3,74.8,4.68,10.04,True,10.04,3板高度，连板中位；近10日涨停2次，有一定活跃度；5日涨幅29%，趋势向上；主板10cm涨停
2025-06-19,600551,2,72.7,10.2,-10.0,False,-10.0,2板高度，首板晋级后延续；近10日涨停2次，有一定活跃度；5日涨幅20%，趋势向上；主板10cm涨停
2025-06-20,002490,6,96.7,7.02,9.97,True,9.97,6板高位龙头，身位优势极大；近10日涨停5次，资金反复攻击的强势股；5日涨幅61%，主升节奏；主板10cm涨停
2025-06-20,600110,4,85.1,5.15,10.1,True,10.1,4板高度，连板梯队前排；近10日涨停3次，近期活跃；5日涨幅48%，主升节奏；主板10cm涨停
2025-06-20,601606,3,79.4,18.36,10.02,True,10.02,3板高度，连板中位；近10日涨停2次，有一定活跃度；5日涨幅37%，主升节奏；主板10cm涨停
2025-06-20,002579,3,76.4,10.9,5.5,False,5.5,3板高度，连板中位；近10日涨停2次，有一定活跃度；5日涨幅33%，主升节奏；主板10cm涨停
2025-06-20,002940,1,75.9,31.94,0.22,False,0.22,首板，连板起点；近10日涨停5次，资金反复攻击的强势股；5日涨幅21%，趋势向上；主板10cm涨停
2025-06-23,002490,7,94.7,7.72,-9.97,False,-9.97,7板高位龙头，身位优势极大；近10日涨停6次，资金反复攻击的强势股；5日涨幅61%，主升节奏；主板10cm涨停
2025-06-23,600110,5,92.0,5.67,10.05,True,10.05,5板高度，题材龙头候选；近10日涨停4次，近期活跃；5日涨幅62%，主升节奏；主板10cm涨停
2025-06-23,601606,4,86.3,20.2,0.45,False,0.45,4板高度，连板梯队前排；近10日涨停3次，近期活跃；5日涨幅50%，主升节奏；主板10cm涨停
2025-06-23,600113,2,82.0,22.76,10.02,True,10.02,2板高度，首板晋级后延续；近10日涨停3次，近期活跃；5日涨幅58%，主升节奏；主板10cm涨停
2025-06-23,002125,3,80.4,13.52,9.99,True,9.99,3板高度，连板中位；近10日涨停2次，有一定活跃度；5日涨幅33%，主升节奏；主板10cm涨停
2025-06-24,600110,6,97.5,6.24,9.94,True,9.94,6板高位龙头，身位优势极大；近10日涨停5次，资金反复攻击的强势股；5日涨幅62%，主升节奏；主板10cm涨停
2025-06-24,600113,3,86.8,25.04,1.04,False,1.04,3板高度，连板中位；近10日涨停4次，近期活跃；5日涨幅58%，主升节奏；主板10cm涨停
2025-06-24,603928,4,85.4,16.62,9.99,True,9.99,4板高度，连板梯队前排；近10日涨停4次，近期活跃；5日涨幅45%，主升节奏；主板10cm涨停
2025-06-24,002125,4,83.4,14.87,10.02,True,10.02,4板高度，连板梯队前排；近10日涨停3次，近期活跃；5日涨幅46%，主升节奏；主板10cm涨停
2025-06-24,002579,1,79.0,12.65,-5.77,False,-5.77,首板，连板起点；近10日涨停3次，近期活跃；5日涨幅54%，主升节奏；主板10cm涨停
2025-06-25,600110,7,94.4,6.86,4.96,False,4.96,7板高位龙头，身位优势极大；近10日涨停6次，资金反复攻击的强势股；5日涨幅61%，主升节奏；主板10cm涨停
2025-06-25,002125,5,92.8,16.36,-2.81,False,-2.81,5板高度，题材龙头候选；近10日涨停4次，近期活跃；5日涨幅61%，主升节奏；主板10cm涨停
2025-06-25,603928,5,91.9,18.28,-6.67,False,-6.67,5板高度，题材龙头候选；近10日涨停5次，资金反复攻击的强势股；5日涨幅61%，主升节奏；主板10cm涨停
2025-06-25,002846,4,86.5,18.04,4.38,False,4.38,4板高度，连板梯队前排；近10日涨停3次，近期活跃；5日涨幅41%，主升节奏；主板10cm涨停
2025-06-25,603022,4,86.4,12.42,9.98,True,9.98,4板高度，连板梯队前排；近10日涨停3次，近期活跃；5日涨幅42%，主升节奏；主板10cm涨停
2025-06-26,003029,4,90.4,34.83,-7.67,False,-7.67,4板高度，连板梯队前排；近10日涨停5次，资金反复攻击的强势股；5日涨幅36%，主升节奏；主板10cm涨停
2025-06-26,603022,5,89.8,13.66,-10.03,False,-10.03,5板高度，题材龙头候选；近10日涨停4次，近期活跃；5日涨幅61%，主升节奏；主板10cm涨停
2025-06-26,600113,1,81.5,27.83,2.91,False,2.91,首板，连板起点；近10日涨停5次，资金反复攻击的强势股；5日涨幅48%，主升节奏；主板10cm涨停
2025-06-26,601606,2,81.4,24.55,7.58,False,7.58,2板高度，首板晋级后延续；近10日涨停5次，资金反复攻击的强势股；5日涨幅47%，主升节奏；主板10cm涨停
2025-06-26,002759,3,80.5,11.44,-9.0,False,-9.0,3板高度，连板中位；近10日涨停2次，有一定活跃度；5日涨幅35%，主升节奏；主板10cm涨停
2025-06-27,001236,4,85.9,14.53,9.98,True,9.98,4板高度，连板梯队前排；近10日涨停4次，近期活跃；5日涨幅52%，主升节奏；主板10cm涨停
2025-06-27,000026,4,83.8,14.38,10.01,True,10.01,4板高度，连板梯队前排；近10日涨停3次，近期活跃；5日涨幅21%，趋势向上；主板10cm涨停
2025-06-27,002263,4,83.7,3.75,10.13,True,10.13,4板高度，连板梯队前排；近10日涨停3次，近期活跃；5日涨幅50%，主升节奏；主板10cm涨停
2025-06-27,600643,3,79.3,6.92,7.23,False,7.23,3板高度，连板中位；近10日涨停2次，有一定活跃度；5日涨幅39%，主升节奏；主板10cm涨停
2025-06-27,000026,3,77.8,14.38,10.01,True,10.01,3板高度，连板中位；近10日涨停2次，有一定活跃度；5日涨幅25%，趋势向上；主板10cm涨停
2025-06-30,000026,6,95.9,15.82,4.36,False,4.36,6板高位龙头，身位优势极大；近10日涨停5次，资金反复攻击的强势股；5日涨幅21%，趋势向上；主板10cm涨停
2025-06-30,001236,5,92.8,15.98,-10.01,False,-10.01,5板高度，题材龙头候选；近10日涨停5次，资金反复攻击的强势股；5日涨幅61%，主升节奏；主板10cm涨停
2025-06-30,002263,5,92.7,4.13,1.94,False,1.94,5板高度，题材龙头候选；近10日涨停4次，近期活跃；5日涨幅61%，主升节奏；主板10cm涨停
2025-06-30,000026,5,92.4,15.82,4.36,False,4.36,5板高度，题材龙头候选；近10日涨停4次，近期活跃；5日涨幅33%，主升节奏；主板10cm涨停
2025-06-30,001298,4,89.0,32.44,3.45,False,3.45,4板高度，连板梯队前排；近10日涨停3次，近期活跃；5日涨幅52%，主升节奏；主板10cm涨停
2025-07-01,603316,4,86.4,9.89,10.01,True,10.01,4板高度，连板梯队前排；近10日涨停3次，近期活跃；5日涨幅45%，主升节奏；主板10cm涨停
2025-07-01,601606,2,85.8,31.96,-7.38,False,-7.38,2板高度，首板晋级后延续；近10日涨停7次，资金反复攻击的强势股；5日涨幅58%，主升节奏；主板10cm涨停
2025-07-01,601718,3,80.0,4.31,-4.18,False,-4.18,3板高度，连板中位；近10日涨停3次，近期活跃；5日涨幅42%，主升节奏；主板10cm涨停
2025-07-01,002173,2,77.1,15.68,-4.34,False,-4.34,2板高度，首板晋级后延续；近10日涨停3次，近期活跃；5日涨幅19%，趋势向上；主板10cm涨停
2025-07-01,002424,1,76.1,5.7,0.35,False,0.35,首板，连板起点；近10日涨停4次，近期活跃；5日涨幅17%，趋势向上；主板10cm涨停
2025-07-02,603316,5,91.9,10.88,10.02,True,10.02,5板高度，题材龙头候选；近10日涨停4次，近期活跃；5日涨幅61%，主升节奏；主板10cm涨停
2025-07-02,600319,3,79.2,7.9,-8.23,False,-8.23,3板高度，连板中位；近10日涨停2次，有一定活跃度；5日涨幅33%，主升节奏；主板10cm涨停
2025-07-02,603601,3,78.8,4.92,-6.5,False,-6.5,3板高度，连板中位；近10日涨停2次，有一定活跃度；5日涨幅33%，主升节奏；主板10cm涨停
2025-07-02,000026,2,77.4,18.16,3.52,False,3.52,2板高度，首板晋级后延续；近10日涨停7次，资金反复攻击的强势股；5日涨幅15%，温和上行；主板10cm涨停
2025-07-02,002940,2,76.5,44.9,0.04,False,0.04,2板高度，首板晋级后延续；近10日涨停3次，近期活跃；5日涨幅37%，主升节奏；主板10cm涨停
2025-07-03,603316,6,96.8,11.97,-2.92,False,-2.92,6板高位龙头，身位优势极大；近10日涨停5次，资金反复攻击的强势股；5日涨幅61%，主升节奏；主板10cm涨停
2025-07-03,002658,4,85.2,10.42,-9.98,False,-9.98,4板高度，连板梯队前排；近10日涨停3次，近期活跃；5日涨幅47%，主升节奏；主板10cm涨停
2025-07-03,601218,4,84.9,5.47,-10.05,False,-10.05,4板高度，连板梯队前排；近10日涨停3次，近期活跃；5日涨幅50%，主升节奏；主板10cm涨停
2025-07-03,603716,3,79.4,19.16,10.02,True,10.02,3板高度，连板中位；近10日涨停3次，近期活跃；5日涨幅41%，主升节奏；主板10cm涨停
2025-07-03,002579,1,78.9,15.6,-0.45,False,-0.45,首板，连板起点；近10日涨停5次，资金反复攻击的强势股；5日涨幅25%，趋势向上；主板10cm涨停
2025-07-04,603716,4,86.8,21.08,6.88,False,6.88,4板高度，连板梯队前排；近10日涨停4次，近期活跃；5日涨幅52%，主升节奏；主板10cm涨停
2025-07-04,601003,4,83.3,5.16,-7.95,False,-7.95,4板高度，连板梯队前排；近10日涨停3次，近期活跃；5日涨幅47%，主升节奏；主板10cm涨停
2025-07-04,002623,3,77.4,20.77,7.75,False,7.75,3板高度，连板中位；近10日涨停2次，有一定活跃度；5日涨幅35%，主升节奏；主板10cm涨停
2025-07-04,603601,1,74.5,5.06,2.96,False,2.96,首板，连板起点；近10日涨停3次，近期活跃；5日涨幅37%，主升节奏；主板10cm涨停
2025-07-04,300649,1,71.5,20.88,6.8,False,6.8,首板，连板起点；近10日涨停2次，有一定活跃度；5日涨幅31%，主升节奏；20cm大板涨停，弹性大
2025-07-07,000037,4,85.0,10.56,-0.28,False,-0.28,4板高度，连板梯队前排；近10日涨停3次，近期活跃；5日涨幅21%，趋势向上；主板10cm涨停
2025-07-07,600744,3,83.3,6.7,10.0,True,10.0,3板高度，连板中位；近10日涨停3次，近期活跃；5日涨幅49%，主升节奏；主板10cm涨停
2025-07-07,600475,3,80.3,13.83,9.98,True,9.98,3板高度，连板中位；近10日涨停2次，有一定活跃度；5日涨幅33%，主升节奏；主板10cm涨停
2025-07-07,605500,3,80.1,9.97,10.03,True,10.03,3板高度，连板中位；近10日涨停2次，有一定活跃度；5日涨幅35%，主升节奏；主板10cm涨停
2025-07-07,000037,3,79.0,10.56,-0.28,False,-0.28,3板高度，连板中位；近10日涨停2次，有一定活跃度；5日涨幅23%，趋势向上；主板10cm涨停
2025-07-08,600744,4,88.5,7.37,10.04,True,10.04,4板高度，连板梯队前排；近10日涨停4次，近期活跃；5日涨幅49%，主升节奏；主板10cm涨停
2025-07-08,002636,4,86.3,13.72,9.99,True,9.99,4板高度，连板梯队前排；近10日涨停3次，近期活跃；5日涨幅40%，主升节奏；主板10cm涨停
2025-07-08,605500,4,86.2,10.97,10.03,True,10.03,4板高度，连板梯队前排；近10日涨停3次，近期活跃；5日涨幅47%，主升节奏；主板10cm涨停
2025-07-08,600475,4,83.3,15.21,9.99,True,9.99,4板高度，连板梯队前排；近10日涨停3次，近期活跃；5日涨幅45%，主升节奏；主板10cm涨停
2025-07-08,605162,3,80.4,10.33,9.97,True,9.97,3板高度，连板中位；近10日涨停2次，有一定活跃度；5日涨幅36%，主升节奏；主板10cm涨停
2025-07-09,600744,5,93.6,8.11,-1.73,False,-1.73,5板高度，题材龙头候选；近10日涨停5次，资金反复攻击的强势股；5日涨幅61%，主升节奏；主板10cm涨停
2025-07-09,605500,5,91.7,12.07,10.02,True,10.02,5板高度，题材龙头候选；近10日涨停4次，近期活跃；5日涨幅61%，主升节奏；主板10cm涨停
2025-07-09,002636,5,88.9,15.09,0.4,False,0.4,5板高度，题材龙头候选；近10日涨停4次，近期活跃；5日涨幅61%，主升节奏；主板10cm涨停
2025-07-09,600475,5,88.9,16.73,9.98,True,9.98,5板高度，题材龙头候选；近10日涨停4次，近期活跃；5日涨幅61%，主升节奏；主板10cm涨停
2025-07-09,605162,4,82.2,11.36,-10.04,False,-10.04,4板高度，连板梯队前排；近10日涨停3次，近期活跃；5日涨幅49%，主升节奏；主板10cm涨停
2025-07-10,605500,6,97.8,13.28,-9.64,False,-9.64,6板高位龙头，身位优势极大；近10日涨停5次，资金反复攻击的强势股；5日涨幅61%，主升节奏；主板10cm涨停
2025-07-10,600475,6,94.8,18.4,-10.0,False,-10.0,6板高位龙头，身位优势极大；近10日涨停5次，资金反复攻击的强势股；5日涨幅61%，主升节奏；主板10cm涨停
2025-07-10,600962,4,86.4,19.67,10.02,True,10.02,4板高度，连板梯队前排；近10日涨停3次，近期活跃；5日涨幅46%，主升节奏；主板10cm涨停
2025-07-10,605122,4,86.4,17.26,10.02,True,10.02,4板高度，连板梯队前排；近10日涨停3次，近期活跃；5日涨幅44%，主升节奏；主板10cm涨停
2025-07-10,000010,4,84.7,3.62,9.94,True,9.94,4板高度，连板梯队前排；近10日涨停3次，近期活跃；5日涨幅21%，趋势向上；主板10cm涨停
2025-07-11,605122,5,91.8,18.99,-10.01,False,-10.01,5板高度，题材龙头候选；近10日涨停4次，近期活跃；5日涨幅61%，主升节奏；主板10cm涨停
2025-07-11,600962,5,91.8,21.64,-1.57,False,-1.57,5板高度，题材龙头候选；近10日涨停4次，近期活跃；5日涨幅61%，主升节奏；主板10cm涨停
2025-07-11,000010,6,90.4,3.98,-2.01,False,-2.01,6板高位龙头，身位优势极大；近10日涨停5次，资金反复攻击的强势股；5日涨幅21%，趋势向上；主板10cm涨停
2025-07-11,000010,5,86.9,3.98,-2.01,False,-2.01,5板高度，题材龙头候选；近10日涨停4次，近期活跃；5日涨幅33%，主升节奏；主板10cm涨停
2025-07-11,000607,4,85.5,6.6,-10.0,False,-10.0,4板高度，连板梯队前排；近10日涨停3次，近期活跃；5日涨幅47%，主升节奏；主板10cm涨停
2025-07-14,688585,4,87.0,16.14,20.01,True,20.01,4板高度，连板梯队前排；近10日涨停3次，近期活跃；5日涨幅107%，主升节奏；20cm大板涨停，弹性大
2025-07-14,603778,4,86.8,5.49,-10.02,False,-10.02,4板高度，连板梯队前排；近10日涨停3次，近期活跃；5日涨幅58%，主升节奏；主板10cm涨停
2025-07-14,600513,3,84.4,16.48,-10.01,False,-10.01,3板高度，连板中位；近10日涨停4次，近期活跃；5日涨幅39%，主升节奏；主板10cm涨停
2025-07-14,605500,1,80.5,13.2,-7.42,False,-7.42,首板，连板起点；近10日涨停6次，资金反复攻击的强势股；5日涨幅32%，主升节奏；主板10cm涨停
2025-07-14,600606,3,78.5,2.29,-0.44,False,-0.44,3板高度，连板中位；近10日涨停2次，有一定活跃度；5日涨幅37%，主升节奏；主板10cm涨停
2025-07-15,688585,5,89.9,19.37,19.98,True,19.98,5板高度，题材龙头候选；近10日涨停4次，近期活跃；5日涨幅149%，主升节奏；20cm大板涨停，弹性大
2025-07-15,002645,3,77.5,12.65,10.04,True,10.04,3板高度，连板中位；近10日涨停2次，有一定活跃度；5日涨幅34%，主升节奏；主板10cm涨停
2025-07-15,600822,3,77.4,13.3,10.0,True,10.0,3板高度，连板中位；近10日涨停2次，有一定活跃度；5日涨幅34%，主升节奏；主板10cm涨停
2025-07-15,600826,3,77.4,10.88,10.02,True,10.02,3板高度，连板中位；近10日涨停2次，有一定活跃度；5日涨幅35%，主升节奏；主板10cm涨停
2025-07-15,603176,3,76.7,6.77,-5.91,False,-5.91,3板高度，连板中位；近10日涨停2次，有一定活跃度；5日涨幅35%，主升节奏；主板10cm涨停
2025-07-16,688585,6,96.8,23.24,20.01,True,20.01,6板高位龙头，身位优势极大；近10日涨停5次，资金反复攻击的强势股；5日涨幅149%，主升节奏；20cm大板涨停，弹性大
2025-07-16,002645,4,86.6,13.92,-6.39,False,-6.39,4板高度，连板梯队前排；近10日涨停3次，近期活跃；5日涨幅51%，主升节奏；主板10cm涨停
2025-07-16,600822,4,85.5,14.63,9.98,True,9.98,4板高度，连板梯队前排；近10日涨停3次，近期活跃；5日涨幅49%，主升节奏；主板10cm涨停
2025-07-16,600826,4,85.3,11.97,10.03,True,10.03,4板高度，连板梯队前排；近10日涨停3次，近期活跃；5日涨幅47%，主升节奏；主板10cm涨停
2025-07-16,002209,4,85.2,18.54,-7.82,False,-7.82,4板高度，连板梯队前排；近10日涨停3次，近期活跃；5日涨幅46%，主升节奏；主板10cm涨停
2025-07-17,688585,7,96.9,27.89,20.01,True,20.01,7板高位龙头，身位优势极大；近10日涨停6次，资金反复攻击的强势股；5日涨幅149%，主升节奏；20cm大板涨停，弹性大
2025-07-17,600826,5,91.7,13.17,10.02,True,10.02,5板高度，题材龙头候选；近10日涨停4次，近期活跃；5日涨幅61%，主升节奏；主板10cm涨停
2025-07-17,600822,5,88.8,16.09,-4.29,False,-4.29,5板高度，题材龙头候选；近10日涨停4次，近期活跃；5日涨幅61%，主升节奏；主板10cm涨停
2025-07-17,002393,3,79.4,26.27,4.68,False,4.68,3板高度，连板中位；近10日涨停2次，有一定活跃度；5日涨幅35%，主升节奏；主板10cm涨停
2025-07-17,002394,3,79.2,11.74,-6.05,False,-6.05,3板高度，连板中位；近10日涨停2次，有一定活跃度；5日涨幅37%，主升节奏；主板10cm涨停
2025-07-18,688585,8,96.9,33.47,19.99,True,19.99,8板高位龙头，身位优势极大；近10日涨停7次，资金反复攻击的强势股；5日涨幅149%，主升节奏；20cm大板涨停，弹性大
2025-07-18,600826,6,96.8,14.49,-4.07,False,-4.07,6板高位龙头，身位优势极大；近10日涨停5次，资金反复攻击的强势股；5日涨幅61%，主升节奏；主板10cm涨停
2025-07-18,603115,3,79.2,19.64,-8.35,False,-8.35,3板高度，连板中位；近10日涨停2次，有一定活跃度；5日涨幅35%，主升节奏；主板10cm涨停
2025-07-18,601003,2,78.0,6.13,9.95,True,9.95,2板高度，首板晋级后延续；近10日涨停4次，近期活跃；5日涨幅15%，趋势向上；主板10cm涨停
2025-07-18,600620,3,75.9,7.74,-1.81,False,-1.81,3板高度，连板中位；近10日涨停2次，有一定活跃度；5日涨幅35%，主升节奏；主板10cm涨停
2025-07-21,688585,9,99.9,40.16,20.0,True,20.0,9板高位龙头，身位优势极大；近10日涨停8次，资金反复攻击的强势股；5日涨幅149%，主升节奏；20cm大板涨停，弹性大
2025-07-21,601003,3,84.0,6.74,9.94,True,9.94,3板高度，连板中位；近10日涨停4次，近期活跃；5日涨幅33%，主升节奏；主板10cm涨停
2025-07-21,002645,2,83.3,15.76,-6.73,False,-6.73,2板高度，首板晋级后延续；近10日涨停5次，资金反复攻击的强势股；5日涨幅37%，主升节奏；主板10cm涨停
2025-07-21,002246,3,82.4,19.57,10.02,True,10.02,3板高度，连板中位；近10日涨停2次，有一定活跃度；5日涨幅33%，主升节奏；主板10cm涨停
2025-07-21,605033,3,82.3,25.7,10.0,True,10.0,3板高度，连板中位；近10日涨停2次，有一定活跃度；5日涨幅33%，主升节奏；主板10cm涨停
2025-07-22,688585,10,99.0,48.19,19.73,False,19.73,10板高位龙头，身位优势极大；近10日涨停9次，资金反复攻击的强势股；5日涨幅149%，主升节奏；20cm大板涨停，弹性大
2025-07-22,601003,4,87.9,7.41,5.13,False,5.13,4板高度，连板梯队前排；近10日涨停5次，资金反复攻击的强势股；5日涨幅33%，主升节奏；主板10cm涨停
2025-07-22,605033,4,87.5,28.27,-9.06,False,-9.06,4板高度，连板梯队前排；近10日涨停3次，近期活跃；5日涨幅49%，主升节奏；主板10cm涨停
2025-07-22,002246,4,87.3,21.53,-7.9,False,-7.9,4板高度，连板梯队前排；近10日涨停3次，近期活跃；5日涨幅48%，主升节奏；主板10cm涨停
2025-07-22,600826,1,82.5,15.29,-10.01,False,-10.01,首板，连板起点；近10日涨停6次，资金反复攻击的强势股；5日涨幅41%，主升节奏；主板10cm涨停
2025-07-23,001360,4,85.4,20.78,-9.96,False,-9.96,4板高度，连板梯队前排；近10日涨停3次，近期活跃；5日涨幅45%，主升节奏；主板10cm涨停
2025-07-23,300564,3,80.9,25.03,-10.11,False,-10.11,3板高度，连板中位；近10日涨停2次，有一定活跃度；5日涨幅71%，主升节奏；20cm大板涨停，弹性大
2025-07-23,301038,3,80.8,27.82,19.99,True,19.99,3板高度，连板中位；近10日涨停2次，有一定活跃度；5日涨幅78%，主升节奏；20cm大板涨停，弹性大
2025-07-23,688425,3,80.3,7.12,8.43,False,8.43,3板高度，连板中位；近10日涨停2次，有一定活跃度；5日涨幅74%，主升节奏；20cm大板涨停，弹性大
2025-07-23,003001,3,79.5,37.18,-3.47,False,-3.47,3板高度，连板中位；近10日涨停2次，有一定活跃度；5日涨幅35%，主升节奏；主板10cm涨停
2025-07-24,301038,4,87.9,33.38,-20.01,False,-20.01,4板高度，连板梯队前排；近10日涨停3次，近期活跃；5日涨幅112%，主升节奏；20cm大板涨停，弹性大
2025-07-24,002037,4,86.5,14.19,4.3,False,4.3,4板高度，连板梯队前排；近10日涨停3次，近期活跃；5日涨幅45%，主升节奏；主板10cm涨停
2025-07-24,603280,4,86.4,38.23,-1.99,False,-1.99,4板高度，连板梯队前排；近10日涨停3次，近期活跃；5日涨幅48%，主升节奏；主板10cm涨停
2025-07-24,002827,4,86.4,56.51,-4.51,False,-4.51,4板高度，连板梯队前排；近10日涨停3次，近期活跃；5日涨幅41%，主升节奏；主板10cm涨停
2025-07-24,002097,4,86.2,11.74,-6.22,False,-6.22,4板高度，连板梯队前排；近10日涨停3次，近期活跃；5日涨幅45%，主升节奏；主板10cm涨停
2025-07-25,600117,5,88.6,3.8,-8.68,False,-8.68,5板高度，题材龙头候选；近10日涨停4次，近期活跃；5日涨幅62%，主升节奏；主板10cm涨停
2025-07-25,600749,5,86.9,19.26,10.02,True,10.02,5板高度，题材龙头候选；近10日涨停4次，近期活跃；5日涨幅61%，主升节奏；主板10cm涨停
2025-07-25,600326,5,86.8,15.43,1.49,False,1.49,5板高度，题材龙头候选；近10日涨停4次，近期活跃；5日涨幅61%，主升节奏；主板10cm涨停
2025-07-25,001226,3,77.4,42.99,10.0,True,10.0,3板高度，连板中位；近10日涨停2次，有一定活跃度；5日涨幅47%，主升节奏；主板10cm涨停
2025-07-25,603176,2,76.4,7.74,-6.33,False,-6.33,2板高度，首板晋级后延续；近10日涨停6次，资金反复攻击的强势股；5日涨幅23%，趋势向上；主板10cm涨停
2025-07-28,600749,6,96.8,21.19,10.0,True,10.0,6板高位龙头，身位优势极大；近10日涨停5次，资金反复攻击的强势股；5日涨幅61%，主升节奏；主板10cm涨停
2025-07-28,001226,4,87.0,47.29,4.4,False,4.4,4板高度，连板梯队前排；近10日涨停3次，近期活跃；5日涨幅53%，主升节奏；主板10cm涨停
2025-07-28,688585,1,82.0,79.27,6.19,False,6.19,首板，连板起点；近10日涨停7次，资金反复攻击的强势股；5日涨幅97%，主升节奏；20cm大板涨停，弹性大
2025-07-28,603280,1,78.4,41.22,10.0,True,10.0,首板，连板起点；近10日涨停4次，近期活跃；5日涨幅44%，主升节奏；主板10cm涨停
2025-07-28,605255,2,77.8,27.13,-1.51,False,-1.51,2板高度，首板晋级后延续；近10日涨停3次，近期活跃；5日涨幅24%，趋势向上；主板10cm涨停
2025-07-29,600749,7,95.0,23.31,10.0,True,10.0,7板高位龙头，身位优势极大；近10日涨停6次，资金反复攻击的强势股；5日涨幅61%，主升节奏；主板10cm涨停
2025-07-29,002370,2,79.3,6.81,5.29,False,5.29,2板高度，首板晋级后延续；近10日涨停4次，近期活跃；5日涨幅31%，主升节奏；主板10cm涨停
2025-07-29,603280,2,78.5,45.34,9.99,True,9.99,2板高度，首板晋级后延续；近10日涨停5次，资金反复攻击的强势股；5日涨幅44%，主升节奏；主板10cm涨停
2025-07-29,002097,2,78.4,13.32,3.08,False,3.08,2板高度，首板晋级后延续；近10日涨停5次，资金反复攻击的强势股；5日涨幅37%，主升节奏；主板10cm涨停
2025-07-29,600326,1,78.2,17.23,3.95,False,3.95,首板，连板起点；近10日涨停5次，资金反复攻击的强势股；5日涨幅49%，主升节奏；主板10cm涨停
2025-07-30,600749,8,94.0,25.64,9.98,True,9.98,8板高位龙头，身位优势极大；近10日涨停7次，资金反复攻击的强势股；5日涨幅61%，主升节奏；主板10cm涨停
2025-07-30,300528,3,84.0,25.32,-8.29,False,-8.29,3板高度，连板中位；近10日涨停3次，近期活跃；5日涨幅113%，主升节奏；20cm大板涨停，弹性大
2025-07-30,603280,3,83.4,49.87,10.01,True,10.01,3板高度，连板中位；近10日涨停6次，资金反复攻击的强势股；5日涨幅44%，主升节奏；主板10cm涨停
2025-07-30,603367,3,81.4,28.52,5.22,False,5.22,3板高度，连板中位；近10日涨停4次，近期活跃；5日涨幅38%，主升节奏；主板10cm涨停
2025-07-30,600117,2,80.0,4.2,6.19,False,6.19,2板高度，首板晋级后延续；近10日涨停6次，资金反复攻击的强势股；5日涨幅34%，主升节奏；主板10cm涨停
2025-07-31,600749,9,91.8,28.2,0.0,False,0.0,9板高位龙头，身位优势极大；近10日涨停8次，资金反复攻击的强势股；5日涨幅61%，主升节奏；主板10cm涨停
2025-07-31,603280,4,87.4,54.86,4.76,False,4.76,4板高度，连板梯队前排；近10日涨停7次，资金反复攻击的强势股；5日涨幅43%，主升节奏；主板10cm涨停
2025-07-31,001318,3,77.4,18.14,-9.59,False,-9.59,3板高度，连板中位；近10日涨停2次，有一定活跃度；5日涨幅35%，主升节奏；主板10cm涨停
2025-07-31,603839,3,77.3,9.44,-1.69,False,-1.69,3板高度，连板中位；近10日涨停2次，有一定活跃度；5日涨幅33%，主升节奏；主板10cm涨停
2025-07-31,600579,3,74.3,11.13,-9.97,False,-9.97,3板高度，连板中位；近10日涨停2次，有一定活跃度；5日涨幅33%，主升节奏；主板10cm涨停
2025-08-01,002287,3,79.4,34.69,3.14,False,3.14,3板高度，连板中位；近10日涨停3次，近期活跃；5日涨幅40%，主升节奏；主板10cm涨停
2025-08-01,603516,2,76.5,66.53,-0.72,False,-0.72,2板高度，首板晋级后延续；近10日涨停2次，有一定活跃度；5日涨幅32%，主升节奏；主板10cm涨停
2025-08-01,001331,3,76.3,13.99,10.01,True,10.01,3板高度，连板中位；近10日涨停2次，有一定活跃度；5日涨幅33%，主升节奏；主板10cm涨停
2025-08-01,002940,2,74.2,62.92,2.83,False,2.83,2板高度，首板晋级后延续；近10日涨停3次，近期活跃；5日涨幅9%，温和上行；主板10cm涨停
2025-08-01,000558,1,73.5,7.37,-4.61,False,-4.61,首板，连板起点；近10日涨停2次，有一定活跃度；5日涨幅42%，主升节奏；主板10cm涨停
2025-08-04,001331,4,85.4,15.39,-9.55,False,-9.55,4板高度，连板梯队前排；近10日涨停3次，近期活跃；5日涨幅45%，主升节奏；主板10cm涨停
2025-08-04,300289,3,81.0,10.14,-9.37,False,-9.37,3板高度，连板中位；近10日涨停2次，有一定活跃度；5日涨幅74%，主升节奏；20cm大板涨停，弹性大
2025-08-04,603059,3,79.4,37.16,10.01,True,10.01,3板高度，连板中位；近10日涨停2次，有一定活跃度；5日涨幅32%，主升节奏；主板10cm涨停
2025-08-04,002097,1,78.9,15.61,9.99,True,9.99,首板，连板起点；近10日涨停6次，资金反复攻击的强势股；5日涨幅29%，趋势向上；主板10cm涨停
2025-08-04,002775,3,77.2,5.32,9.96,True,9.96,3板高度，连板中位；近10日涨停3次，近期活跃；5日涨幅25%，趋势向上；主板10cm涨停
2025-08-05,603059,4,85.4,40.88,10.0,True,10.0,4板高度，连板梯队前排；近10日涨停3次，近期活跃；5日涨幅45%，主升节奏；主板10cm涨停
2025-08-05,002775,4,84.1,5.85,-1.54,False,-1.54,4板高度，连板梯队前排；近10日涨停4次，近期活跃；5日涨幅41%，主升节奏；主板10cm涨停
2025-08-05,603767,3,82.5,24.09,10.0,True,10.0,3板高度，连板中位；近10日涨停3次，近期活跃；5日涨幅38%，主升节奏；主板10cm涨停
2025-08-05,300486,3,80.9,20.39,-16.43,False,-16.43,3板高度，连板中位；近10日涨停2次，有一定活跃度；5日涨幅101%，主升节奏；20cm大板涨停，弹性大
2025-08-05,603389,5,79.0,26.1,4.98,True,4.98,5板高度，题材龙头候选；近10日涨停6次，资金反复攻击的强势股；5日涨幅28%，趋势向上；主板10cm涨停
2025-08-06,603059,5,93.0,44.97,-10.01,False,-10.01,5板高度，题材龙头候选；近10日涨停4次，近期活跃；5日涨幅61%，主升节奏；主板10cm涨停
2025-08-06,603767,4,88.5,26.5,10.0,True,10.0,4板高度，连板梯队前排；近10日涨停4次，近期活跃；5日涨幅38%，主升节奏；主板10cm涨停
2025-08-06,603389,6,83.0,27.4,0.0,False,0.0,6板高位龙头，身位优势极大；近10日涨停6次，资金反复攻击的强势股；5日涨幅28%，趋势向上；主板10cm涨停
2025-08-06,000901,4,81.8,16.09,-4.23,False,-4.23,4板高度，连板梯队前排；近10日涨停3次，近期活跃；5日涨幅21%，趋势向上；主板10cm涨停
2025-08-06,600203,3,80.5,14.19,10.01,True,10.01,3板高度，连板中位；近10日涨停2次，有一定活跃度；5日涨幅33%，主升节奏；主板10cm涨停
2025-08-07,603767,5,95.0,29.15,2.13,False,2.13,5板高度，题材龙头候选；近10日涨停5次，资金反复攻击的强势股；5日涨幅61%，主升节奏；主板10cm涨停
2025-08-07,601606,4,88.5,51.68,0.39,False,0.39,4板高度，连板梯队前排；近10日涨停4次，近期活跃；5日涨幅49%，主升节奏；主板10cm涨停
2025-08-07,600203,4,86.4,15.61,-1.92,False,-1.92,4板高度，连板梯队前排；近10日涨停3次，近期活跃；5日涨幅47%，主升节奏；主板10cm涨停
2025-08-07,002046,4,86.3,28.23,9.99,True,9.99,4板高度，连板梯队前排；近10日涨停3次，近期活跃；5日涨幅46%，主升节奏；主板10cm涨停
2025-08-07,002148,4,83.2,10.37,-8.78,False,-8.78,4板高度，连板梯队前排；近10日涨停3次，近期活跃；5日涨幅47%，主升节奏；主板10cm涨停
2025-08-08,002046,5,89.9,31.05,2.9,False,2.9,5板高度，题材龙头候选；近10日涨停4次，近期活跃；5日涨幅61%，主升节奏；主板10cm涨停
2025-08-08,002313,4,86.5,14.96,-3.14,False,-3.14,4板高度，连板梯队前排；近10日涨停3次，近期活跃；5日涨幅49%，主升节奏；主板10cm涨停
2025-08-08,600475,4,86.3,21.19,7.98,False,7.98,4板高度，连板梯队前排；近10日涨停3次，近期活跃；5日涨幅47%，主升节奏；主板10cm涨停
2025-08-08,605169,4,86.2,16.9,-3.31,False,-3.31,4板高度，连板梯队前排；近10日涨停3次，近期活跃；5日涨幅49%，主升节奏；主板10cm涨停
2025-08-08,002289,6,83.0,25.99,2.23,False,2.23,6板高位龙头，身位优势极大；近10日涨停5次，资金反复攻击的强势股；5日涨幅28%，趋势向上；主板10cm涨停
2025-08-11,000901,4,89.7,18.65,2.68,False,2.68,4板高度，连板梯队前排；近10日涨停7次，资金反复攻击的强势股；5日涨幅21%，趋势向上；主板10cm涨停
2025-08-11,000901,3,85.2,18.65,2.68,False,2.68,3板高度，连板中位；近10日涨停6次，资金反复攻击的强势股；5日涨幅16%，趋势向上；主板10cm涨停
2025-08-11,601929,3,84.5,2.97,10.1,True,10.1,3板高度，连板中位；近10日涨停3次，近期活跃；5日涨幅40%，主升节奏；主板10cm涨停
2025-08-11,688108,3,82.9,24.53,2.36,False,2.36,3板高度，连板中位；近10日涨停2次，有一定活跃度；5日涨幅68%，主升节奏；20cm大板涨停，弹性大
2025-08-11,601606,1,82.5,57.07,8.03,False,8.03,首板，连板起点；近10日涨停5次，资金反复攻击的强势股；5日涨幅47%，主升节奏；主板10cm涨停
2025-08-12,000026,4,87.9,21.44,1.35,False,1.35,4板高度，连板梯队前排；近10日涨停5次，资金反复攻击的强势股；5日涨幅21%，趋势向上；主板10cm涨停
2025-08-12,601929,4,86.5,3.27,10.09,True,10.09,4板高度，连板梯队前排；近10日涨停4次，近期活跃；5日涨幅47%，主升节奏；主板10cm涨停
2025-08-12,000011,4,83.6,10.52,-3.71,False,-3.71,4板高度，连板梯队前排；近10日涨停3次，近期活跃；5日涨幅21%，趋势向上；主板10cm涨停
2025-08-12,600581,3,82.1,5.13,1.95,False,1.95,3板高度，连板中位；近10日涨停4次，近期活跃；5日涨幅30%，趋势向上；主板10cm涨停
2025-08-12,000026,3,81.4,21.44,1.35,False,1.35,3板高度，连板中位；近10日涨停4次，近期活跃；5日涨幅14%，温和上行；主板10cm涨停
2025-08-13,601929,5,95.1,3.6,1.67,False,1.67,5板高度，题材龙头候选；近10日涨停5次，资金反复攻击的强势股；5日涨幅61%，主升节奏；主板10cm涨停
2025-08-13,002148,3,88.1,12.6,1.9,False,1.9,3板高度，连板中位；近10日涨停6次，资金反复攻击的强势股；5日涨幅34%，主升节奏；主板10cm涨停
2025-08-13,600619,3,86.4,25.28,-10.01,False,-10.01,3板高度，连板中位；近10日涨停4次，近期活跃；5日涨幅41%，主升节奏；主板10cm涨停
2025-08-13,605169,2,85.3,19.77,-10.02,False,-10.02,2板高度，首板晋级后延续；近10日涨停5次，资金反复攻击的强势股；5日涨幅42%，主升节奏；主板10cm涨停
2025-08-13,002941,4,84.4,18.38,-10.01,False,-10.01,4板高度，连板梯队前排；近10日涨停3次，近期活跃；5日涨幅48%，主升节奏；主板10cm涨停
2025-08-14,000070,4,87.9,10.99,-2.73,False,-2.73,4板高度，连板梯队前排；近10日涨停6次，资金反复攻击的强势股；5日涨幅21%，趋势向上；主板10cm涨停
2025-08-14,603757,4,87.4,42.85,10.01,True,10.01,4板高度，连板梯队前排；近10日涨停4次，近期活跃；5日涨幅49%，主升节奏；主板10cm涨停
2025-08-14,000070,3,84.9,10.99,-2.73,False,-2.73,3板高度，连板中位；近10日涨停6次，资金反复攻击的强势股；5日涨幅21%，趋势向上；主板10cm涨停
2025-08-14,002173,3,84.3,24.92,7.02,False,7.02,3板高度，连板中位；近10日涨停4次，近期活跃；5日涨幅43%，主升节奏；主板10cm涨停
2025-08-14,000561,3,79.5,13.75,4.73,False,4.73,3板高度，连板中位；近10日涨停2次，有一定活跃度；5日涨幅32%，主升节奏；主板10cm涨停
2025-08-15,603757,5,93.9,47.14,9.99,True,9.99,5板高度，题材龙头候选；近10日涨停4次，近期活跃；5日涨幅61%，主升节奏；主板10cm涨停
2025-08-15,603256,3,86.4,32.86,8.03,False,8.03,3板高度，连板中位；近10日涨停4次，近期活跃；5日涨幅33%，主升节奏；主板10cm涨停
2025-08-15,002536,3,81.4,29.62,9.99,True,9.99,3板高度，连板中位；近10日涨停3次，近期活跃；5日涨幅39%，主升节奏；主板10cm涨停
2025-08-15,002939,3,81.1,12.06,10.03,True,10.03,3板高度，连板中位；近10日涨停2次，有一定活跃度；5日涨幅36%，主升节奏；主板10cm涨停
2025-08-15,600208,3,81.1,5.48,-2.55,False,-2.55,3板高度，连板中位；近10日涨停2次，有一定活跃度；5日涨幅33%，主升节奏；主板10cm涨停
2025-08-18,603757,6,95.9,51.85,-9.99,False,-9.99,6板高位龙头，身位优势极大；近10日涨停5次，资金反复攻击的强势股；5日涨幅61%，主升节奏；主板10cm涨停
2025-08-18,601609,4,87.4,12.53,7.02,False,7.02,4板高度，连板梯队前排；近10日涨停3次，近期活跃；5日涨幅45%，主升节奏；主板10cm涨停
2025-08-18,002939,4,87.2,13.27,3.84,False,3.84,4板高度，连板梯队前排；近10日涨停3次，近期活跃；5日涨幅47%，主升节奏；主板10cm涨停
2025-08-18,002536,4,86.4,32.58,0.52,False,0.52,4板高度，连板梯队前排；近10日涨停4次，近期活跃；5日涨幅43%，主升节奏；主板10cm涨停
2025-08-18,002052,2,84.9,16.59,10.01,True,10.01,2板高度，首板晋级后延续；近10日涨停4次，近期活跃；5日涨幅53%，主升节奏；主板10cm涨停
2025-08-19,002052,3,89.9,18.25,4.11,False,4.11,3板高度，连板中位；近10日涨停5次，资金反复攻击的强势股；5日涨幅53%，主升节奏；主板10cm涨停
2025-08-19,603222,4,89.0,10.78,10.02,True,10.02,4板高度，连板梯队前排；近10日涨停3次，近期活跃；5日涨幅54%，主升节奏；主板10cm涨停
2025-08-19,600410,2,85.4,22.75,-7.3,False,-7.3,2板高度，首板晋级后延续；近10日涨停5次，资金反复攻击的强势股；5日涨幅46%，主升节奏；主板10cm涨停
2025-08-19,002364,3,84.5,24.97,-10.01,False,-10.01,3板高度，连板中位；近10日涨停3次，近期活跃；5日涨幅31%，主升节奏；主板10cm涨停
2025-08-19,688098,3,82.7,15.4,-4.22,False,-4.22,3板高度，连板中位；近10日涨停2次，有一定活跃度；5日涨幅63%，主升节奏；20cm大板涨停，弹性大
2025-08-20,603222,5,93.8,11.86,-3.88,False,-3.88,5板高度，题材龙头候选；近10日涨停4次，近期活跃；5日涨幅61%，主升节奏；主板10cm涨停
2025-08-20,002158,4,87.3,26.24,-9.68,False,-9.68,4板高度，连板梯队前排；近10日涨停3次，近期活跃；5日涨幅44%，主升节奏；主板10cm涨停
2025-08-20,603626,4,87.2,12.61,9.99,True,9.99,4板高度，连板梯队前排；近10日涨停3次，近期活跃；5日涨幅42%，主升节奏；主板10cm涨停
2025-08-20,603158,2,84.6,14.14,-9.97,False,-9.97,2板高度，首板晋级后延续；近10日涨停4次，近期活跃；5日涨幅52%，主升节奏；主板10cm涨停
2025-08-20,600658,2,80.4,8.48,-0.59,False,-0.59,2板高度，首板晋级后延续；近10日涨停4次，近期活跃；5日涨幅34%，主升节奏；主板10cm涨停
2025-08-21,603626,5,88.9,13.87,10.02,True,10.02,5板高度，题材龙头候选；近10日涨停4次，近期活跃；5日涨幅61%，主升节奏；主板10cm涨停
2025-08-21,605303,4,85.3,18.22,9.99,True,9.99,4板高度，连板梯队前排；近10日涨停3次，近期活跃；5日涨幅43%，主升节奏；主板10cm涨停
2025-08-21,002177,3,79.0,9.09,10.01,True,10.01,3板高度，连板中位；近10日涨停2次，有一定活跃度；5日涨幅32%，主升节奏；主板10cm涨停
2025-08-21,605028,3,76.4,26.86,10.01,True,10.01,3板高度，连板中位；近10日涨停2次，有一定活跃度；5日涨幅32%，主升节奏；主板10cm涨停
2025-08-21,601929,1,75.2,3.96,-6.82,False,-6.82,首板，连板起点；近10日涨停6次，资金反复攻击的强势股；5日涨幅8%，温和上行；主板10cm涨停
2025-08-22,603626,6,97.8,15.26,4.26,False,4.26,6板高位龙头，身位优势极大；近10日涨停5次，资金反复攻击的强势股；5日涨幅61%，主升节奏；主板10cm涨停
2025-08-22,605303,5,89.9,20.04,9.98,True,9.98,5板高度，题材龙头候选；近10日涨停4次，近期活跃；5日涨幅61%，主升节奏；主板10cm涨停
2025-08-22,002177,4,86.4,10.0,-4.3,False,-4.3,4板高度，连板梯队前排；近10日涨停3次，近期活跃；5日涨幅46%，主升节奏；主板10cm涨停
2025-08-22,605028,4,86.4,29.55,-8.8,False,-8.8,4板高度，连板梯队前排；近10日涨停3次，近期活跃；5日涨幅46%，主升节奏；主板10cm涨停
2025-08-22,002190,3,80.4,48.79,10.0,True,10.0,3板高度，连板中位；近10日涨停2次，有一定活跃度；5日涨幅36%，主升节奏；主板10cm涨停
2025-08-25,605303,6,95.8,22.04,9.98,True,9.98,6板高位龙头，身位优势极大；近10日涨停5次，资金反复攻击的强势股；5日涨幅61%，主升节奏；主板10cm涨停
2025-08-25,002190,4,87.5,53.67,4.32,False,4.32,4板高度，连板梯队前排；近10日涨停3次，近期活跃；5日涨幅47%，主升节奏；主板10cm涨停
2025-08-25,600246,3,85.4,12.77,6.97,False,6.97,3板高度，连板中位；近10日涨停5次，资金反复攻击的强势股；5日涨幅33%，主升节奏；主板10cm涨停
2025-08-25,603377,5,79.0,3.77,5.04,True,5.04,5板高度，题材龙头候选；近10日涨停4次，近期活跃；5日涨幅28%，趋势向上；主板10cm涨停
2025-08-25,603083,1,76.9,72.88,10.0,True,10.0,首板，连板起点；近10日涨停3次，近期活跃；5日涨幅24%，趋势向上；主板10cm涨停
2025-08-26,605303,7,95.8,24.24,-9.98,False,-9.98,7板高位龙头，身位优势极大；近10日涨停6次，资金反复攻击的强势股；5日涨幅61%，主升节奏；主板10cm涨停
2025-08-26,603377,6,84.0,3.96,0.76,False,0.76,6板高位龙头，身位优势极大；近10日涨停5次，资金反复攻击的强势股；5日涨幅28%，趋势向上；主板10cm涨停
2025-08-26,002217,3,83.9,3.72,4.84,False,4.84,3板高度，连板中位；近10日涨停3次，近期活跃；5日涨幅42%，主升节奏；主板10cm涨停
2025-08-26,000070,4,82.9,11.56,-4.5,False,-4.5,4板高度，连板梯队前排；近10日涨停3次，近期活跃；5日涨幅21%，趋势向上；主板10cm涨停
2025-08-26,600410,2,82.3,25.58,-4.1,False,-4.1,2板高度，首板晋级后延续；近10日涨停5次，资金反复攻击的强势股；5日涨幅12%，温和上行；主板10cm涨停
2025-08-27,603083,3,86.5,88.19,7.81,False,7.81,3板高度，连板中位；近10日涨停5次，资金反复攻击的强势股；5日涨幅32%，主升节奏；主板10cm涨停
2025-08-27,605255,4,85.4,39.0,10.0,True,10.0,4板高度，连板梯队前排；近10日涨停3次，近期活跃；5日涨幅46%，主升节奏；主板10cm涨停
2025-08-27,688228,3,81.0,113.7,16.09,False,16.09,3板高度，连板中位；近10日涨停2次，有一定活跃度；5日涨幅73%，主升节奏；20cm大板涨停，弹性大
2025-08-27,002212,2,79.1,12.38,4.93,False,4.93,2板高度，首板晋级后延续；近10日涨停3次，近期活跃；5日涨幅48%，主升节奏；主板10cm涨停
2025-08-27,605188,2,77.9,16.81,9.99,True,9.99,2板高度，首板晋级后延续；近10日涨停3次，近期活跃；5日涨幅23%，趋势向上；主板10cm涨停
2025-08-28,605255,5,92.0,42.9,10.0,True,10.0,5板高度，题材龙头候选；近10日涨停4次，近期活跃；5日涨幅61%，主升节奏；主板10cm涨停
2025-08-28,000061,4,83.5,8.43,4.03,False,4.03,4板高度，连板梯队前排；近10日涨停3次，近期活跃；5日涨幅21%，趋势向上；主板10cm涨停
2025-08-28,002232,3,79.5,25.84,-7.97,False,-7.97,3板高度，连板中位；近10日涨停2次，有一定活跃度；5日涨幅38%，主升节奏；主板10cm涨停
2025-08-28,605188,3,79.4,18.49,-2.38,False,-2.38,3板高度，连板中位；近10日涨停3次，近期活跃；5日涨幅32%，主升节奏；主板10cm涨停
2025-08-28,603177,3,79.3,13.18,10.02,True,10.02,3板高度，连板中位；近10日涨停2次，有一定活跃度；5日涨幅31%，主升节奏；主板10cm涨停
2025-08-29,605255,6,98.0,47.19,10.0,True,10.0,6板高位龙头，身位优势极大；近10日涨停5次，资金反复攻击的强势股；5日涨幅61%，主升节奏；主板10cm涨停
2025-08-29,603177,4,86.3,14.5,10.0,True,10.0,4板高度，连板梯队前排；近10日涨停3次，近期活跃；5日涨幅46%，主升节奏；主板10cm涨停
2025-08-29,601869,2,81.9,91.25,0.8,False,0.8,2板高度，首板晋级后延续；近10日涨停3次，近期活跃；5日涨幅55%，主升节奏；主板10cm涨停
2025-08-29,002053,3,80.3,14.99,-3.47,False,-3.47,3板高度，连板中位；近10日涨停3次，近期活跃；5日涨幅34%，主升节奏；主板10cm涨停
2025-08-29,603948,3,77.4,29.17,10.01,True,10.01,3板高度，连板中位；近10日涨停2次，有一定活跃度；5日涨幅34%，主升节奏；主板10cm涨停
2025-09-01,605255,7,100.0,51.91,10.0,True,10.0,7板高位龙头，身位优势极大；近10日涨停6次，资金反复攻击的强势股；5日涨幅61%，主升节奏；主板10cm涨停
2025-09-01,603177,5,95.0,15.95,-9.09,False,-9.09,5板高度，题材龙头候选；近10日涨停4次，近期活跃；5日涨幅61%，主升节奏；主板10cm涨停
2025-09-01,603948,4,88.4,32.09,-9.5,False,-9.5,4板高度，连板梯队前排；近10日涨停3次，近期活跃；5日涨幅47%，主升节奏；主板10cm涨停
2025-09-01,601929,2,83.4,5.01,0.4,False,0.4,2板高度，首板晋级后延续；近10日涨停4次，近期活跃；5日涨幅42%，主升节奏；主板10cm涨停
2025-09-01,605188,1,81.2,19.86,-5.14,False,-5.14,首板，连板起点；近10日涨停4次，近期活跃；5日涨幅43%，主升节奏；主板10cm涨停
2025-09-02,605255,8,94.0,57.1,10.0,True,10.0,8板高位龙头，身位优势极大；近10日涨停7次，资金反复攻击的强势股；5日涨幅61%，主升节奏；主板10cm涨停
2025-09-02,605288,3,84.5,95.48,1.35,False,1.35,3板高度，连板中位；近10日涨停4次，近期活跃；5日涨幅31%，主升节奏；主板10cm涨停
2025-09-02,002256,4,82.9,3.89,-9.51,False,-9.51,4板高度，连板梯队前排；近10日涨停3次，近期活跃；5日涨幅57%，主升节奏；主板10cm涨停
2025-09-02,603032,3,74.9,24.88,2.89,False,2.89,3板高度，连板中位；近10日涨停2次，有一定活跃度；5日涨幅29%，趋势向上；主板10cm涨停
2025-09-02,002058,4,74.5,18.49,1.46,False,1.46,4板高度，连板梯队前排；近10日涨停5次，资金反复攻击的强势股；5日涨幅17%，趋势向上；主板10cm涨停
2025-09-03,605255,9,95.0,62.81,0.0,False,0.0,9板高位龙头，身位优势极大；近10日涨停8次，资金反复攻击的强势股；5日涨幅61%，主升节奏；主板10cm涨停
2025-09-03,002975,3,77.5,63.89,-1.72,False,-1.72,3板高度，连板中位；近10日涨停2次，有一定活跃度；5日涨幅38%，主升节奏；主板10cm涨停
2025-09-03,601069,3,77.5,26.51,2.26,False,2.26,3板高度，连板中位；近10日涨停2次，有一定活跃度；5日涨幅40%，主升节奏；主板10cm涨停
2025-09-03,601869,1,75.0,91.06,-5.56,False,-5.56,首板，连板起点；近10日涨停4次，近期活跃；5日涨幅21%，趋势向上；主板10cm涨停
2025-09-03,601929,1,72.9,5.53,-9.95,False,-9.95,首板，连板起点；近10日涨停4次，近期活跃；5日涨幅38%，主升节奏；主板10cm涨停
2025-09-04,603839,3,77.3,10.43,9.97,True,9.97,3板高度，连板中位；近10日涨停2次，有一定活跃度；5日涨幅35%，主升节奏；主板10cm涨停
2025-09-04,605188,1,73.2,21.95,-9.98,False,-9.98,首板，连板起点；近10日涨停4次，近期活跃；5日涨幅19%，趋势向上；主板10cm涨停
2025-09-04,001296,1,69.2,26.4,0.87,False,0.87,首板，连板起点；近10日涨停3次，近期活跃；5日涨幅5%，温和上行；主板10cm涨停
2025-09-04,603222,1,69.0,11.52,-8.77,False,-8.77,首板，连板起点；近10日涨停3次，近期活跃；5日涨幅4%，温和上行；主板10cm涨停
2025-09-04,603101,1,68.7,10.84,7.56,False,7.56,首板，连板起点；近10日涨停3次，近期活跃；5日涨幅7%，温和上行；主板10cm涨停
2025-09-05,603839,4,84.2,11.47,-10.03,False,-10.03,4板高度，连板梯队前排；近10日涨停3次，近期活跃；5日涨幅48%，主升节奏；主板10cm涨停
2025-09-05,600376,3,81.2,3.51,9.97,True,9.97,3板高度，连板中位；近10日涨停2次，有一定活跃度；5日涨幅32%，主升节奏；主板10cm涨停
2025-09-05,002150,3,78.2,17.42,0.11,False,0.11,3板高度，连板中位；近10日涨停2次，有一定活跃度；5日涨幅37%，主升节奏；主板10cm涨停
2025-09-05,603709,2,77.0,16.83,9.98,True,9.98,2板高度，首板晋级后延续；近10日涨停2次，有一定活跃度；5日涨幅24%，趋势向上；主板10cm涨停
2025-09-05,601069,1,75.5,29.82,-5.77,False,-5.77,首板，连板起点；近10日涨停3次，近期活跃；5日涨幅50%，主升节奏；主板10cm涨停
2025-09-08,600376,4,83.2,3.86,10.1,True,10.1,4板高度，连板梯队前排；近10日涨停3次，近期活跃；5日涨幅45%，主升节奏；主板10cm涨停
2025-09-08,002759,3,80.4,15.28,10.01,True,10.01,3板高度，连板中位；近10日涨停2次，有一定活跃度；5日涨幅35%，主升节奏；主板10cm涨停
2025-09-08,603709,3,80.3,18.51,-7.78,False,-7.78,3板高度，连板中位；近10日涨停3次，近期活跃；5日涨幅32%，主升节奏；主板10cm涨停
2025-09-08,603285,3,79.0,31.45,-9.98,False,-9.98,3板高度，连板中位；近10日涨停2次，有一定活跃度；5日涨幅29%，趋势向上；主板10cm涨停
2025-09-08,605298,2,76.0,39.93,9.99,True,9.99,2板高度，首板晋级后延续；近10日涨停2次，有一定活跃度；5日涨幅22%，趋势向上；主板10cm涨停
2025-09-09,600376,5,91.0,4.25,10.12,True,10.12,5板高度，题材龙头候选；近10日涨停4次，近期活跃；5日涨幅61%，主升节奏；主板10cm涨停
2025-09-09,002759,4,85.4,16.81,4.34,False,4.34,4板高度，连板梯队前排；近10日涨停3次，近期活跃；5日涨幅50%，主升节奏；主板10cm涨停
2025-09-09,605298,3,79.4,43.92,-2.12,False,-2.12,3板高度，连板中位；近10日涨停3次，近期活跃；5日涨幅31%，主升节奏；主板10cm涨停
2025-09-09,601069,1,77.0,30.91,7.41,False,7.41,首板，连板起点；近10日涨停4次，近期活跃；5日涨幅28%，趋势向上；主板10cm涨停
2025-09-09,605255,1,76.0,69.09,10.0,True,10.0,首板，连板起点；近10日涨停7次，资金反复攻击的强势股；5日涨幅21%，趋势向上；主板10cm涨停
2025-09-10,600376,6,95.8,4.68,7.05,False,7.05,6板高位龙头，身位优势极大；近10日涨停5次，资金反复攻击的强势股；5日涨幅61%，主升节奏；主板10cm涨停
2025-09-10,605255,2,82.0,76.0,0.0,False,0.0,2板高度，首板晋级后延续；近10日涨停7次，资金反复攻击的强势股；5日涨幅21%，趋势向上；主板10cm涨停
2025-09-10,002115,1,76.6,13.81,2.82,False,2.82,首板，连板起点；近10日涨停4次，近期活跃；5日涨幅21%，趋势向上；主板10cm涨停
2025-09-10,603163,2,76.5,50.82,1.5,False,1.5,2板高度，首板晋级后延续；近10日涨停3次，近期活跃；5日涨幅14%，温和上行；主板10cm涨停
2025-09-10,603101,2,76.3,13.44,1.56,False,1.56,2板高度，首板晋级后延续；近10日涨停3次，近期活跃；5日涨幅36%，主升节奏；主板10cm涨停
2025-09-11,600103,3,86.6,3.8,10.0,True,10.0,3板高度，连板中位；近10日涨停4次，近期活跃；5日涨幅53%，主升节奏；主板10cm涨停
2025-09-11,601116,3,82.7,16.24,1.85,False,1.85,3板高度，连板中位；近10日涨停3次，近期活跃；5日涨幅28%，趋势向上；主板10cm涨停
2025-09-11,002058,5,81.0,22.74,5.01,True,5.01,5板高度，题材龙头候选；近10日涨停8次，资金反复攻击的强势股；5日涨幅28%，趋势向上；主板10cm涨停
2025-09-11,603222,1,78.8,14.06,-5.9,False,-5.9,首板，连板起点；近10日涨停4次，近期活跃；5日涨幅22%，趋势向上；主板10cm涨停
2025-09-11,603516,3,78.5,137.09,10.0,True,10.0,3板高度，连板中位；近10日涨停2次，有一定活跃度；5日涨幅39%，主升节奏；主板10cm涨停
2025-09-12,600103,4,92.0,4.18,9.81,True,9.81,4板高度，连板梯队前排；近10日涨停5次，资金反复攻击的强势股；5日涨幅53%，主升节奏；主板10cm涨停
2025-09-12,603516,4,88.0,150.8,-7.16,False,-7.16,4板高度，连板梯队前排；近10日涨停3次，近期活跃；5日涨幅53%，主升节奏；主板10cm涨停
2025-09-12,002905,3,83.3,13.72,-3.13,False,-3.13,3板高度，连板中位；近10日涨停3次，近期活跃；5日涨幅36%，主升节奏；主板10cm涨停
2025-09-12,000718,4,83.2,3.31,6.34,False,6.34,4板高度，连板梯队前排；近10日涨停3次，近期活跃；5日涨幅47%，主升节奏；主板10cm涨停
2025-09-12,002058,6,83.0,23.88,4.98,True,4.98,6板高位龙头，身位优势极大；近10日涨停8次，资金反复攻击的强势股；5日涨幅28%，趋势向上；主板10cm涨停
2025-09-15,600103,5,90.1,4.59,-3.92,False,-3.92,5板高度，题材龙头候选；近10日涨停6次，资金反复攻击的强势股；5日涨幅61%，主升节奏；主板10cm涨停
2025-09-15,002058,7,83.0,25.07,4.99,True,4.99,7板高位龙头，身位优势极大；近10日涨停8次，资金反复攻击的强势股；5日涨幅28%，趋势向上；主板10cm涨停
2025-09-15,000691,6,83.0,7.81,4.99,True,4.99,6板高位龙头，身位优势极大；近10日涨停5次，资金反复攻击的强势股；5日涨幅28%，趋势向上；主板10cm涨停
2025-09-15,600376,2,82.8,6.06,10.07,True,10.07,2板高度，首板晋级后延续；近10日涨停7次，资金反复攻击的强势股；5日涨幅57%，主升节奏；主板10cm涨停
2025-09-15,603127,2,78.9,41.65,1.32,False,1.32,2板高度，首板晋级后延续；近10日涨停3次，近期活跃；5日涨幅20%，趋势向上；主板10cm涨停
2025-09-16,600376,3,88.3,6.67,10.04,True,10.04,3板高度，连板中位；近10日涨停8次，资金反复攻击的强势股；5日涨幅57%，主升节奏；主板10cm涨停
2025-09-16,600629,4,86.4,18.9,-3.76,False,-3.76,4板高度，连板梯队前排；近10日涨停3次，近期活跃；5日涨幅49%，主升节奏；主板10cm涨停
2025-09-16,000691,7,83.0,8.2,5.0,True,5.0,7板高位龙头，身位优势极大；近10日涨停6次，资金反复攻击的强势股；5日涨幅28%，趋势向上；主板10cm涨停
2025-09-16,002058,8,83.0,26.32,2.2,False,2.2,8板高位龙头，身位优势极大；近10日涨停8次，资金反复攻击的强势股；5日涨幅28%，趋势向上；主板10cm涨停
2025-09-16,000981,3,81.9,3.36,10.12,True,10.12,3板高度，连板中位；近10日涨停3次，近期活跃；5日涨幅38%，主升节奏；主板10cm涨停
2025-09-17,600376,4,91.6,7.34,9.95,True,9.95,4板高度，连板梯队前排；近10日涨停9次，资金反复攻击的强势股；5日涨幅57%，主升节奏；主板10cm涨停
2025-09-17,600162,4,85.7,2.62,9.92,True,9.92,4板高度，连板梯队前排；近10日涨停3次，近期活跃；5日涨幅46%，主升节奏；主板10cm涨停
2025-09-17,000981,4,85.3,3.7,10.0,True,10.0,4板高度，连板梯队前排；近10日涨停3次，近期活跃；5日涨幅46%，主升节奏；主板10cm涨停
2025-09-17,600170,4,83.2,3.53,9.92,True,9.92,4板高度，连板梯队前排；近10日涨停3次，近期活跃；5日涨幅47%，主升节奏；主板10cm涨停
2025-09-17,000691,8,83.0,8.61,4.99,True,4.99,8板高位龙头，身位优势极大；近10日涨停7次，资金反复攻击的强势股；5日涨幅28%，趋势向上；主板10cm涨停
2025-09-18,000981,5,92.0,4.07,-4.91,False,-4.91,5板高度，题材龙头候选；近10日涨停4次，近期活跃；5日涨幅62%，主升节奏；主板10cm涨停
2025-09-18,600376,5,90.5,8.07,-10.04,False,-10.04,5板高度，题材龙头候选；近10日涨停9次，资金反复攻击的强势股；5日涨幅61%，主升节奏；主板10cm涨停
2025-09-18,600162,5,88.2,2.88,3.82,False,3.82,5板高度，题材龙头候选；近10日涨停4次，近期活跃；5日涨幅62%，主升节奏；主板10cm涨停
2025-09-18,600170,5,88.1,3.88,-10.05,False,-10.05,5板高度，题材龙头候选；近10日涨停4次，近期活跃；5日涨幅61%，主升节奏；主板10cm涨停
2025-09-18,001234,4,85.4,36.5,10.0,True,10.0,4板高度，连板梯队前排；近10日涨停3次，近期活跃；5日涨幅44%，主升节奏；主板10cm涨停
2025-09-19,001234,5,92.0,40.15,-9.99,False,-9.99,5板高度，题材龙头候选；近10日涨停4次，近期活跃；5日涨幅61%，主升节奏；主板10cm涨停
2025-09-19,603618,4,85.4,10.11,9.99,True,9.99,4板高度，连板梯队前排；近10日涨停3次，近期活跃；5日涨幅44%，主升节奏；主板10cm涨停
2025-09-19,603843,6,82.0,4.65,4.95,True,4.95,6板高位龙头，身位优势极大；近10日涨停7次，资金反复攻击的强势股；5日涨幅27%，趋势向上；主板10cm涨停
2025-09-19,002059,3,79.2,7.35,10.07,True,10.07,3板高度，连板中位；近10日涨停2次，有一定活跃度；5日涨幅37%，主升节奏；主板10cm涨停
2025-09-19,605255,2,78.0,91.96,10.0,True,10.0,2板高度，首板晋级后延续；近10日涨停3次，近期活跃；5日涨幅21%，趋势向上；主板10cm涨停
2025-09-22,603618,5,89.9,11.12,9.98,True,9.98,5板高度，题材龙头候选；近10日涨停4次，近期活跃；5日涨幅61%，主升节奏；主板10cm涨停
2025-09-22,002059,4,85.8,8.09,-10.01,False,-10.01,4板高度，连板梯队前排；近10日涨停3次，近期活跃；5日涨幅50%，主升节奏；主板10cm涨停
2025-09-22,605255,3,85.5,101.16,10.0,True,10.0,3板高度，连板中位；近10日涨停4次，近期活跃；5日涨幅33%，主升节奏；主板10cm涨停
2025-09-22,603843,7,83.0,4.88,-4.92,False,-4.92,7板高位龙头，身位优势极大；近10日涨停7次，资金反复攻击的强势股；5日涨幅27%，趋势向上；主板10cm涨停
2025-09-22,600376,1,80.9,7.99,-4.13,False,-4.13,首板，连板起点；近10日涨停8次，资金反复攻击的强势股；5日涨幅32%，主升节奏；主板10cm涨停
2025-09-23,603618,6,93.8,12.23,-9.98,False,-9.98,6板高位龙头，身位优势极大；近10日涨停5次，资金反复攻击的强势股；5日涨幅61%，主升节奏；主板10cm涨停
2025-09-23,605255,4,89.5,111.28,0.0,False,0.0,4板高度，连板梯队前排；近10日涨停5次，资金反复攻击的强势股；5日涨幅46%，主升节奏；主板10cm涨停
2025-09-23,603686,4,82.4,27.97,-3.11,False,-3.11,4板高度，连板梯队前排；近10日涨停3次，近期活跃；5日涨幅40%，主升节奏；主板10cm涨停
2025-09-23,002549,3,80.8,25.12,3.86,False,3.86,3板高度，连板中位；近10日涨停3次，近期活跃；5日涨幅53%，主升节奏；主板10cm涨停
2025-09-23,001309,3,79.5,170.62,6.67,False,6.67,3板高度，连板中位；近10日涨停3次，近期活跃；5日涨幅36%，主升节奏；主板10cm涨停
2025-09-24,002453,4,86.0,8.87,10.03,True,10.03,4板高度，连板梯队前排；近10日涨停3次，近期活跃；5日涨幅42%，主升节奏；主板10cm涨停
2025-09-24,300111,3,81.7,8.57,5.02,False,5.02,3板高度，连板中位；近10日涨停2次，有一定活跃度；5日涨幅73%，主升节奏；20cm大板涨停，弹性大
2025-09-24,002513,3,79.7,7.1,10.0,True,10.0,3板高度，连板中位；近10日涨停2次，有一定活跃度；5日涨幅32%，主升节奏；主板10cm涨停
2025-09-24,603316,2,78.6,13.92,-8.48,False,-8.48,2板高度，首板晋级后延续；近10日涨停3次，近期活跃；5日涨幅21%，趋势向上；主板10cm涨停
2025-09-24,600167,3,77.2,9.6,10.0,True,10.0,3板高度，连板中位；近10日涨停2次，有一定活跃度；5日涨幅44%，主升节奏；主板10cm涨停
2025-09-25,002453,5,91.7,9.76,-10.04,False,-10.04,5板高度，题材龙头候选；近10日涨停4次，近期活跃；5日涨幅61%，主升节奏；主板10cm涨停
2025-09-25,002513,4,85.5,7.81,9.99,True,9.99,4板高度，连板梯队前排；近10日涨停3次，近期活跃；5日涨幅48%，主升节奏；主板10cm涨停
2025-09-25,600167,4,85.5,10.56,-10.04,False,-10.04,4板高度，连板梯队前排；近10日涨停3次，近期活跃；5日涨幅47%，主升节奏；主板10cm涨停
2025-09-25,605358,3,76.4,36.34,-9.99,False,-9.99,3板高度，连板中位；近10日涨停2次，有一定活跃度；5日涨幅39%，主升节奏；主板10cm涨停
2025-09-25,600629,1,75.4,21.55,10.02,True,10.02,首板，连板起点；近10日涨停4次，近期活跃；5日涨幅20%，趋势向上；主板10cm涨停
2025-09-26,002513,5,88.9,8.59,10.01,True,10.01,5板高度，题材龙头候选；近10日涨停4次，近期活跃；5日涨幅61%，主升节奏；主板10cm涨停
2025-09-26,000020,4,83.7,16.9,-8.58,False,-8.58,4板高度，连板梯队前排；近10日涨停3次，近期活跃；5日涨幅21%，趋势向上；主板10cm涨停
2025-09-26,600629,2,79.8,23.71,10.0,True,10.0,2板高度，首板晋级后延续；近10日涨停4次，近期活跃；5日涨幅23%，趋势向上；主板10cm涨停
2025-09-26,002295,3,79.5,14.85,-9.7,False,-9.7,3板高度，连板中位；近10日涨停2次，有一定活跃度；5日涨幅37%，主升节奏；主板10cm涨停
2025-09-26,603156,3,79.4,28.14,7.68,False,7.68,3板高度，连板中位；近10日涨停2次，有一定活跃度；5日涨幅32%，主升节奏；主板10cm涨停
2025-09-29,002513,6,96.9,9.45,10.05,True,10.05,6板高位龙头，身位优势极大；近10日涨停5次，资金反复攻击的强势股；5日涨幅61%，主升节奏；主板10cm涨停
2025-09-29,000691,6,82.0,11.82,4.99,True,4.99,6板高位龙头，身位优势极大；近10日涨停9次，资金反复攻击的强势股；5日涨幅28%，趋势向上；主板10cm涨停
2025-09-29,000559,2,82.0,12.98,-2.47,False,-2.47,2板高度，首板晋级后延续；近10日涨停6次，资金反复攻击的强势股；5日涨幅30%，趋势向上；主板10cm涨停
2025-09-29,600629,3,81.5,26.08,10.01,True,10.01,3板高度，连板中位；近10日涨停4次，近期活跃；5日涨幅36%，主升节奏；主板10cm涨停
2025-09-29,688109,3,80.9,84.82,18.6,False,18.6,3板高度，连板中位；近10日涨停2次，有一定活跃度；5日涨幅72%，主升节奏；20cm大板涨停，弹性大
2025-09-30,002513,7,96.5,10.4,-10.0,False,-10.0,7板高位龙头，身位优势极大；近10日涨停6次，资金反复攻击的强势股；5日涨幅61%，主升节奏；主板10cm涨停
2025-09-30,600629,4,87.4,28.69,-1.36,False,-1.36,4板高度，连板梯队前排；近10日涨停4次，近期活跃；5日涨幅46%，主升节奏；主板10cm涨停
2025-09-30,000691,7,82.0,12.41,1.37,False,1.37,7板高位龙头，身位优势极大；近10日涨停9次，资金反复攻击的强势股；5日涨幅28%，趋势向上；主板10cm涨停
2025-09-30,002759,3,79.3,19.72,9.99,True,9.99,3板高度，连板中位；近10日涨停3次，近期活跃；5日涨幅35%，主升节奏；主板10cm涨停
2025-09-30,000981,2,77.0,4.24,9.91,True,9.91,2板高度，首板晋级后延续；近10日涨停5次，资金反复攻击的强势股；5日涨幅0%，温和上行；主板10cm涨停
2025-10-09,000021,4,87.9,30.66,3.46,False,3.46,4板高度，连板梯队前排；近10日涨停4次，近期活跃；5日涨幅21%，趋势向上；主板10cm涨停
2025-10-09,000021,3,84.9,30.66,3.46,False,3.46,3板高度，连板中位；近10日涨停4次，近期活跃；5日涨幅25%，趋势向上；主板10cm涨停
2025-10-09,002759,4,84.4,21.69,-3.96,False,-3.96,4板高度，连板梯队前排；近10日涨停3次，近期活跃；5日涨幅39%，主升节奏；主板10cm涨停
2025-10-09,002295,2,83.2,16.23,-9.37,False,-9.37,2板高度，首板晋级后延续；近10日涨停4次，近期活跃；5日涨幅32%，主升节奏；主板10cm涨停
2025-10-09,000981,3,83.1,4.66,-2.79,False,-2.79,3板高度，连板中位；近10日涨停5次，资金反复攻击的强势股；5日涨幅22%，趋势向上；主板10cm涨停
2025-10-10,000819,4,85.0,20.13,-2.63,False,-2.63,4板高度，连板梯队前排；近10日涨停3次，近期活跃；5日涨幅21%，趋势向上；主板10cm涨停
2025-10-10,000969,4,81.9,16.41,9.99,True,9.99,4板高度，连板梯队前排；近10日涨停3次，近期活跃；5日涨幅21%，趋势向上；主板10cm涨停
2025-10-10,600635,2,80.4,7.11,0.0,False,0.0,2板高度，首板晋级后延续；近10日涨停4次，近期活跃；5日涨幅24%，趋势向上；主板10cm涨停
2025-10-10,603011,3,79.4,23.78,10.01,True,10.01,3板高度，连板中位；近10日涨停4次，近期活跃；5日涨幅19%，趋势向上；主板10cm涨停
2025-10-10,000819,3,77.5,20.13,-2.63,False,-2.63,3板高度，连板中位；近10日涨停2次，有一定活跃度；5日涨幅19%，趋势向上；主板10cm涨停
2025-10-13,000969,6,91.9,18.05,10.03,True,10.03,6板高位龙头，身位优势极大；近10日涨停5次，资金反复攻击的强势股；5日涨幅21%，趋势向上；主板10cm涨停
2025-10-13,603011,4,90.4,26.16,5.81,False,5.81,4板高度，连板梯队前排；近10日涨停5次，资金反复攻击的强势股；5日涨幅43%，主升节奏；主板10cm涨停
2025-10-13,000969,5,88.4,18.05,10.03,True,10.03,5板高度，题材龙头候选；近10日涨停4次，近期活跃；5日涨幅33%，主升节奏；主板10cm涨停
2025-10-13,000006,4,85.7,13.13,5.03,False,5.03,4板高度，连板梯队前排；近10日涨停5次，资金反复攻击的强势股；5日涨幅21%，趋势向上；主板10cm涨停
2025-10-13,000006,3,80.7,13.13,5.03,False,5.03,3板高度，连板中位；近10日涨停4次，近期活跃；5日涨幅28%，趋势向上；主板10cm涨停
2025-10-14,000969,7,93.2,19.86,0.55,False,0.55,7板高位龙头，身位优势极大；近10日涨停6次，资金反复攻击的强势股；5日涨幅33%，主升节奏；主板10cm涨停
2025-10-14,000969,8,91.7,19.86,0.55,False,0.55,8板高位龙头，身位优势极大；近10日涨停7次，资金反复攻击的强势股；5日涨幅21%，趋势向上；主板10cm涨停
2025-10-14,600078,4,80.3,9.92,-9.68,False,-9.68,4板高度，连板梯队前排；近10日涨停3次，近期活跃；5日涨幅49%，主升节奏；主板10cm涨停
2025-10-14,002713,6,80.0,6.93,5.05,True,5.05,6板高位龙头，身位优势极大；近10日涨停5次，资金反复攻击的强势股；5日涨幅28%，趋势向上；主板10cm涨停
2025-10-14,601011,3,77.5,3.96,-9.34,False,-9.34,3板高度，连板中位；近10日涨停2次，有一定活跃度；5日涨幅38%，主升节奏；主板10cm涨停
2025-10-15,002713,7,83.0,7.28,4.95,True,4.95,7板高位龙头，身位优势极大；近10日涨停6次，资金反复攻击的强势股；5日涨幅28%，趋势向上；主板10cm涨停
2025-10-15,605188,3,80.5,20.9,-0.38,False,-0.38,3板高度，连板中位；近10日涨停2次，有一定活跃度；5日涨幅33%，主升节奏；主板10cm涨停
2025-10-15,600403,2,79.5,5.45,10.09,True,10.09,2板高度，首板晋级后延续；近10日涨停3次，近期活跃；5日涨幅34%，主升节奏；主板10cm涨停
2025-10-15,600107,5,78.0,8.32,0.6,False,0.6,5板高度，题材龙头候选；近10日涨停4次，近期活跃；5日涨幅28%，趋势向上；主板10cm涨停
2025-10-15,600629,1,76.4,33.85,10.01,True,10.01,首板，连板起点；近10日涨停4次，近期活跃；5日涨幅18%，趋势向上；主板10cm涨停
2025-10-16,600403,3,85.1,6.0,10.0,True,10.0,3板高度，连板中位；近10日涨停4次，近期活跃；5日涨幅53%，主升节奏；主板10cm涨停
2025-10-16,600629,2,83.4,37.24,2.31,False,2.31,2板高度，首板晋级后延续；近10日涨停5次，资金反复攻击的强势股；5日涨幅32%，主升节奏；主板10cm涨停
2025-10-16,002713,8,82.0,7.64,3.93,False,3.93,8板高位龙头，身位优势极大；近10日涨停7次，资金反复攻击的强势股；5日涨幅28%，趋势向上；主板10cm涨停
2025-10-16,002942,3,79.3,26.46,-10.02,False,-10.02,3板高度，连板中位；近10日涨停2次，有一定活跃度；5日涨幅40%，主升节奏；主板10cm涨停
2025-10-16,000626,3,79.0,8.87,10.03,True,10.03,3板高度，连板中位；近10日涨停2次，有一定活跃度；5日涨幅34%，主升节奏；主板10cm涨停
2025-10-17,600403,4,89.0,6.6,10.0,True,10.0,4板高度，连板梯队前排；近10日涨停5次，资金反复攻击的强势股；5日涨幅53%，主升节奏；主板10cm涨停
2025-10-17,000626,4,83.2,9.76,10.04,True,10.04,4板高度，连板梯队前排；近10日涨停3次，近期活跃；5日涨幅45%，主升节奏；主板10cm涨停
2025-10-17,002208,2,78.4,12.99,0.15,False,0.15,2板高度，首板晋级后延续；近10日涨停5次，资金反复攻击的强势股；5日涨幅41%，主升节奏；主板10cm涨停
2025-10-17,603938,3,77.4,19.35,10.03,True,10.03,3板高度，连板中位；近10日涨停2次，有一定活跃度；5日涨幅33%，主升节奏；主板10cm涨停
2025-10-17,601212,2,74.3,6.53,-9.95,False,-9.95,2板高度，首板晋级后延续；近10日涨停4次，近期活跃；5日涨幅29%，趋势向上；主板10cm涨停
2025-10-20,600403,5,96.0,7.26,10.06,True,10.06,5板高度，题材龙头候选；近10日涨停6次，资金反复攻击的强势股；5日涨幅61%，主升节奏；主板10cm涨停
2025-10-20,000626,5,93.6,10.74,-0.09,False,-0.09,5板高度，题材龙头候选；近10日涨停4次，近期活跃；5日涨幅61%，主升节奏；主板10cm涨停
2025-10-20,603938,4,87.2,21.29,-10.0,False,-10.0,4板高度，连板梯队前排；近10日涨停3次，近期活跃；5日涨幅45%，主升节奏；主板10cm涨停
2025-10-20,600617,2,81.5,4.4,5.45,False,5.45,2板高度，首板晋级后延续；近10日涨停3次，近期活跃；5日涨幅44%，主升节奏；主板10cm涨停
2025-10-20,600408,3,80.5,3.27,-7.34,False,-7.34,3板高度，连板中位；近10日涨停2次，有一定活跃度；5日涨幅35%，主升节奏；主板10cm涨停
2025-10-21,600403,6,98.4,7.99,10.01,True,10.01,6板高位龙头，身位优势极大；近10日涨停6次，资金反复攻击的强势股；5日涨幅61%，主升节奏；主板10cm涨停
2025-10-21,000852,4,82.7,7.72,9.97,True,9.97,4板高度，连板梯队前排；近10日涨停3次，近期活跃；5日涨幅21%，趋势向上；主板10cm涨停
2025-10-21,002767,3,81.3,25.03,-9.55,False,-9.55,3板高度，连板中位；近10日涨停2次，有一定活跃度；5日涨幅34%，主升节奏；主板10cm涨停
2025-10-21,301563,1,78.5,197.17,5.64,False,5.64,首板，连板起点；近10日涨停3次，近期活跃；5日涨幅43%，主升节奏；20cm大板涨停，弹性大
2025-10-21,002208,1,77.9,14.31,7.55,False,7.55,首板，连板起点；近10日涨停5次，资金反复攻击的强势股；5日涨幅28%，趋势向上；主板10cm涨停
2025-10-22,600403,7,97.9,8.79,10.01,True,10.01,7板高位龙头，身位优势极大；近10日涨停7次，资金反复攻击的强势股；5日涨幅61%，主升节奏；主板10cm涨停
2025-10-22,000852,6,91.7,8.49,10.01,True,10.01,6板高位龙头，身位优势极大；近10日涨停5次，资金反复攻击的强势股；5日涨幅21%，趋势向上；主板10cm涨停
2025-10-22,000852,5,88.2,8.49,10.01,True,10.01,5板高度，题材龙头候选；近10日涨停4次，近期活跃；5日涨幅33%，主升节奏；主板10cm涨停
2025-10-22,000952,4,84.4,7.77,-0.13,False,-0.13,4板高度，连板梯队前排；近10日涨停3次，近期活跃；5日涨幅21%，趋势向上；主板10cm涨停
2025-10-22,601608,3,80.5,7.59,-5.8,False,-5.8,3板高度，连板中位；近10日涨停2次，有一定活跃度；5日涨幅31%，主升节奏；主板10cm涨停
2025-10-23,600403,8,97.9,9.67,-6.31,False,-6.31,8板高位龙头，身位优势极大；近10日涨停8次，资金反复攻击的强势股；5日涨幅61%，主升节奏；主板10cm涨停
2025-10-23,000852,7,96.4,9.34,-9.96,False,-9.96,7板高位龙头，身位优势极大；近10日涨停6次，资金反复攻击的强势股；5日涨幅33%，主升节奏；主板10cm涨停
2025-10-23,000852,8,94.9,9.34,-9.96,False,-9.96,8板高位龙头，身位优势极大；近10日涨停7次，资金反复攻击的强势股；5日涨幅21%，趋势向上；主板10cm涨停
2025-10-23,002278,4,83.3,13.56,6.49,False,6.49,4板高度，连板梯队前排；近10日涨停3次，近期活跃；5日涨幅41%，主升节奏；主板10cm涨停
2025-10-23,002490,3,81.9,9.36,-10.04,False,-10.04,3板高度，连板中位；近10日涨停3次，近期活跃；5日涨幅52%，主升节奏；主板10cm涨停
2025-10-24,000620,4,88.0,2.64,9.85,True,9.85,4板高度，连板梯队前排；近10日涨停3次，近期活跃；5日涨幅61%，主升节奏；主板10cm涨停
2025-10-24,002748,4,86.4,15.38,10.01,True,10.01,4板高度，连板梯队前排；近10日涨停3次，近期活跃；5日涨幅49%，主升节奏；主板10cm涨停
2025-10-24,002678,3,83.3,6.81,-9.99,False,-9.99,3板高度，连板中位；近10日涨停3次，近期活跃；5日涨幅33%，主升节奏；主板10cm涨停
2025-10-24,000609,6,83.0,5.68,4.93,True,4.93,6板高位龙头，身位优势极大；近10日涨停5次，资金反复攻击的强势股；5日涨幅28%，趋势向上；主板10cm涨停
2025-10-24,605318,2,80.5,70.94,0.49,False,0.49,2板高度，首板晋级后延续；近10日涨停3次，近期活跃；5日涨幅31%，主升节奏；主板10cm涨停
2025-10-27,002748,5,91.9,16.92,-8.39,False,-8.39,5板高度，题材龙头候选；近10日涨停4次，近期活跃；5日涨幅61%，主升节奏；主板10cm涨停
2025-10-27,000620,5,87.5,2.9,10.0,True,10.0,5板高度，题材龙头候选；近10日涨停4次，近期活跃；5日涨幅61%，主升节奏；主板10cm涨停
2025-10-27,000609,7,82.0,5.96,5.03,True,5.03,7板高位龙头，身位优势极大；近10日涨停6次，资金反复攻击的强势股；5日涨幅28%，趋势向上；主板10cm涨停
2025-10-27,605178,3,79.4,47.69,10.0,True,10.0,3板高度，连板中位；近10日涨停2次，有一定活跃度；5日涨幅33%，主升节奏；主板10cm涨停
2025-10-27,000592,3,79.1,4.99,10.02,True,10.02,3板高度，连板中位；近10日涨停4次，近期活跃；5日涨幅22%，趋势向上；主板10cm涨停
2025-10-28,000620,6,98.0,3.19,-4.7,False,-4.7,6板高位龙头，身位优势极大；近10日涨停5次，资金反复攻击的强势股；5日涨幅61%，主升节奏；主板10cm涨停
2025-10-28,000592,4,90.3,5.49,10.02,True,10.02,4板高度，连板梯队前排；近10日涨停5次，资金反复攻击的强势股；5日涨幅39%，主升节奏；主板10cm涨停
2025-10-28,605178,4,86.5,52.46,10.01,True,10.01,4板高度，连板梯队前排；近10日涨停3次，近期活跃；5日涨幅46%，主升节奏；主板10cm涨停
2025-10-28,000969,4,85.0,22.98,2.35,False,2.35,4板高度，连板梯队前排；近10日涨停3次，近期活跃；5日涨幅21%，趋势向上；主板10cm涨停
2025-10-28,002512,4,83.3,5.4,-3.89,False,-3.89,4板高度，连板梯队前排；近10日涨停3次，近期活跃；5日涨幅48%，主升节奏；主板10cm涨停
2025-10-29,000592,5,93.8,6.04,6.62,False,6.62,5板高度，题材龙头候选；近10日涨停6次，资金反复攻击的强势股；5日涨幅61%，主升节奏；主板10cm涨停
2025-10-29,605178,5,91.9,57.71,10.0,True,10.0,5板高度，题材龙头候选；近10日涨停4次，近期活跃；5日涨幅61%，主升节奏；主板10cm涨停
2025-10-29,603378,4,85.1,9.1,10.0,True,10.0,4板高度，连板梯队前排；近10日涨停3次，近期活跃；5日涨幅47%，主升节奏；主板10cm涨停
2025-10-29,000609,9,82.0,6.57,5.02,True,5.02,9板高位龙头，身位优势极大；近10日涨停8次，资金反复攻击的强势股；5日涨幅28%，趋势向上；主板10cm涨停
2025-10-29,600408,2,78.1,3.55,-9.86,False,-9.86,2板高度，首板晋级后延续；近10日涨停5次，资金反复攻击的强势股；5日涨幅22%，趋势向上；主板10cm涨停
2025-10-30,605178,6,94.0,63.48,10.0,True,10.0,6板高位龙头，身位优势极大；近10日涨停5次，资金反复攻击的强势股；5日涨幅61%，主升节奏；主板10cm涨停
2025-10-30,603378,5,92.0,10.01,-9.99,False,-9.99,5板高度，题材龙头候选；近10日涨停4次，近期活跃；5日涨幅61%，主升节奏；主板10cm涨停
2025-10-30,000609,10,82.0,6.9,5.07,True,5.07,10板高位龙头，身位优势极大；近10日涨停9次，资金反复攻击的强势股；5日涨幅28%，趋势向上；主板10cm涨停
2025-10-30,603122,3,79.4,8.9,10.0,True,10.0,3板高度，连板中位；近10日涨停2次，有一定活跃度；5日涨幅34%，主升节奏；主板10cm涨停
2025-10-30,002160,2,77.6,6.25,-9.92,False,-9.92,2板高度，首板晋级后延续；近10日涨停3次，近期活跃；5日涨幅26%，趋势向上；主板10cm涨停
2025-10-31,605178,7,98.0,69.83,-8.56,False,-8.56,7板高位龙头，身位优势极大；近10日涨停6次，资金反复攻击的强势股；5日涨幅61%，主升节奏；主板10cm涨停
2025-10-31,603122,4,86.5,9.79,10.01,True,10.01,4板高度，连板梯队前排；近10日涨停3次，近期活跃；5日涨幅49%，主升节奏；主板10cm涨停
2025-10-31,002790,4,83.2,12.02,-8.9,False,-8.9,4板高度，连板梯队前排；近10日涨停3次，近期活跃；5日涨幅47%，主升节奏；主板10cm涨停
2025-10-31,000609,11,83.0,7.25,4.97,True,4.97,11板高位龙头，身位优势极大；近10日涨停10次，资金反复攻击的强势股；5日涨幅28%，趋势向上；主板10cm涨停
2025-10-31,600735,5,80.0,7.32,5.05,True,5.05,5板高度，题材龙头候选；近10日涨停6次，资金反复攻击的强势股；5日涨幅28%，趋势向上；主板10cm涨停
2025-11-03,603122,5,92.9,10.77,10.03,True,10.03,5板高度，题材龙头候选；近10日涨停4次，近期活跃；5日涨幅61%，主升节奏；主板10cm涨停
2025-11-03,000592,2,85.7,7.79,10.01,True,10.01,2板高度，首板晋级后延续；近10日涨停7次，资金反复攻击的强势股；5日涨幅56%，主升节奏；主板10cm涨停
2025-11-03,002047,6,83.0,3.23,4.95,True,4.95,6板高位龙头，身位优势极大；近10日涨停5次，资金反复攻击的强势股；5日涨幅28%，趋势向上；主板10cm涨停
2025-11-03,000609,12,83.0,7.61,4.99,True,4.99,12板高位龙头，身位优势极大；近10日涨停10次，资金反复攻击的强势股；5日涨幅28%，趋势向上；主板10cm涨停
2025-11-03,600735,6,83.0,7.69,0.13,False,0.13,6板高位龙头，身位优势极大；近10日涨停6次，资金反复攻击的强势股；5日涨幅28%，趋势向上；主板10cm涨停
2025-11-04,603122,6,96.7,11.85,10.04,True,10.04,6板高位龙头，身位优势极大；近10日涨停5次，资金反复攻击的强势股；5日涨幅61%，主升节奏；主板10cm涨停
2025-11-04,000592,3,87.9,8.57,10.04,True,10.04,3板高度，连板中位；近10日涨停7次，资金反复攻击的强势股；5日涨幅56%，主升节奏；主板10cm涨停
2025-11-04,002047,7,82.0,3.39,5.01,True,5.01,7板高位龙头，身位优势极大；近10日涨停6次，资金反复攻击的强势股；5日涨幅27%，趋势向上；主板10cm涨停
2025-11-04,000609,13,82.0,7.99,5.01,True,5.01,13板高位龙头，身位优势极大；近10日涨停10次，资金反复攻击的强势股；5日涨幅28%，趋势向上；主板10cm涨停
2025-11-04,002181,3,80.9,12.75,3.14,False,3.14,3板高度，连板中位；近10日涨停3次，近期活跃；5日涨幅27%，趋势向上；主板10cm涨停
2025-11-05,603122,7,97.6,13.04,9.97,True,9.97,7板高位龙头，身位优势极大；近10日涨停6次，资金反复攻击的强势股；5日涨幅61%，主升节奏；主板10cm涨停
2025-11-05,000592,4,91.6,9.43,-9.97,False,-9.97,4板高度，连板梯队前排；近10日涨停8次，资金反复攻击的强势股；5日涨幅56%，主升节奏；主板10cm涨停
2025-11-05,000572,4,86.4,8.79,2.39,False,2.39,4板高度，连板梯队前排；近10日涨停3次，近期活跃；5日涨幅44%，主升节奏；主板10cm涨停
2025-11-05,000993,4,84.7,12.84,9.97,True,9.97,4板高度，连板梯队前排；近10日涨停3次，近期活跃；5日涨幅21%，趋势向上；主板10cm涨停
2025-11-05,600408,3,83.4,4.14,0.48,False,0.48,3板高度，连板中位；近10日涨停5次，资金反复攻击的强势股；5日涨幅17%，趋势向上；主板10cm涨停
2025-11-06,603122,8,94.7,14.34,9.97,True,9.97,8板高位龙头，身位优势极大；近10日涨停7次，资金反复攻击的强势股；5日涨幅61%，主升节奏；主板10cm涨停
2025-11-06,000993,6,91.7,14.12,-1.56,False,-1.56,6板高位龙头，身位优势极大；近10日涨停5次，资金反复攻击的强势股；5日涨幅21%，趋势向上；主板10cm涨停
2025-11-06,000993,5,88.2,14.12,-1.56,False,-1.56,5板高度，题材龙头候选；近10日涨停4次，近期活跃；5日涨幅33%，主升节奏；主板10cm涨停
2025-11-06,002255,4,86.3,13.07,10.02,True,10.02,4板高度，连板梯队前排；近10日涨停3次，近期活跃；5日涨幅45%，主升节奏；主板10cm涨停
2025-11-06,000609,15,83.0,8.81,4.99,True,4.99,15板高位龙头，身位优势极大；近10日涨停10次，资金反复攻击的强势股；5日涨幅28%，趋势向上；主板10cm涨停
2025-11-07,603122,9,93.7,15.77,5.26,False,5.26,9板高位龙头，身位优势极大；近10日涨停8次，资金反复攻击的强势股；5日涨幅61%，主升节奏；主板10cm涨停
2025-11-07,002255,5,91.8,14.38,3.34,False,3.34,5板高度，题材龙头候选；近10日涨停4次，近期活跃；5日涨幅61%，主升节奏；主板10cm涨停
2025-11-07,002451,4,82.2,10.37,10.03,True,10.03,4板高度，连板梯队前排；近10日涨停3次，近期活跃；5日涨幅49%，主升节奏；主板10cm涨停
2025-11-07,002713,8,82.0,14.53,5.02,True,5.02,8板高位龙头，身位优势极大；近10日涨停8次，资金反复攻击的强势股；5日涨幅28%，趋势向上；主板10cm涨停
2025-11-07,002485,6,82.0,5.19,-5.01,False,-5.01,6板高位龙头，身位优势极大；近10日涨停5次，资金反复攻击的强势股；5日涨幅28%，趋势向上；主板10cm涨停
2025-11-10,002451,5,93.7,11.41,9.99,True,9.99,5板高度，题材龙头候选；近10日涨停4次，近期活跃；5日涨幅61%，主升节奏；主板10cm涨停
2025-11-10,001209,4,87.3,29.0,-9.97,False,-9.97,4板高度，连板梯队前排；近10日涨停3次，近期活跃；5日涨幅48%，主升节奏；主板10cm涨停
2025-11-10,000609,17,84.0,9.71,5.05,True,5.05,17板高位龙头，身位优势极大；近10日涨停10次，资金反复攻击的强势股；5日涨幅28%，趋势向上；主板10cm涨停
2025-11-10,002713,9,84.0,15.26,4.98,True,4.98,9板高位龙头，身位优势极大；近10日涨停9次，资金反复攻击的强势股；5日涨幅28%，趋势向上；主板10cm涨停
2025-11-10,300437,3,82.9,17.59,8.02,False,8.02,3板高度，连板中位；近10日涨停2次，有一定活跃度；5日涨幅77%，主升节奏；20cm大板涨停，弹性大
2025-11-11,002451,6,94.9,12.55,10.04,True,10.04,6板高位龙头，身位优势极大；近10日涨停5次，资金反复攻击的强势股；5日涨幅61%，主升节奏；主板10cm涨停
2025-11-11,002083,4,86.4,8.68,10.02,True,10.02,4板高度，连板梯队前排；近10日涨停3次，近期活跃；5日涨幅49%，主升节奏；主板10cm涨停
2025-11-11,000069,4,83.5,2.93,-4.1,False,-4.1,4板高度，连板梯队前排；近10日涨停3次，近期活跃；5日涨幅21%，趋势向上；主板10cm涨停
2025-11-11,002713,10,83.0,16.02,4.99,True,4.99,10板高位龙头，身位优势极大；近10日涨停9次，资金反复攻击的强势股；5日涨幅28%，趋势向上；主板10cm涨停
2025-11-11,000609,18,83.0,10.2,5.0,True,5.0,18板高位龙头，身位优势极大；近10日涨停10次，资金反复攻击的强势股；5日涨幅28%，趋势向上；主板10cm涨停
2025-11-12,002451,7,97.6,13.81,9.99,True,9.99,7板高位龙头，身位优势极大；近10日涨停6次，资金反复攻击的强势股；5日涨幅61%，主升节奏；主板10cm涨停
2025-11-12,002083,5,92.8,9.55,10.05,True,10.05,5板高度，题材龙头候选；近10日涨停4次，近期活跃；5日涨幅61%，主升节奏；主板10cm涨停
2025-11-12,000632,4,88.0,6.57,10.05,True,10.05,4板高度，连板梯队前排；近10日涨停4次，近期活跃；5日涨幅40%，主升节奏；主板10cm涨停
2025-11-12,603122,2,85.8,20.09,10.0,True,10.0,2板高度，首板晋级后延续；近10日涨停9次，资金反复攻击的强势股；5日涨幅54%，主升节奏；主板10cm涨停
2025-11-12,000061,4,84.5,10.18,0.2,False,0.2,4板高度，连板梯队前排；近10日涨停3次，近期活跃；5日涨幅21%，趋势向上；主板10cm涨停
2025-11-13,002083,6,98.5,10.51,9.99,True,9.99,6板高位龙头，身位优势极大；近10日涨停5次，资金反复攻击的强势股；5日涨幅61%，主升节奏；主板10cm涨停
2025-11-13,002451,8,95.9,15.19,-10.01,False,-10.01,8板高位龙头，身位优势极大；近10日涨停7次，资金反复攻击的强势股；5日涨幅61%，主升节奏；主板10cm涨停
2025-11-13,000632,5,95.5,7.23,9.96,True,9.96,5板高度，题材龙头候选；近10日涨停5次，资金反复攻击的强势股；5日涨幅61%，主升节奏；主板10cm涨停
2025-11-13,603122,3,89.9,22.1,7.69,False,7.69,3板高度，连板中位；近10日涨停9次，资金反复攻击的强势股；5日涨幅54%，主升节奏；主板10cm涨停
2025-11-13,600693,4,89.4,10.0,10.0,True,10.0,4板高度，连板梯队前排；近10日涨停4次，近期活跃；5日涨幅49%，主升节奏；主板10cm涨停
2025-11-14,600693,5,96.0,11.0,6.36,False,6.36,5板高度，题材龙头候选；近10日涨停5次，资金反复攻击的强势股；5日涨幅61%，主升节奏；主板10cm涨停
2025-11-14,002083,7,95.9,11.56,10.03,True,10.03,7板高位龙头，身位优势极大；近10日涨停6次，资金反复攻击的强势股；5日涨幅61%，主升节奏；主板10cm涨停
2025-11-14,000632,6,95.6,7.95,10.06,True,10.06,6板高位龙头，身位优势极大；近10日涨停6次，资金反复攻击的强势股；5日涨幅61%，主升节奏；主板10cm涨停
2025-11-14,600829,5,93.6,15.13,9.98,True,9.98,5板高度，题材龙头候选；近10日涨停4次，近期活跃；5日涨幅61%，主升节奏；主板10cm涨停
2025-11-14,600408,4,92.8,6.26,10.06,True,10.06,4板高度，连板梯队前排；近10日涨停6次，资金反复攻击的强势股；5日涨幅57%，主升节奏；主板10cm涨停
2025-11-17,002083,8,98.7,12.72,-2.04,False,-2.04,8板高位龙头，身位优势极大；近10日涨停7次，资金反复攻击的强势股；5日涨幅61%，主升节奏；主板10cm涨停
2025-11-17,000632,7,98.4,8.75,-9.94,False,-9.94,7板高位龙头，身位优势极大；近10日涨停7次，资金反复攻击的强势股；5日涨幅61%，主升节奏；主板10cm涨停
2025-11-17,600829,6,95.8,16.64,6.49,False,6.49,6板高位龙头，身位优势极大；近10日涨停5次，资金反复攻击的强势股；5日涨幅61%，主升节奏；主板10cm涨停
2025-11-17,600408,5,95.4,6.89,-9.58,False,-9.58,5板高度，题材龙头候选；近10日涨停7次，资金反复攻击的强势股；5日涨幅61%，主升节奏；主板10cm涨停
2025-11-17,000407,5,90.3,6.09,10.02,True,10.02,5板高度，题材龙头候选；近10日涨停4次，近期活跃；5日涨幅61%，主升节奏；主板10cm涨停
2025-11-18,000407,6,96.8,6.7,-10.0,False,-10.0,6板高位龙头，身位优势极大；近10日涨停5次，资金反复攻击的强势股；5日涨幅61%，主升节奏；主板10cm涨停
2025-11-18,003041,5,89.0,49.63,9.99,True,9.99,5板高度，题材龙头候选；近10日涨停4次，近期活跃；5日涨幅61%，主升节奏；主板10cm涨停
2025-11-18,601566,5,88.7,15.22,9.99,True,9.99,5板高度，题材龙头候选；近10日涨停4次，近期活跃；5日涨幅61%，主升节奏；主板10cm涨停
2025-11-18,002682,4,83.6,7.84,-9.95,False,-9.95,4板高度，连板梯队前排；近10日涨停3次，近期活跃；5日涨幅51%，主升节奏；主板10cm涨停
2025-11-18,600340,4,82.2,3.31,3.93,False,3.93,4板高度，连板梯队前排；近10日涨停3次，近期活跃；5日涨幅45%，主升节奏；主板10cm涨停
2025-11-19,003041,6,93.9,54.59,0.62,False,0.62,6板高位龙头，身位优势极大；近10日涨停5次，资金反复攻击的强势股；5日涨幅61%，主升节奏；主板10cm涨停
2025-11-19,601566,6,93.9,16.74,9.98,True,9.98,6板高位龙头，身位优势极大；近10日涨停5次，资金反复攻击的强势股；5日涨幅61%，主升节奏；主板10cm涨停
2025-11-19,000547,4,85.4,12.53,9.98,True,9.98,4板高度，连板梯队前排；近10日涨停3次，近期活跃；5日涨幅48%，主升节奏；主板10cm涨停
2025-11-19,001216,4,82.5,22.67,-10.01,False,-10.01,4板高度，连板梯队前排；近10日涨停3次，近期活跃；5日涨幅48%，主升节奏；主板10cm涨停
2025-11-19,000798,4,82.1,12.47,10.02,True,10.02,4板高度，连板梯队前排；近10日涨停3次，近期活跃；5日涨幅47%，主升节奏；主板10cm涨停
2025-11-20,601566,7,91.8,18.41,-9.99,False,-9.99,7板高位龙头，身位优势极大；近10日涨停6次，资金反复攻击的强势股；5日涨幅61%，主升节奏；主板10cm涨停
2025-11-20,000798,5,89.8,13.72,9.99,True,9.99,5板高度，题材龙头候选；近10日涨停4次，近期活跃；5日涨幅61%，主升节奏；主板10cm涨停
2025-11-20,000547,5,86.8,13.78,-10.01,False,-10.01,5板高度，题材龙头候选；近10日涨停4次，近期活跃；5日涨幅61%，主升节奏；主板10cm涨停
2025-11-20,002474,4,83.4,11.32,9.98,True,9.98,4板高度，连板梯队前排；近10日涨停3次，近期活跃；5日涨幅46%，主升节奏；主板10cm涨停
2025-11-20,000017,4,78.6,8.39,10.01,True,10.01,4板高度，连板梯队前排；近10日涨停3次，近期活跃；5日涨幅21%，趋势向上；主板10cm涨停
2025-11-21,000017,6,91.9,9.23,-9.97,False,-9.97,6板高位龙头，身位优势极大；近10日涨停5次，资金反复攻击的强势股；5日涨幅21%，趋势向上；主板10cm涨停
2025-11-21,000798,6,91.9,15.09,10.01,True,10.01,6板高位龙头，身位优势极大；近10日涨停5次，资金反复攻击的强势股；5日涨幅61%，主升节奏；主板10cm涨停
2025-11-21,000017,5,88.4,9.23,-9.97,False,-9.97,5板高度，题材龙头候选；近10日涨停4次，近期活跃；5日涨幅33%，主升节奏；主板10cm涨停
2025-11-21,002474,5,86.8,12.45,0.08,False,0.08,5板高度，题材龙头候选；近10日涨停4次，近期活跃；5日涨幅61%，主升节奏；主板10cm涨停
2025-11-21,603216,3,77.5,20.9,10.0,True,10.0,3板高度，连板中位；近10日涨停2次，有一定活跃度；5日涨幅33%，主升节奏；主板10cm涨停
2025-11-24,000798,7,97.9,16.6,-10.0,False,-10.0,7板高位龙头，身位优势极大；近10日涨停6次，资金反复攻击的强势股；5日涨幅61%，主升节奏；主板10cm涨停
2025-11-24,603216,4,86.5,22.99,10.0,True,10.0,4板高度，连板梯队前排；近10日涨停3次，近期活跃；5日涨幅46%，主升节奏；主板10cm涨停
2025-11-24,000859,4,86.3,9.55,-4.61,False,-4.61,4板高度，连板梯队前排；近10日涨停3次，近期活跃；5日涨幅45%，主升节奏；主板10cm涨停
2025-11-24,000070,4,84.5,11.5,10.0,True,10.0,4板高度，连板梯队前排；近10日涨停3次，近期活跃；5日涨幅21%，趋势向上；主板10cm涨停
2025-11-24,000547,1,81.5,13.64,3.37,False,3.37,首板，连板起点；近10日涨停5次，资金反复攻击的强势股；5日涨幅32%，主升节奏；主板10cm涨停
2025-11-25,000070,6,96.0,12.65,10.04,True,10.04,6板高位龙头，身位优势极大；近10日涨停5次，资金反复攻击的强势股；5日涨幅21%，趋势向上；主板10cm涨停
2025-11-25,603216,5,94.0,25.29,-6.33,False,-6.33,5板高度，题材龙头候选；近10日涨停4次，近期活跃；5日涨幅61%，主升节奏；主板10cm涨停
2025-11-25,000070,5,92.5,12.65,10.04,True,10.04,5板高度，题材龙头候选；近10日涨停4次，近期活跃；5日涨幅33%，主升节奏；主板10cm涨停
2025-11-25,600734,4,87.1,5.59,10.02,True,10.02,4板高度，连板梯队前排；近10日涨停3次，近期活跃；5日涨幅42%，主升节奏；主板10cm涨停
2025-11-25,688227,3,82.9,70.58,18.99,False,18.99,3板高度，连板中位；近10日涨停2次，有一定活跃度；5日涨幅70%，主升节奏；20cm大板涨停，弹性大
2025-11-26,000070,7,96.1,13.92,3.74,False,3.74,7板高位龙头，身位优势极大；近10日涨停6次，资金反复攻击的强势股；5日涨幅33%，主升节奏；主板10cm涨停
2025-11-26,000070,8,94.6,13.92,3.74,False,3.74,8板高位龙头，身位优势极大；近10日涨停7次，资金反复攻击的强势股；5日涨幅21%，趋势向上；主板10cm涨停
2025-11-26,600734,5,92.8,6.15,-9.92,False,-9.92,5板高度，题材龙头候选；近10日涨停4次，近期活跃；5日涨幅61%，主升节奏；主板10cm涨停
2025-11-26,000952,6,91.9,9.47,10.03,True,10.03,6板高位龙头，身位优势极大；近10日涨停5次，资金反复攻击的强势股；5日涨幅21%，趋势向上；主板10cm涨停
2025-11-26,000952,5,88.4,9.47,10.03,True,10.03,5板高度，题材龙头候选；近10日涨停4次，近期活跃；5日涨幅33%，主升节奏；主板10cm涨停
2025-11-27,000952,7,95.2,10.42,-9.98,False,-9.98,7板高位龙头，身位优势极大；近10日涨停6次，资金反复攻击的强势股；5日涨幅33%，主升节奏；主板10cm涨停
2025-11-27,000952,8,93.7,10.42,-9.98,False,-9.98,8板高位龙头，身位优势极大；近10日涨停7次，资金反复攻击的强势股；5日涨幅21%，趋势向上；主板10cm涨停
2025-11-27,003018,4,87.2,18.65,10.03,True,10.03,4板高度，连板梯队前排；近10日涨停4次，近期活跃；5日涨幅44%，主升节奏；主板10cm涨停
2025-11-27,000078,4,80.6,3.09,10.03,True,10.03,4板高度，连板梯队前排；近10日涨停3次，近期活跃；5日涨幅21%，趋势向上；主板10cm涨停
2025-11-27,603778,1,80.3,10.54,9.96,True,9.96,首板，连板起点；近10日涨停5次，资金反复攻击的强势股；5日涨幅31%，主升节奏；主板10cm涨停
2025-11-28,000078,6,94.7,3.4,10.0,True,10.0,6板高位龙头，身位优势极大；近10日涨停5次，资金反复攻击的强势股；5日涨幅21%，趋势向上；主板10cm涨停
2025-11-28,003018,5,92.7,20.52,9.99,True,9.99,5板高度，题材龙头候选；近10日涨停4次，近期活跃；5日涨幅61%，主升节奏；主板10cm涨停
2025-11-28,000078,5,91.2,3.4,10.0,True,10.0,5板高度，题材龙头候选；近10日涨停4次，近期活跃；5日涨幅33%，主升节奏；主板10cm涨停
2025-11-28,600828,4,87.8,6.15,-3.41,False,-3.41,4板高度，连板梯队前排；近10日涨停3次，近期活跃；5日涨幅51%，主升节奏；主板10cm涨停
2025-11-28,603216,2,84.3,28.66,6.77,False,6.77,2板高度，首板晋级后延续；近10日涨停6次，资金反复攻击的强势股；5日涨幅37%，主升节奏；主板10cm涨停
2025-12-01,000078,7,96.5,3.74,9.89,True,9.89,7板高位龙头，身位优势极大；近10日涨停6次，资金反复攻击的强势股；5日涨幅33%，主升节奏；主板10cm涨停
2025-12-01,000078,8,95.0,3.74,9.89,True,9.89,8板高位龙头，身位优势极大；近10日涨停7次，资金反复攻击的强势股；5日涨幅21%，趋势向上；主板10cm涨停
2025-12-01,003018,6,94.9,22.57,10.01,True,10.01,6板高位龙头，身位优势极大；近10日涨停5次，资金反复攻击的强势股；5日涨幅61%，主升节奏；主板10cm涨停
2025-12-01,603778,3,88.9,12.75,2.82,False,2.82,3板高度，连板中位；近10日涨停5次，资金反复攻击的强势股；5日涨幅58%，主升节奏；主板10cm涨停
2025-12-01,002702,4,84.4,7.96,10.05,True,10.05,4板高度，连板梯队前排；近10日涨停3次，近期活跃；5日涨幅57%，主升节奏；主板10cm涨停
2025-12-02,003018,7,96.9,24.83,-9.99,False,-9.99,7板高位龙头，身位优势极大；近10日涨停6次，资金反复攻击的强势股；5日涨幅61%，主升节奏；主板10cm涨停
2025-12-02,002702,5,91.5,8.76,10.05,True,10.05,5板高度，题材龙头候选；近10日涨停4次，近期活跃；5日涨幅61%，主升节奏；主板10cm涨停
2025-12-02,000078,9,91.4,4.11,9.98,True,9.98,9板高位龙头，身位优势极大；近10日涨停8次，资金反复攻击的强势股；5日涨幅33%，主升节奏；主板10cm涨停
2025-12-02,000078,10,89.9,4.11,9.98,True,9.98,10板高位龙头，身位优势极大；近10日涨停9次，资金反复攻击的强势股；5日涨幅21%，趋势向上；主板10cm涨停
2025-12-02,002632,4,85.4,15.05,10.03,True,10.03,4板高度，连板梯队前排；近10日涨停3次，近期活跃；5日涨幅50%，主升节奏；主板10cm涨停
2025-12-03,002702,6,96.5,9.64,-9.96,False,-9.96,6板高位龙头，身位优势极大；近10日涨停5次，资金反复攻击的强势股；5日涨幅61%，主升节奏；主板10cm涨停
2025-12-03,000078,11,92.3,4.52,6.42,False,6.42,11板高位龙头，身位优势极大；近10日涨停10次，资金反复攻击的强势股；5日涨幅33%，主升节奏；主板10cm涨停
2025-12-03,002632,5,91.7,16.56,-10.02,False,-10.02,5板高度，题材龙头候选；近10日涨停4次，近期活跃；5日涨幅61%，主升节奏；主板10cm涨停
2025-12-03,000078,12,90.8,4.52,6.42,False,6.42,12板高位龙头，身位优势极大；近10日涨停10次，资金反复攻击的强势股；5日涨幅21%，趋势向上；主板10cm涨停
2025-12-03,002565,4,82.4,10.68,1.31,False,1.31,4板高度，连板梯队前排；近10日涨停3次，近期活跃；5日涨幅44%，主升节奏；主板10cm涨停
2025-12-04,603696,3,77.4,17.7,10.0,True,10.0,3板高度，连板中位；近10日涨停2次，有一定活跃度；5日涨幅43%，主升节奏；主板10cm涨停
2025-12-04,002348,3,77.2,6.4,-3.13,False,-3.13,3板高度，连板中位；近10日涨停3次，近期活跃；5日涨幅33%，主升节奏；主板10cm涨停
2025-12-04,002300,3,77.0,9.42,9.98,True,9.98,3板高度，连板中位；近10日涨停2次，有一定活跃度；5日涨幅39%，主升节奏；主板10cm涨停
2025-12-04,603933,1,76.5,28.71,3.13,False,3.13,首板，连板起点；近10日涨停4次，近期活跃；5日涨幅37%，主升节奏；主板10cm涨停
2025-12-04,600151,2,74.3,12.41,9.99,True,9.99,2板高度，首板晋级后延续；近10日涨停2次，有一定活跃度；5日涨幅47%，主升节奏；主板10cm涨停
2025-12-05,603696,4,88.0,19.47,10.02,True,10.02,4板高度，连板梯队前排；近10日涨停3次，近期活跃；5日涨幅50%，主升节奏；主板10cm涨停
2025-12-05,002300,4,83.3,10.36,0.19,False,0.19,4板高度，连板梯队前排；近10日涨停3次，近期活跃；5日涨幅48%，主升节奏；主板10cm涨停
2025-12-05,002589,3,82.7,4.26,10.09,True,10.09,3板高度，连板中位；近10日涨停3次，近期活跃；5日涨幅37%，主升节奏；主板10cm涨停
2025-12-05,002702,1,81.3,9.55,6.81,False,6.81,首板，连板起点；近10日涨停6次，资金反复攻击的强势股；5日涨幅32%，主升节奏；主板10cm涨停
2025-12-05,000547,1,81.0,20.57,6.95,False,6.95,首板，连板起点；近10日涨停4次，近期活跃；5日涨幅52%，主升节奏；主板10cm涨停
2025-12-08,603696,5,92.8,21.42,9.99,True,9.99,5板高度，题材龙头候选；近10日涨停4次，近期活跃；5日涨幅61%，主升节奏；主板10cm涨停
2025-12-08,002682,4,87.7,8.67,10.03,True,10.03,4板高度，连板梯队前排；近10日涨停3次，近期活跃；5日涨幅51%，主升节奏；主板10cm涨停
2025-12-08,002589,4,87.6,4.69,-10.02,False,-10.02,4板高度，连板梯队前排；近10日涨停4次，近期活跃；5日涨幅48%，主升节奏；主板10cm涨停
2025-12-08,603386,4,86.2,18.32,9.99,True,9.99,4板高度，连板梯队前排；近10日涨停3次，近期活跃；5日涨幅45%，主升节奏；主板10cm涨停
2025-12-08,000905,4,85.0,13.2,10.0,True,10.0,4板高度，连板梯队前排；近10日涨停3次，近期活跃；5日涨幅21%，趋势向上；主板10cm涨停
2025-12-09,000905,6,94.0,14.52,9.99,True,9.99,6板高位龙头，身位优势极大；近10日涨停5次，资金反复攻击的强势股；5日涨幅21%，趋势向上；主板10cm涨停
2025-12-09,603696,6,93.9,23.56,-2.33,False,-2.33,6板高位龙头，身位优势极大；近10日涨停5次，资金反复攻击的强势股；5日涨幅61%，主升节奏；主板10cm涨停
2025-12-09,002682,5,91.7,9.54,9.96,True,9.96,5板高度，题材龙头候选；近10日涨停4次，近期活跃；5日涨幅61%，主升节奏；主板10cm涨停
2025-12-09,000905,5,90.5,14.52,9.99,True,9.99,5板高度，题材龙头候选；近10日涨停4次，近期活跃；5日涨幅33%，主升节奏；主板10cm涨停
2025-12-09,603386,5,88.9,20.15,-9.98,False,-9.98,5板高度，题材龙头候选；近10日涨停4次，近期活跃；5日涨幅61%，主升节奏；主板10cm涨停
2025-12-10,002682,6,93.6,10.49,-6.01,False,-6.01,6板高位龙头，身位优势极大；近10日涨停5次，资金反复攻击的强势股；5日涨幅61%，主升节奏；主板10cm涨停
2025-12-10,000905,7,92.4,15.97,-4.82,False,-4.82,7板高位龙头，身位优势极大；近10日涨停6次，资金反复攻击的强势股；5日涨幅33%，主升节奏；主板10cm涨停
2025-12-10,000905,8,90.9,15.97,-4.82,False,-4.82,8板高位龙头，身位优势极大；近10日涨停7次，资金反复攻击的强势股；5日涨幅21%，趋势向上；主板10cm涨停
2025-12-10,600693,4,84.3,13.56,10.03,True,10.03,4板高度，连板梯队前排；近10日涨停4次，近期活跃；5日涨幅37%，主升节奏；主板10cm涨停
2025-12-10,600828,2,81.7,7.13,0.42,False,0.42,2板高度，首板晋级后延续；近10日涨停5次，资金反复攻击的强势股；5日涨幅21%，趋势向上；主板10cm涨停
2025-12-11,600693,5,89.7,14.92,-0.13,False,-0.13,5板高度，题材龙头候选；近10日涨停4次，近期活跃；5日涨幅61%，主升节奏；主板10cm涨停
2025-12-11,002235,4,85.2,13.6,-5.51,False,-5.51,4板高度，连板梯队前排；近10日涨停4次，近期活跃；5日涨幅46%，主升节奏；主板10cm涨停
2025-12-11,603601,4,84.4,7.66,10.05,True,10.05,4板高度，连板梯队前排；近10日涨停3次，近期活跃；5日涨幅51%，主升节奏；主板10cm涨停
2025-12-11,000950,4,81.3,6.45,-4.34,False,-4.34,4板高度，连板梯队前排；近10日涨停3次，近期活跃；5日涨幅21%，趋势向上；主板10cm涨停
2025-12-11,603709,2,77.5,21.67,10.01,True,10.01,2板高度，首板晋级后延续；近10日涨停3次，近期活跃；5日涨幅31%，主升节奏；主板10cm涨停
2025-12-12,603601,5,92.5,8.43,9.96,True,9.96,5板高度，题材龙头候选；近10日涨停4次，近期活跃；5日涨幅61%，主升节奏；主板10cm涨停
2025-12-12,603709,3,85.4,23.84,-7.42,False,-7.42,3板高度，连板中位；近10日涨停4次，近期活跃；5日涨幅31%，主升节奏；主板10cm涨停
2025-12-12,002565,1,81.5,15.95,1.76,False,1.76,首板，连板起点；近10日涨停6次，资金反复攻击的强势股；5日涨幅34%，主升节奏；主板10cm涨停
2025-12-12,002682,1,81.1,10.85,9.95,True,9.95,首板，连板起点；近10日涨停6次，资金反复攻击的强势股；5日涨幅38%，主升节奏；主板10cm涨停
2025-12-12,600343,2,80.4,40.12,-5.03,False,-5.03,2板高度，首板晋级后延续；近10日涨停3次，近期活跃；5日涨幅42%，主升节奏；主板10cm涨停
2025-12-15,603601,6,93.6,9.27,0.65,False,0.65,6板高位龙头，身位优势极大；近10日涨停5次，资金反复攻击的强势股；5日涨幅61%，主升节奏；主板10cm涨停
2025-12-15,600151,2,82.0,16.94,1.42,False,1.42,2板高度，首板晋级后延续；近10日涨停5次，资金反复攻击的强势股；5日涨幅26%，趋势向上；主板10cm涨停
2025-12-15,600693,1,80.5,16.39,7.32,False,7.32,首板，连板起点；近10日涨停5次，资金反复攻击的强势股；5日涨幅46%，主升节奏；主板10cm涨停
2025-12-15,002300,2,80.4,11.76,10.03,True,10.03,2板高度，首板晋级后延续；近10日涨停5次，资金反复攻击的强势股；5日涨幅13%，温和上行；主板10cm涨停
2025-12-15,002682,2,80.0,11.93,-9.97,False,-9.97,2板高度，首板晋级后延续；近10日涨停7次，资金反复攻击的强势股；5日涨幅38%，主升节奏；主板10cm涨停
2025-12-16,001208,4,84.8,19.77,5.21,False,5.21,4板高度，连板梯队前排；近10日涨停3次，近期活跃；5日涨幅54%，主升节奏；主板10cm涨停
2025-12-16,000890,4,84.4,7.11,1.27,False,1.27,4板高度，连板梯队前排；近10日涨停3次，近期活跃；5日涨幅59%，主升节奏；主板10cm涨停
2025-12-16,002300,3,84.2,12.94,-9.97,False,-9.97,3板高度，连板中位；近10日涨停6次，资金反复攻击的强势股；5日涨幅31%，主升节奏；主板10cm涨停
2025-12-16,600865,4,83.3,14.38,10.01,True,10.01,4板高度，连板梯队前排；近10日涨停3次，近期活跃；5日涨幅47%，主升节奏；主板10cm涨停
2025-12-16,001331,3,77.2,19.64,9.98,True,9.98,3板高度，连板中位；近10日涨停2次，有一定活跃度；5日涨幅33%，主升节奏；主板10cm涨停
2025-12-17,600865,5,91.9,15.82,9.99,True,9.99,5板高度，题材龙头候选；近10日涨停4次，近期活跃；5日涨幅61%，主升节奏；主板10cm涨停
2025-12-17,001331,4,82.3,21.6,10.0,True,10.0,4板高度，连板梯队前排；近10日涨停3次，近期活跃；5日涨幅46%，主升节奏；主板10cm涨停
2025-12-17,001270,6,82.0,70.86,5.0,True,5.0,6板高位龙头，身位优势极大；近10日涨停7次，资金反复攻击的强势股；5日涨幅28%，趋势向上；主板10cm涨停
2025-12-17,001317,3,79.5,57.2,-6.47,False,-6.47,3板高度，连板中位；近10日涨停2次，有一定活跃度；5日涨幅38%，主升节奏；主板10cm涨停
2025-12-17,002853,2,74.8,19.65,10.03,True,10.03,2板高度，首板晋级后延续；近10日涨停2次，有一定活跃度；5日涨幅21%，趋势向上；主板10cm涨停
2025-12-18,600865,6,93.9,17.4,3.51,False,3.51,6板高位龙头，身位优势极大；近10日涨停5次，资金反复攻击的强势股；5日涨幅61%，主升节奏；主板10cm涨停
2025-12-18,001331,5,92.0,23.76,10.02,True,10.02,5板高度，题材龙头候选；近10日涨停4次，近期活跃；5日涨幅61%，主升节奏；主板10cm涨停
2025-12-18,002853,3,82.2,21.62,4.07,False,4.07,3板高度，连板中位；近10日涨停3次，近期活跃；5日涨幅33%，主升节奏；主板10cm涨停
2025-12-18,001270,7,82.0,74.4,-5.0,False,-5.0,7板高位龙头，身位优势极大；近10日涨停8次，资金反复攻击的强势股；5日涨幅28%，趋势向上；主板10cm涨停
2025-12-18,600165,6,82.0,3.8,5.0,True,5.0,6板高位龙头，身位优势极大；近10日涨停5次，资金反复攻击的强势股；5日涨幅28%，趋势向上；主板10cm涨停
2025-12-19,001331,6,97.8,26.14,9.98,True,9.98,6板高位龙头，身位优势极大；近10日涨停5次，资金反复攻击的强势股；5日涨幅61%，主升节奏；主板10cm涨停
2025-12-19,002149,2,84.5,37.72,-1.11,False,-1.11,2板高度，首板晋级后延续；近10日涨停5次，资金反复攻击的强势股；5日涨幅30%，主升节奏；主板10cm涨停
2025-12-19,002703,4,83.4,17.51,5.6,False,5.6,4板高度，连板梯队前排；近10日涨停3次，近期活跃；5日涨幅44%，主升节奏；主板10cm涨停
2025-12-19,600165,7,83.0,3.99,5.01,True,5.01,7板高位龙头，身位优势极大；近10日涨停6次，资金反复攻击的强势股；5日涨幅27%，趋势向上；主板10cm涨停
2025-12-19,002788,3,80.5,15.29,10.01,True,10.01,3板高度，连板中位；近10日涨停2次，有一定活跃度；5日涨幅37%，主升节奏；主板10cm涨停
2025-12-22,001331,7,95.8,28.75,10.02,True,10.02,7板高位龙头，身位优势极大；近10日涨停6次，资金反复攻击的强势股；5日涨幅61%，主升节奏；主板10cm涨停
2025-12-22,002788,4,88.9,16.82,9.99,True,9.99,4板高度，连板梯队前排；近10日涨停3次，近期活跃；5日涨幅53%，主升节奏；主板10cm涨停
2025-12-22,002910,4,87.1,15.02,-9.79,False,-9.79,4板高度，连板梯队前排；近10日涨停3次，近期活跃；5日涨幅45%，主升节奏；主板10cm涨停
2025-12-22,002969,4,87.0,6.68,10.03,True,10.03,4板高度，连板梯队前排；近10日涨停3次，近期活跃；5日涨幅46%，主升节奏；主板10cm涨停
2025-12-22,600165,8,84.0,4.19,-3.1,False,-3.1,8板高位龙头，身位优势极大；近10日涨停7次，资金反复攻击的强势股；5日涨幅27%，趋势向上；主板10cm涨停
2025-12-23,001331,8,96.8,31.63,9.99,True,9.99,8板高位龙头，身位优势极大；近10日涨停7次，资金反复攻击的强势股；5日涨幅61%，主升节奏；主板10cm涨停
2025-12-23,002969,5,91.7,7.35,10.07,True,10.07,5板高度，题材龙头候选；近10日涨停4次，近期活跃；5日涨幅61%，主升节奏；主板10cm涨停
2025-12-23,002788,5,88.9,18.5,6.22,False,6.22,5板高度，题材龙头候选；近10日涨停4次，近期活跃；5日涨幅61%，主升节奏；主板10cm涨停
2025-12-23,002361,4,85.4,9.89,10.01,True,10.01,4板高度，连板梯队前排；近10日涨停3次，近期活跃；5日涨幅42%，主升节奏；主板10cm涨停
2025-12-23,002163,3,79.4,17.59,10.01,True,10.01,3板高度，连板中位；近10日涨停3次，近期活跃；5日涨幅15%，趋势向上；主板10cm涨停
2025-12-24,002969,6,97.3,8.09,10.01,True,10.01,6板高位龙头，身位优势极大；近10日涨停5次，资金反复攻击的强势股；5日涨幅61%，主升节奏；主板10cm涨停
2025-12-24,001331,9,94.9,34.79,10.0,True,10.0,9板高位龙头，身位优势极大；近10日涨停8次，资金反复攻击的强势股；5日涨幅61%，主升节奏；主板10cm涨停
2025-12-24,002361,5,92.9,10.88,10.02,True,10.02,5板高度，题材龙头候选；近10日涨停4次，近期活跃；5日涨幅61%，主升节奏；主板10cm涨停
2025-12-24,002163,4,88.4,19.35,6.87,False,6.87,4板高度，连板梯队前排；近10日涨停4次，近期活跃；5日涨幅38%，主升节奏；主板10cm涨停
2025-12-24,000036,4,85.5,6.74,5.34,False,5.34,4板高度，连板梯队前排；近10日涨停5次，资金反复攻击的强势股；5日涨幅21%，趋势向上；主板10cm涨停
2025-12-25,001331,10,99.0,38.27,10.01,True,10.01,10板高位龙头，身位优势极大；近10日涨停9次，资金反复攻击的强势股；5日涨幅61%，主升节奏；主板10cm涨停
2025-12-25,002969,7,98.9,8.9,10.0,True,10.0,7板高位龙头，身位优势极大；近10日涨停6次，资金反复攻击的强势股；5日涨幅61%，主升节奏；主板10cm涨停
2025-12-25,002361,6,98.8,11.97,10.03,True,10.03,6板高位龙头，身位优势极大；近10日涨停5次，资金反复攻击的强势股；5日涨幅61%，主升节奏；主板10cm涨停
2025-12-25,002228,4,88.2,6.55,-3.36,False,-3.36,4板高度，连板梯队前排；近10日涨停3次，近期活跃；5日涨幅60%，主升节奏；主板10cm涨停
2025-12-25,000551,4,87.2,16.68,1.74,False,1.74,4板高度，连板梯队前排；近10日涨停3次，近期活跃；5日涨幅48%，主升节奏；主板10cm涨停
2025-12-26,002969,8,99.0,9.79,10.01,True,10.01,8板高位龙头，身位优势极大；近10日涨停7次，资金反复攻击的强势股；5日涨幅61%，主升节奏；主板10cm涨停
2025-12-26,001331,11,98.9,42.1,10.0,True,10.0,11板高位龙头，身位优势极大；近10日涨停10次，资金反复攻击的强势股；5日涨幅61%，主升节奏；主板10cm涨停
2025-12-26,002361,7,98.7,13.17,10.02,True,10.02,7板高位龙头，身位优势极大；近10日涨停6次，资金反复攻击的强势股；5日涨幅61%，主升节奏；主板10cm涨停
2025-12-26,600179,5,93.2,6.55,-9.92,False,-9.92,5板高度，题材龙头候选；近10日涨停4次，近期活跃；5日涨幅61%，主升节奏；主板10cm涨停
2025-12-26,002201,4,84.3,12.45,-9.96,False,-9.96,4板高度，连板梯队前排；近10日涨停3次，近期活跃；5日涨幅49%，主升节奏；主板10cm涨停
2025-12-29,001331,12,99.0,46.31,0.0,False,0.0,12板高位龙头，身位优势极大；近10日涨停10次，资金反复攻击的强势股；5日涨幅61%，主升节奏；主板10cm涨停
2025-12-29,002969,9,98.9,10.77,10.03,True,10.03,9板高位龙头，身位优势极大；近10日涨停8次，资金反复攻击的强势股；5日涨幅61%，主升节奏；主板10cm涨停
2025-12-29,002361,8,98.8,14.49,-10.01,False,-10.01,8板高位龙头，身位优势极大；近10日涨停7次，资金反复攻击的强势股；5日涨幅61%，主升节奏；主板10cm涨停
2025-12-29,600783,4,89.0,23.21,-3.15,False,-3.15,4板高度，连板梯队前排；近10日涨停3次，近期活跃；5日涨幅55%，主升节奏；主板10cm涨停
2025-12-29,600118,4,87.5,88.0,-1.91,False,-1.91,4板高度，连板梯队前排；近10日涨停3次，近期活跃；5日涨幅39%，主升节奏；主板10cm涨停
2025-12-30,002969,10,96.7,11.85,6.84,False,6.84,10板高位龙头，身位优势极大；近10日涨停9次，资金反复攻击的强势股；5日涨幅61%，主升节奏；主板10cm涨停
2025-12-30,603278,5,91.9,15.49,10.01,True,10.01,5板高度，题材龙头候选；近10日涨停4次，近期活跃；5日涨幅61%，主升节奏；主板10cm涨停
2025-12-30,002931,4,87.5,28.82,9.99,True,9.99,4板高度，连板梯队前排；近10日涨停4次，近期活跃；5日涨幅46%，主升节奏；主板10cm涨停
2025-12-30,002009,4,85.5,23.43,-3.46,False,-3.46,4板高度，连板梯队前排；近10日涨停3次，近期活跃；5日涨幅47%，主升节奏；主板10cm涨停
2025-12-30,002347,4,82.2,11.25,10.04,True,10.04,4板高度，连板梯队前排；近10日涨停3次，近期活跃；5日涨幅49%，主升节奏；主板10cm涨停
2025-12-31,603278,6,96.9,17.04,-5.52,False,-5.52,6板高位龙头，身位优势极大；近10日涨停5次，资金反复攻击的强势股；5日涨幅61%，主升节奏；主板10cm涨停
2025-12-31,002347,5,91.6,12.38,6.14,False,6.14,5板高度，题材龙头候选；近10日涨停4次，近期活跃；5日涨幅61%，主升节奏；主板10cm涨停
2025-12-31,002931,5,90.9,31.7,10.0,True,10.0,5板高度，题材龙头候选；近10日涨停5次，资金反复攻击的强势股；5日涨幅61%，主升节奏；主板10cm涨停
2025-12-31,001266,3,79.5,39.37,-9.96,False,-9.96,3板高度，连板中位；近10日涨停2次，有一定活跃度；5日涨幅35%，主升节奏；主板10cm涨停
2025-12-31,002177,3,78.9,9.41,-8.4,False,-8.4,3板高度，连板中位；近10日涨停2次，有一定活跃度；5日涨幅37%，主升节奏；主板10cm涨停
2026-01-05,002931,6,100.0,34.87,10.01,True,10.01,6板高位龙头，身位优势极大；近10日涨停5次，资金反复攻击的强势股；5日涨幅61%，主升节奏；主板10cm涨停
2026-01-05,002413,4,88.1,13.81,9.99,True,9.99,4板高度，连板梯队前排；近10日涨停3次，近期活跃；5日涨幅47%，主升节奏；主板10cm涨停
2026-01-05,002757,3,82.3,21.42,9.99,True,9.99,3板高度，连板中位；近10日涨停2次，有一定活跃度；5日涨幅33%，主升节奏；主板10cm涨停
2026-01-05,002151,2,79.4,49.97,10.01,True,10.01,2板高度，首板晋级后延续；近10日涨停3次，近期活跃；5日涨幅30%，主升节奏；主板10cm涨停
2026-01-05,002571,1,79.2,12.94,-0.93,False,-0.93,首板，连板起点；近10日涨停3次，近期活跃；5日涨幅35%，主升节奏；主板10cm涨停
2026-01-06,002931,7,99.9,38.36,10.01,True,10.01,7板高位龙头，身位优势极大；近10日涨停6次，资金反复攻击的强势股；5日涨幅61%，主升节奏；主板10cm涨停
2026-01-06,002413,5,91.9,15.19,10.01,True,10.01,5板高度，题材龙头候选；近10日涨停4次，近期活跃；5日涨幅61%，主升节奏；主板10cm涨停
2026-01-06,002151,3,87.4,54.97,4.97,False,4.97,3板高度，连板中位；近10日涨停4次，近期活跃；5日涨幅30%，主升节奏；主板10cm涨停
2026-01-06,601698,3,87.0,43.23,1.48,False,1.48,3板高度，连板中位；近10日涨停3次，近期活跃；5日涨幅53%，主升节奏；主板10cm涨停
2026-01-06,002757,4,85.4,23.56,-8.28,False,-8.28,4板高度，连板梯队前排；近10日涨停3次，近期活跃；5日涨幅47%，主升节奏；主板10cm涨停
2026-01-07,002413,6,98.9,16.71,5.86,False,5.86,6板高位龙头，身位优势极大；近10日涨停5次，资金反复攻击的强势股；5日涨幅61%，主升节奏；主板10cm涨停
2026-01-07,002931,8,98.9,42.2,10.0,True,10.0,8板高位龙头，身位优势极大；近10日涨停7次，资金反复攻击的强势股；5日涨幅61%，主升节奏；主板10cm涨停
2026-01-07,002718,4,89.5,47.83,2.82,False,2.82,4板高度，连板梯队前排；近10日涨停4次，近期活跃；5日涨幅46%，主升节奏；主板10cm涨停
2026-01-07,002324,3,84.2,21.29,10.0,True,10.0,3板高度，连板中位；近10日涨停3次，近期活跃；5日涨幅38%，主升节奏；主板10cm涨停
2026-01-07,600266,4,83.8,6.75,0.0,False,0.0,4板高度，连板梯队前排；近10日涨停3次，近期活跃；5日涨幅45%，主升节奏；主板10cm涨停
2026-01-08,002931,9,100.0,46.42,10.0,True,10.0,9板高位龙头，身位优势极大；近10日涨停8次，资金反复攻击的强势股；5日涨幅61%，主升节奏；主板10cm涨停
2026-01-08,002324,4,90.5,23.42,-2.65,False,-2.65,4板高度，连板梯队前排；近10日涨停4次，近期活跃；5日涨幅50%，主升节奏；主板10cm涨停
2026-01-08,600775,4,90.3,17.89,1.84,False,1.84,4板高度，连板梯队前排；近10日涨停4次，近期活跃；5日涨幅47%，主升节奏；主板10cm涨停
2026-01-08,300986,4,89.8,23.18,20.02,True,20.02,4板高度，连板梯队前排；近10日涨停3次，近期活跃；5日涨幅126%，主升节奏；20cm大板涨停，弹性大
2026-01-08,002774,4,88.1,13.59,10.01,True,10.01,4板高度，连板梯队前排；近10日涨停3次，近期活跃；5日涨幅47%，主升节奏；主板10cm涨停
2026-01-09,002931,10,97.0,51.06,10.01,True,10.01,10板高位龙头，身位优势极大；近10日涨停9次，资金反复攻击的强势股；5日涨幅61%，主升节奏；主板10cm涨停
2026-01-09,002173,5,95.0,34.64,6.78,False,6.78,5板高度，题材龙头候选；近10日涨停4次，近期活跃；5日涨幅61%，主升节奏；主板10cm涨停
2026-01-09,002774,5,94.9,14.95,-5.08,False,-5.08,5板高度，题材龙头候选；近10日涨停4次，近期活跃；5日涨幅61%，主升节奏；主板10cm涨停
2026-01-09,002519,5,94.8,10.43,9.97,True,9.97,5板高度，题材龙头候选；近10日涨停4次，近期活跃；5日涨幅61%，主升节奏；主板10cm涨停
2026-01-09,300986,5,94.8,27.82,19.99,True,19.99,5板高度，题材龙头候选；近10日涨停4次，近期活跃；5日涨幅149%，主升节奏；20cm大板涨停，弹性大
2026-01-12,002931,11,99.9,56.17,10.01,True,10.01,11板高位龙头，身位优势极大；近10日涨停10次，资金反复攻击的强势股；5日涨幅61%，主升节奏；主板10cm涨停
2026-01-12,300986,6,99.9,33.38,0.0,False,0.0,6板高位龙头，身位优势极大；近10日涨停5次，资金反复攻击的强势股；5日涨幅149%，主升节奏；20cm大板涨停，弹性大
2026-01-12,600783,5,97.0,35.85,10.01,True,10.01,5板高度，题材龙头候选；近10日涨停8次，资金反复攻击的强势股；5日涨幅61%，主升节奏；主板10cm涨停
2026-01-12,002519,6,96.7,11.47,-9.15,False,-9.15,6板高位龙头，身位优势极大；近10日涨停5次，资金反复攻击的强势股；5日涨幅61%，主升节奏；主板10cm涨停
2026-01-12,002202,5,93.9,35.13,-3.36,False,-3.36,5板高度，题材龙头候选；近10日涨停6次，资金反复攻击的强势股；5日涨幅61%，主升节奏；主板10cm涨停
2026-01-13,002931,12,97.9,61.79,0.0,False,0.0,12板高位龙头，身位优势极大；近10日涨停10次，资金反复攻击的强势股；5日涨幅61%，主升节奏；主板10cm涨停
2026-01-13,600783,6,97.9,39.44,-9.99,False,-9.99,6板高位龙头，身位优势极大；近10日涨停8次，资金反复攻击的强势股；5日涨幅61%，主升节奏；主板10cm涨停
2026-01-13,600477,4,89.0,4.36,2.06,False,2.06,4板高度，连板梯队前排；近10日涨停4次，近期活跃；5日涨幅50%，主升节奏；主板10cm涨停
2026-01-13,002342,4,88.3,13.29,5.34,False,5.34,4板高度，连板梯队前排；近10日涨停4次，近期活跃；5日涨幅43%，主升节奏；主板10cm涨停
2026-01-13,003007,4,86.5,54.34,9.99,True,9.99,4板高度，连板梯队前排；近10日涨停3次，近期活跃；5日涨幅47%，主升节奏；主板10cm涨停
2026-01-14,003007,5,90.9,59.77,-10.01,False,-10.01,5板高度，题材龙头候选；近10日涨停4次，近期活跃；5日涨幅61%，主升节奏；主板10cm涨停
2026-01-14,002131,4,89.7,9.93,4.73,False,4.73,4板高度，连板梯队前排；近10日涨停5次，资金反复攻击的强势股；5日涨幅51%，主升节奏；主板10cm涨停
2026-01-14,002465,3,88.5,26.62,-9.99,False,-9.99,3板高度，连板中位；近10日涨停5次，资金反复攻击的强势股；5日涨幅37%，主升节奏；主板10cm涨停
2026-01-14,002400,4,87.1,13.81,-7.31,False,-7.31,4板高度，连板梯队前排；近10日涨停3次，近期活跃；5日涨幅49%，主升节奏；主板10cm涨停
2026-01-14,002044,4,85.9,8.15,4.42,False,4.42,4板高度，连板梯队前排；近10日涨停3次，近期活跃；5日涨幅51%，主升节奏；主板10cm涨停
2026-01-15,001255,4,84.4,50.19,10.0,True,10.0,4板高度，连板梯队前排；近10日涨停4次，近期活跃；5日涨幅46%，主升节奏；主板10cm涨停
2026-01-15,603000,4,83.9,30.83,-9.99,False,-9.99,4板高度，连板梯队前排；近10日涨停3次，近期活跃；5日涨幅54%，主升节奏；主板10cm涨停
2026-01-15,002112,3,79.3,21.15,-5.58,False,-5.58,3板高度，连板中位；近10日涨停3次，近期活跃；5日涨幅38%，主升节奏；主板10cm涨停
2026-01-15,600662,3,78.7,6.88,-10.03,False,-10.03,3板高度，连板中位；近10日涨停2次，有一定活跃度；5日涨幅37%，主升节奏；主板10cm涨停
2026-01-15,600410,2,75.0,24.42,-9.95,False,-9.95,2板高度，首板晋级后延续；近10日涨停2次，有一定活跃度；5日涨幅27%，趋势向上；主板10cm涨停
2026-01-16,001255,5,94.0,55.21,-10.0,False,-10.0,5板高度，题材龙头候选；近10日涨停5次，资金反复攻击的强势股；5日涨幅61%，主升节奏；主板10cm涨停
2026-01-16,002796,2,76.5,43.45,3.45,False,3.45,2板高度，首板晋级后延续；近10日涨停2次，有一定活跃度；5日涨幅32%，主升节奏；主板10cm涨停
2026-01-16,603929,1,76.5,163.46,-10.0,False,-10.0,首板，连板起点；近10日涨停3次，近期活跃；5日涨幅30%，主升节奏；主板10cm涨停
2026-01-16,600785,3,76.4,18.82,9.99,True,9.99,3板高度，连板中位；近10日涨停2次，有一定活跃度；5日涨幅34%，主升节奏；主板10cm涨停
2026-01-16,603163,1,72.0,91.15,-4.91,False,-4.91,首板，连板起点；近10日涨停2次，有一定活跃度；5日涨幅21%，趋势向上；主板10cm涨停
2026-01-19,600785,4,84.4,20.7,4.83,False,4.83,4板高度，连板梯队前排；近10日涨停3次，近期活跃；5日涨幅43%，主升节奏；主板10cm涨停
2026-01-19,002931,1,81.0,67.97,10.0,True,10.0,首板，连板起点；近10日涨停7次，资金反复攻击的强势股；5日涨幅21%，趋势向上；主板10cm涨停
2026-01-19,002112,1,80.3,21.97,4.23,False,4.23,首板，连板起点；近10日涨停4次，近期活跃；5日涨幅38%，主升节奏；主板10cm涨停
2026-01-19,603061,2,80.0,244.06,6.99,False,6.99,2板高度，首板晋级后延续；近10日涨停3次，近期活跃；5日涨幅29%，趋势向上；主板10cm涨停
2026-01-19,002718,1,74.2,61.08,0.69,False,0.69,首板，连板起点；近10日涨停6次，资金反复攻击的强势股；5日涨幅8%，温和上行；主板10cm涨停
2026-01-20,002931,2,82.0,74.77,10.0,True,10.0,2板高度，首板晋级后延续；近10日涨停7次，资金反复攻击的强势股；5日涨幅21%，趋势向上；主板10cm涨停
2026-01-20,002358,3,79.5,7.81,-3.2,False,-3.2,3板高度，连板中位；近10日涨停2次，有一定活跃度；5日涨幅33%，主升节奏；主板10cm涨停
2026-01-20,002498,3,79.5,5.28,7.77,False,7.77,3板高度，连板中位；近10日涨停2次，有一定活跃度；5日涨幅32%，主升节奏；主板10cm涨停
2026-01-20,002201,2,77.8,13.94,-9.61,False,-9.61,2板高度，首板晋级后延续；近10日涨停3次，近期活跃；5日涨幅22%，趋势向上；主板10cm涨停
2026-01-20,002546,2,76.4,10.0,-3.2,False,-3.2,2板高度，首板晋级后延续；近10日涨停2次，有一定活跃度；5日涨幅41%，主升节奏；主板10cm涨停
2026-01-21,002931,3,88.5,82.25,10.01,True,10.01,3板高度，连板中位；近10日涨停7次，资金反复攻击的强势股；5日涨幅33%，主升节奏；主板10cm涨停
2026-01-21,601616,4,83.8,6.09,-4.43,False,-4.43,4板高度，连板梯队前排；近10日涨停3次，近期活跃；5日涨幅47%，主升节奏；主板10cm涨停
2026-01-21,000048,4,82.9,18.5,-2.43,False,-2.43,4板高度，连板梯队前排；近10日涨停3次，近期活跃；5日涨幅21%，趋势向上；主板10cm涨停
2026-01-21,000506,3,81.3,19.33,0.88,False,0.88,3板高度，连板中位；近10日涨停2次，有一定活跃度；5日涨幅35%，主升节奏；主板10cm涨停
2026-01-21,002716,2,78.5,13.64,9.97,True,9.97,2板高度，首板晋级后延续；近10日涨停2次，有一定活跃度；5日涨幅38%，主升节奏；主板10cm涨停
2026-01-22,002931,4,91.4,90.48,10.0,True,10.0,4板高度，连板梯队前排；近10日涨停7次，资金反复攻击的强势股；5日涨幅46%，主升节奏；主板10cm涨停
2026-01-22,000036,4,85.5,6.79,2.95,False,2.95,4板高度，连板梯队前排；近10日涨停3次，近期活跃；5日涨幅21%，趋势向上；主板10cm涨停
2026-01-22,603078,3,81.4,28.51,10.0,True,10.0,3板高度，连板中位；近10日涨停3次，近期活跃；5日涨幅33%，主升节奏；主板10cm涨停
2026-01-22,601212,3,81.2,9.43,9.97,True,9.97,3板高度，连板中位；近10日涨停2次，有一定活跃度；5日涨幅32%，主升节奏；主板10cm涨停
2026-01-22,002716,3,81.2,15.0,9.6,False,9.6,3板高度，连板中位；近10日涨停3次，近期活跃；5日涨幅42%，主升节奏；主板10cm涨停
2026-01-23,002931,5,97.0,99.53,0.0,False,0.0,5板高度，题材龙头候选；近10日涨停7次，资金反复攻击的强势股；5日涨幅61%，主升节奏；主板10cm涨停
2026-01-23,603078,4,87.5,31.36,-6.25,False,-6.25,4板高度，连板梯队前排；近10日涨停4次，近期活跃；5日涨幅46%，主升节奏；主板10cm涨停
2026-01-23,601212,4,85.2,10.37,10.03,True,10.03,4板高度，连板梯队前排；近10日涨停3次，近期活跃；5日涨幅42%，主升节奏；主板10cm涨停
2026-01-23,002342,3,83.4,13.54,1.26,False,1.26,3板高度，连板中位；近10日涨停5次，资金反复攻击的强势股；5日涨幅19%，趋势向上；主板10cm涨停
2026-01-23,002636,2,82.5,25.63,2.85,False,2.85,2板高度，首板晋级后延续；近10日涨停3次，近期活跃；5日涨幅38%，主升节奏；主板10cm涨停
2026-01-26,601212,5,93.7,11.41,9.99,True,9.99,5板高度，题材龙头候选；近10日涨停4次，近期活跃；5日涨幅61%，主升节奏；主板10cm涨停
2026-01-26,600986,2,83.1,13.26,-1.13,False,-1.13,2板高度，首板晋级后延续；近10日涨停4次，近期活跃；5日涨幅46%，主升节奏；主板10cm涨停
2026-01-26,000593,2,80.5,17.71,-3.73,False,-3.73,2板高度，首板晋级后延续；近10日涨停4次，近期活跃；5日涨幅17%，趋势向上；主板10cm涨停
2026-01-26,001337,2,80.4,55.25,10.01,True,10.01,2板高度，首板晋级后延续；近10日涨停4次，近期活跃；5日涨幅47%，主升节奏；主板10cm涨停
2026-01-26,002218,2,79.3,6.01,9.98,True,9.98,2板高度，首板晋级后延续；近10日涨停3次，近期活跃；5日涨幅23%，趋势向上；主板10cm涨停
2026-01-27,601212,6,93.9,12.55,10.04,True,10.04,6板高位龙头，身位优势极大；近10日涨停5次，资金反复攻击的强势股；5日涨幅61%，主升节奏；主板10cm涨停
2026-01-27,001337,3,87.9,60.78,10.0,True,10.0,3板高度，连板中位；近10日涨停5次，资金反复攻击的强势股；5日涨幅53%，主升节奏；主板10cm涨停
2026-01-27,002218,3,81.3,6.61,4.39,False,4.39,3板高度，连板中位；近10日涨停4次，近期活跃；5日涨幅32%，主升节奏；主板10cm涨停
2026-01-27,002995,2,79.5,27.61,3.3,False,3.3,2板高度，首板晋级后延续；近10日涨停3次，近期活跃；5日涨幅40%，主升节奏；主板10cm涨停
2026-01-27,003042,3,79.5,23.1,10.0,True,10.0,3板高度，连板中位；近10日涨停2次，有一定活跃度；5日涨幅38%，主升节奏；主板10cm涨停
2026-01-28,601212,7,98.6,13.81,9.99,True,9.99,7板高位龙头，身位优势极大；近10日涨停6次，资金反复攻击的强势股；5日涨幅61%，主升节奏；主板10cm涨停
2026-01-28,001337,4,93.0,66.86,9.98,True,9.98,4板高度，连板梯队前排；近10日涨停6次，资金反复攻击的强势股；5日涨幅53%，主升节奏；主板10cm涨停
2026-01-28,000506,3,88.4,25.93,9.99,True,9.99,3板高度，连板中位；近10日涨停5次，资金反复攻击的强势股；5日涨幅34%，主升节奏；主板10cm涨停
2026-01-28,003042,4,87.5,25.41,-10.0,False,-10.0,4板高度，连板梯队前排；近10日涨停3次，近期活跃；5日涨幅49%，主升节奏；主板10cm涨停
2026-01-28,600531,4,87.5,22.54,9.98,True,9.98,4板高度，连板梯队前排；近10日涨停3次，近期活跃；5日涨幅49%，主升节奏；主板10cm涨停
2026-01-29,601212,8,95.9,15.19,-10.01,False,-10.01,8板高位龙头，身位优势极大；近10日涨停7次，资金反复攻击的强势股；5日涨幅61%，主升节奏；主板10cm涨停
2026-01-29,600916,5,93.8,13.5,8.74,False,8.74,5板高度，题材龙头候选；近10日涨停4次，近期活跃；5日涨幅61%，主升节奏；主板10cm涨停
2026-01-29,001337,5,92.8,73.53,-10.0,False,-10.0,5板高度，题材龙头候选；近10日涨停7次，资金反复攻击的强势股；5日涨幅61%，主升节奏；主板10cm涨停
2026-01-29,600531,5,90.8,24.79,-10.0,False,-10.0,5板高度，题材龙头候选；近10日涨停4次，近期活跃；5日涨幅61%，主升节奏；主板10cm涨停
2026-01-29,000506,4,88.4,28.52,-9.99,False,-9.99,4板高度，连板梯队前排；近10日涨停6次，资金反复攻击的强势股；5日涨幅46%，主升节奏；主板10cm涨停
2026-01-30,002155,5,88.9,37.0,-10.0,False,-10.0,5板高度，题材龙头候选；近10日涨停4次，近期活跃；5日涨幅61%，主升节奏；主板10cm涨停
2026-01-30,002995,2,84.9,34.51,1.85,False,1.85,2板高度，首板晋级后延续；近10日涨停5次，资金反复攻击的强势股；5日涨幅51%，主升节奏；主板10cm涨停
2026-01-30,002455,3,74.8,9.59,-2.29,False,-2.29,3板高度，连板中位；近10日涨停2次，有一定活跃度；5日涨幅29%，趋势向上；主板10cm涨停
2026-01-30,002165,1,71.9,12.77,-2.51,False,-2.51,首板，连板起点；近10日涨停3次，近期活跃；5日涨幅29%，趋势向上；主板10cm涨停
2026-01-30,603103,2,71.4,25.5,10.0,True,10.0,2板高度，首板晋级后延续；近期首次活跃，缺乏涨停惯性；5日涨幅32%，主升节奏；主板10cm涨停
2026-02-02,603103,3,77.5,28.05,10.02,True,10.02,3板高度，连板中位；近10日涨停2次，有一定活跃度；5日涨幅40%，主升节奏；主板10cm涨停
2026-02-02,603172,3,74.4,28.3,10.0,True,10.0,3板高度，连板中位；近10日涨停2次，有一定活跃度；5日涨幅34%，主升节奏；主板10cm涨停
2026-02-02,000995,3,74.3,17.52,9.99,True,9.99,3板高度，连板中位；近10日涨停2次，有一定活跃度；5日涨幅36%，主升节奏；主板10cm涨停
2026-02-02,601616,1,69.2,5.39,-0.93,False,-0.93,首板，连板起点；近10日涨停3次，近期活跃；5日涨幅1%，温和上行；主板10cm涨停
2026-02-02,002491,2,68.9,8.64,7.06,False,7.06,2板高度，首板晋级后延续；近期首次活跃，缺乏涨停惯性；5日涨幅37%，主升节奏；主板10cm涨停
2026-02-03,603103,4,88.8,30.86,-6.74,False,-6.74,4板高度，连板梯队前排；近10日涨停3次，近期活跃；5日涨幅53%，主升节奏；主板10cm涨停
2026-02-03,603172,4,87.5,31.13,-9.99,False,-9.99,4板高度，连板梯队前排；近10日涨停3次，近期活跃；5日涨幅48%，主升节奏；主板10cm涨停
2026-02-03,000995,4,85.9,19.27,-1.61,False,-1.61,4板高度，连板梯队前排；近10日涨停3次，近期活跃；5日涨幅54%，主升节奏；主板10cm涨停
2026-02-03,002155,1,82.5,36.63,-1.94,False,-1.94,首板，连板起点；近10日涨停5次，资金反复攻击的强势股；5日涨幅32%，主升节奏；主板10cm涨停
2026-02-03,002830,3,81.4,28.14,9.99,True,9.99,3板高度，连板中位；近10日涨停2次，有一定活跃度；5日涨幅33%，主升节奏；主板10cm涨停
2026-02-04,000039,4,84.7,11.41,-1.05,False,-1.05,4板高度，连板梯队前排；近10日涨停3次，近期活跃；5日涨幅21%，趋势向上；主板10cm涨停
2026-02-04,002830,4,83.4,30.95,-9.98,False,-9.98,4板高度，连板梯队前排；近10日涨停3次，近期活跃；5日涨幅48%，主升节奏；主板10cm涨停
2026-02-04,603618,4,83.2,12.02,3.66,False,3.66,4板高度，连板梯队前排；近10日涨停3次，近期活跃；5日涨幅38%，主升节奏；主板10cm涨停
2026-02-04,301362,3,81.9,77.74,20.0,True,20.0,3板高度，连板中位；近10日涨停2次，有一定活跃度；5日涨幅73%，主升节奏；20cm大板涨停，弹性大
2026-02-04,000821,6,81.5,14.95,2.47,False,2.47,6板高位龙头，身位优势极大；近10日涨停5次，资金反复攻击的强势股；5日涨幅10%，温和上行；主板10cm涨停
2026-02-05,301362,4,87.0,93.29,4.11,False,4.11,4板高度，连板梯队前排；近10日涨停3次，近期活跃；5日涨幅107%，主升节奏；20cm大板涨停，弹性大
2026-02-05,600683,3,79.5,6.6,-8.33,False,-8.33,3板高度，连板中位；近10日涨停2次，有一定活跃度；5日涨幅37%，主升节奏；主板10cm涨停
2026-02-05,603103,1,78.4,31.66,5.5,False,5.5,首板，连板起点；近10日涨停4次，近期活跃；5日涨幅37%，主升节奏；主板10cm涨停
2026-02-05,000711,4,76.0,2.58,5.04,True,5.04,4板高度，连板梯队前排；近10日涨停5次，资金反复攻击的强势股；5日涨幅24%，趋势向上；主板10cm涨停
2026-02-05,002506,2,76.0,4.16,10.1,True,10.1,2板高度，首板晋级后延续；近10日涨停3次，近期活跃；5日涨幅17%，趋势向上；主板10cm涨停
2026-02-06,002506,3,83.5,4.58,10.04,True,10.04,3板高度，连板中位；近10日涨停4次，近期活跃；5日涨幅39%，主升节奏；主板10cm涨停
2026-02-06,000056,4,82.6,2.28,-3.95,False,-3.95,4板高度，连板梯队前排；近10日涨停3次，近期活跃；5日涨幅21%，趋势向上；主板10cm涨停
2026-02-06,300912,3,80.9,34.3,20.0,True,20.0,3板高度，连板中位；近10日涨停2次，有一定活跃度；5日涨幅73%，主升节奏；20cm大板涨停，弹性大
2026-02-06,603618,1,79.7,13.71,9.99,True,9.99,首板，连板起点；近10日涨停4次，近期活跃；5日涨幅52%，主升节奏；主板10cm涨停
2026-02-06,600814,3,79.5,10.78,-0.65,False,-0.65,3板高度，连板中位；近10日涨停2次，有一定活跃度；5日涨幅34%，主升节奏；主板10cm涨停
2026-02-09,002506,4,90.6,5.04,4.37,False,4.37,4板高度，连板梯队前排；近10日涨停4次，近期活跃；5日涨幅53%，主升节奏；主板10cm涨停
2026-02-09,300912,4,89.0,41.16,4.47,False,4.47,4板高度，连板梯队前排；近10日涨停3次，近期活跃；5日涨幅107%，主升节奏；20cm大板涨停，弹性大
2026-02-09,603616,4,87.4,9.12,-8.33,False,-8.33,4板高度，连板梯队前排；近10日涨停3次，近期活跃；5日涨幅46%，主升节奏；主板10cm涨停
2026-02-09,002830,2,85.3,33.72,-8.66,False,-8.66,2板高度，首板晋级后延续；近10日涨停5次，资金反复攻击的强势股；5日涨幅32%，主升节奏；主板10cm涨停
2026-02-09,000711,6,84.0,2.85,-4.91,False,-4.91,6板高位龙头，身位优势极大；近10日涨停7次，资金反复攻击的强势股；5日涨幅28%，趋势向上；主板10cm涨停
2026-02-10,002455,3,87.1,13.48,10.01,True,10.01,3板高度，连板中位；近10日涨停6次，资金反复攻击的强势股；5日涨幅31%，主升节奏；主板10cm涨停
2026-02-10,603103,2,81.4,40.41,-10.0,False,-10.0,2板高度，首板晋级后延续；近10日涨停6次，资金反复攻击的强势股；5日涨幅31%，主升节奏；主板10cm涨停
2026-02-10,000056,2,78.8,2.41,-9.96,False,-9.96,2板高度，首板晋级后延续；近10日涨停5次，资金反复攻击的强势股；5日涨幅6%，温和上行；主板10cm涨停
2026-02-10,000070,2,77.2,16.12,9.99,True,9.99,2板高度，首板晋级后延续；近10日涨停3次，近期活跃；5日涨幅13%，温和上行；主板10cm涨停
2026-02-10,000056,1,76.0,2.41,-9.96,False,-9.96,首板，连板起点；近10日涨停4次，近期活跃；5日涨幅16%，趋势向上；主板10cm涨停
2026-02-11,002455,4,89.4,14.83,-4.92,False,-4.92,4板高度，连板梯队前排；近10日涨停7次，资金反复攻击的强势股；5日涨幅38%，主升节奏；主板10cm涨停
2026-02-11,000070,4,82.9,17.73,9.98,True,9.98,4板高度，连板梯队前排；近10日涨停4次，近期活跃；5日涨幅21%，趋势向上；主板10cm涨停
2026-02-11,000070,3,79.9,17.73,9.98,True,9.98,3板高度，连板中位；近10日涨停4次，近期活跃；5日涨幅24%，趋势向上；主板10cm涨停
2026-02-11,603729,3,79.5,23.76,-10.02,False,-10.02,3板高度，连板中位；近10日涨停2次，有一定活跃度；5日涨幅33%，主升节奏；主板10cm涨停
2026-02-11,603533,3,79.4,31.09,10.0,True,10.0,3板高度，连板中位；近10日涨停2次，有一定活跃度；5日涨幅32%，主升节奏；主板10cm涨停
2026-02-12,000070,6,91.8,19.5,-10.0,False,-10.0,6板高位龙头，身位优势极大；近10日涨停5次，资金反复攻击的强势股；5日涨幅21%，趋势向上；主板10cm涨停
2026-02-12,000070,5,88.3,19.5,-10.0,False,-10.0,5板高度，题材龙头候选；近10日涨停4次，近期活跃；5日涨幅33%，主升节奏；主板10cm涨停
2026-02-12,600589,4,88.0,13.86,-4.83,False,-4.83,4板高度，连板梯队前排；近10日涨停3次，近期活跃；5日涨幅53%，主升节奏；主板10cm涨停
2026-02-12,603533,4,86.5,34.2,10.0,True,10.0,4板高度，连板梯队前排；近10日涨停3次，近期活跃；5日涨幅44%，主升节奏；主板10cm涨停
2026-02-12,002323,4,85.7,2.62,-9.92,False,-9.92,4板高度，连板梯队前排；近10日涨停3次，近期活跃；5日涨幅48%，主升节奏；主板10cm涨停
2026-02-13,603533,5,90.0,37.62,-9.99,False,-9.99,5板高度，题材龙头候选；近10日涨停4次，近期活跃；5日涨幅61%，主升节奏；主板10cm涨停
2026-02-13,000609,7,80.0,10.5,-4.95,False,-4.95,7板高位龙头，身位优势极大；近10日涨停6次，资金反复攻击的强势股；5日涨幅28%，趋势向上；主板10cm涨停
2026-02-13,001896,3,77.4,9.12,9.98,True,9.98,3板高度，连板中位；近10日涨停2次，有一定活跃度；5日涨幅40%，主升节奏；主板10cm涨停
2026-02-13,002951,3,77.4,19.48,-10.01,False,-10.01,3板高度，连板中位；近10日涨停3次，近期活跃；5日涨幅37%，主升节奏；主板10cm涨停
2026-02-13,605033,3,77.3,28.67,10.01,True,10.01,3板高度，连板中位；近10日涨停2次，有一定活跃度；5日涨幅33%，主升节奏；主板10cm涨停
2026-02-24,605033,4,87.4,31.54,-6.63,False,-6.63,4板高度，连板梯队前排；近10日涨停3次，近期活跃；5日涨幅46%，主升节奏；主板10cm涨停
2026-02-24,001896,4,84.3,10.03,9.97,True,9.97,4板高度，连板梯队前排；近10日涨停3次，近期活跃；5日涨幅48%，主升节奏；主板10cm涨停
2026-02-24,002498,3,82.6,7.45,10.07,True,10.07,3板高度，连板中位；近10日涨停3次，近期活跃；5日涨幅26%，趋势向上；主板10cm涨停
2026-02-24,603466,2,79.8,12.85,0.93,False,0.93,2板高度，首板晋级后延续；近10日涨停3次，近期活跃；5日涨幅29%，趋势向上；主板10cm涨停
2026-02-24,000669,5,79.0,3.93,5.09,True,5.09,5板高度，题材龙头候选；近10日涨停4次，近期活跃；5日涨幅28%，趋势向上；主板10cm涨停
2026-02-25,001896,5,90.7,11.03,9.97,True,9.97,5板高度，题材龙头候选；近10日涨停4次，近期活跃；5日涨幅61%，主升节奏；主板10cm涨停
2026-02-25,002498,4,86.8,8.2,2.2,False,2.2,4板高度，连板梯队前排；近10日涨停3次，近期活跃；5日涨幅43%，主升节奏；主板10cm涨停
2026-02-25,000669,6,84.0,4.13,5.08,True,5.08,6板高位龙头，身位优势极大；近10日涨停5次，资金反复攻击的强势股；5日涨幅28%，趋势向上；主板10cm涨停
2026-02-25,605289,3,81.5,108.88,7.62,False,7.62,3板高度，连板中位；近10日涨停2次，有一定活跃度；5日涨幅47%，主升节奏；主板10cm涨停
2026-02-25,000711,5,81.0,3.47,4.9,True,4.9,5板高度，题材龙头候选；近10日涨停9次，资金反复攻击的强势股；5日涨幅28%，趋势向上；主板10cm涨停
2026-02-26,001896,6,94.7,12.13,9.98,True,9.98,6板高位龙头，身位优势极大；近10日涨停5次，资金反复攻击的强势股；5日涨幅61%，主升节奏；主板10cm涨停
2026-02-26,000890,4,86.4,8.02,-4.49,False,-4.49,4板高度，连板梯队前排；近10日涨停3次，近期活跃；5日涨幅48%，主升节奏；主板10cm涨停
2026-02-26,000711,6,83.0,3.64,0.0,False,0.0,6板高位龙头，身位优势极大；近10日涨停9次，资金反复攻击的强势股；5日涨幅28%，趋势向上；主板10cm涨停
2026-02-26,000669,7,83.0,4.34,5.07,True,5.07,7板高位龙头，身位优势极大；近10日涨停6次，资金反复攻击的强势股；5日涨幅28%，趋势向上；主板10cm涨停
2026-02-26,002470,3,80.4,2.82,9.93,True,9.93,3板高度，连板中位；近10日涨停3次，近期活跃；5日涨幅24%，趋势向上；主板10cm涨停
2026-02-27,001896,7,95.8,13.34,6.0,False,6.0,7板高位龙头，身位优势极大；近10日涨停6次，资金反复攻击的强势股；5日涨幅61%，主升节奏；主板10cm涨停
2026-02-27,002470,4,85.8,3.1,-6.13,False,-6.13,4板高度，连板梯队前排；近10日涨停4次，近期活跃；5日涨幅41%，主升节奏；主板10cm涨停
2026-02-27,000669,8,84.0,4.56,-3.29,False,-3.29,8板高位龙头，身位优势极大；近10日涨停7次，资金反复攻击的强势股；5日涨幅28%，趋势向上；主板10cm涨停
2026-02-27,002378,3,83.5,40.6,8.23,False,8.23,3板高度，连板中位；近10日涨停4次，近期活跃；5日涨幅34%，主升节奏；主板10cm涨停
2026-02-27,600397,1,81.8,21.53,-0.14,False,-0.14,首板，连板起点；近10日涨停4次，近期活跃；5日涨幅50%，主升节奏；主板10cm涨停
2026-03-02,002843,3,84.4,27.8,4.28,False,4.28,3板高度，连板中位；近10日涨停3次，近期活跃；5日涨幅33%，主升节奏；主板10cm涨停
2026-03-02,000035,4,82.9,7.71,-4.41,False,-4.41,4板高度，连板梯队前排；近10日涨停3次，近期活跃；5日涨幅21%，趋势向上；主板10cm涨停
2026-03-02,002842,2,81.9,45.72,-4.46,False,-4.46,2板高度，首板晋级后延续；近10日涨停4次，近期活跃；5日涨幅26%，趋势向上；主板10cm涨停
2026-03-02,600498,3,81.4,56.71,-1.02,False,-1.02,3板高度，连板中位；近10日涨停2次，有一定活跃度；5日涨幅36%，主升节奏；主板10cm涨停
2026-03-02,000890,1,80.0,8.43,-4.39,False,-4.39,首板，连板起点；近10日涨停4次，近期活跃；5日涨幅40%，主升节奏；主板10cm涨停
2026-03-03,000096,4,84.7,13.27,-8.44,False,-8.44,4板高度，连板梯队前排；近10日涨停3次，近期活跃；5日涨幅21%，趋势向上；主板10cm涨停
2026-03-03,601872,2,82.3,19.65,-9.87,False,-9.87,2板高度，首板晋级后延续；近10日涨停4次，近期活跃；5日涨幅47%，主升节奏；主板10cm涨停
2026-03-03,002980,3,80.4,35.06,-2.97,False,-2.97,3板高度，连板中位；近10日涨停2次，有一定活跃度；5日涨幅47%，主升节奏；主板10cm涨停
2026-03-03,600108,3,79.8,4.81,9.98,True,9.98,3板高度，连板中位；近10日涨停2次，有一定活跃度；5日涨幅37%，主升节奏；主板10cm涨停
2026-03-03,300191,2,78.9,53.08,-3.99,False,-3.99,2板高度，首板晋级后延续；近10日涨停2次，有一定活跃度；5日涨幅52%，主升节奏；20cm大板涨停，弹性大
2026-03-04,603318,4,83.5,10.67,-10.03,False,-10.03,4板高度，连板梯队前排；近10日涨停3次，近期活跃；5日涨幅48%，主升节奏；主板10cm涨停
2026-03-04,600108,4,80.3,5.29,-5.1,False,-5.1,4板高度，连板梯队前排；近10日涨停3次，近期活跃；5日涨幅45%，主升节奏；主板10cm涨停
2026-03-04,002490,3,80.0,11.72,8.36,False,8.36,3板高度，连板中位；近10日涨停3次，近期活跃；5日涨幅33%，主升节奏；主板10cm涨停
2026-03-04,600759,3,79.4,8.26,5.33,False,5.33,3板高度，连板中位；近10日涨停4次，近期活跃；5日涨幅38%，主升节奏；主板10cm涨停
2026-03-04,002207,3,78.7,15.03,-6.85,False,-6.85,3板高度，连板中位；近10日涨停3次，近期活跃；5日涨幅30%，趋势向上；主板10cm涨停
2026-03-05,002498,2,75.9,8.94,9.96,True,9.96,2板高度，首板晋级后延续；近10日涨停5次，资金反复攻击的强势股；5日涨幅7%，温和上行；主板10cm涨停
2026-03-05,600545,2,75.6,3.77,10.08,True,10.08,2板高度，首板晋级后延续；近10日涨停4次，近期活跃；5日涨幅11%，温和上行；主板10cm涨停
2026-03-05,000533,2,74.5,13.53,9.98,True,9.98,2板高度，首板晋级后延续；近10日涨停2次，有一定活跃度；5日涨幅14%，温和上行；主板10cm涨停
2026-03-05,001267,1,73.0,36.96,6.03,False,6.03,首板，连板起点；近10日涨停2次，有一定活跃度；5日涨幅20%，趋势向上；主板10cm涨停
2026-03-05,600875,1,71.4,42.21,4.76,False,4.76,首板，连板起点；近10日涨停2次，有一定活跃度；5日涨幅13%，温和上行；主板10cm涨停
2026-03-06,600545,3,83.2,4.15,-6.27,False,-6.27,3板高度，连板中位；近10日涨停4次，近期活跃；5日涨幅21%，趋势向上；主板10cm涨停
2026-03-06,002498,3,81.1,9.83,1.32,False,1.32,3板高度，连板中位；近10日涨停6次，资金反复攻击的强势股；5日涨幅19%，趋势向上；主板10cm涨停
2026-03-06,605268,3,78.8,13.94,9.97,True,9.97,3板高度，连板中位；近10日涨停2次，有一定活跃度；5日涨幅27%，趋势向上；主板10cm涨停
2026-03-06,000533,3,78.8,14.88,10.01,True,10.01,3板高度，连板中位；近10日涨停3次，近期活跃；5日涨幅27%，趋势向上；主板10cm涨停
2026-03-06,600722,1,77.5,13.53,-2.22,False,-2.22,首板，连板起点；近10日涨停3次，近期活跃；5日涨幅44%，主升节奏；主板10cm涨停
2026-03-09,000533,4,85.4,16.37,7.88,False,7.88,4板高度，连板梯队前排；近10日涨停3次，近期活跃；5日涨幅44%，主升节奏；主板10cm涨停
2026-03-09,605268,4,82.2,15.33,9.98,True,9.98,4板高度，连板梯队前排；近10日涨停3次，近期活跃；5日涨幅44%，主升节奏；主板10cm涨停
2026-03-09,600821,2,78.0,9.46,2.11,False,2.11,2板高度，首板晋级后延续；近10日涨停3次，近期活跃；5日涨幅28%，趋势向上；主板10cm涨停
2026-03-09,600227,2,76.2,3.62,5.8,False,5.8,2板高度，首板晋级后延续；近10日涨停3次，近期活跃；5日涨幅14%，温和上行；主板10cm涨停
2026-03-09,000815,3,74.9,17.94,-0.22,False,-0.22,3板高度，连板中位；近10日涨停2次，有一定活跃度；5日涨幅25%，趋势向上；主板10cm涨停
2026-03-10,605268,5,89.8,16.86,-4.69,False,-4.69,5板高度，题材龙头候选；近10日涨停4次，近期活跃；5日涨幅61%，主升节奏；主板10cm涨停
2026-03-10,601789,3,76.8,6.64,9.94,True,9.94,3板高度，连板中位；近10日涨停2次，有一定活跃度；5日涨幅34%，主升节奏；主板10cm涨停
2026-03-10,600108,1,76.4,5.97,10.05,True,10.05,首板，连板起点；近10日涨停5次，资金反复攻击的强势股；5日涨幅24%，趋势向上；主板10cm涨停
2026-03-10,001400,1,76.0,146.04,1.51,False,1.51,首板，连板起点；近10日涨停3次，近期活跃；5日涨幅22%，趋势向上；主板10cm涨停
2026-03-10,600498,1,72.2,57.2,-0.3,False,-0.3,首板，连板起点；近10日涨停3次，近期活跃；5日涨幅2%，温和上行；主板10cm涨停
2026-03-11,601789,4,81.9,7.3,2.47,False,2.47,4板高度，连板梯队前排；近10日涨停3次，近期活跃；5日涨幅48%，主升节奏；主板10cm涨停
2026-03-11,600108,2,81.5,6.57,5.94,False,5.94,2板高度，首板晋级后延续；近10日涨停6次，资金反复攻击的强势股；5日涨幅24%，趋势向上；主板10cm涨停
2026-03-11,002445,3,78.6,3.71,9.97,True,9.97,3板高度，连板中位；近10日涨停2次，有一定活跃度；5日涨幅33%，主升节奏；主板10cm涨停
2026-03-11,000899,1,73.4,16.15,-5.33,False,-5.33,首板，连板起点；近10日涨停3次，近期活跃；5日涨幅15%，温和上行；主板10cm涨停
2026-03-11,600753,3,71.5,11.93,3.1,False,3.1,3板高度，连板中位；近10日涨停5次，资金反复攻击的强势股；5日涨幅18%，趋势向上；主板10cm涨停
2026-03-12,002445,4,82.2,4.08,10.05,True,10.05,4板高度，连板梯队前排；近10日涨停3次，近期活跃；5日涨幅47%，主升节奏；主板10cm涨停
2026-03-12,600722,2,80.0,15.4,10.0,True,10.0,2板高度，首板晋级后延续；近10日涨停4次，近期活跃；5日涨幅25%，趋势向上；主板10cm涨停
2026-03-12,000537,3,79.2,12.51,-0.96,False,-0.96,3板高度，连板中位；近10日涨停2次，有一定活跃度；5日涨幅38%，主升节奏；主板10cm涨停
2026-03-12,600821,1,78.3,10.87,-6.62,False,-6.62,首板，连板起点；近10日涨停4次，近期活跃；5日涨幅39%，主升节奏；主板10cm涨停
2026-03-12,600726,3,75.6,3.88,10.05,True,10.05,3板高度，连板中位；近10日涨停2次，有一定活跃度；5日涨幅41%，主升节奏；主板10cm涨停
2026-03-13,002445,5,91.5,4.49,-10.02,False,-10.02,5板高度，题材龙头候选；近10日涨停4次，近期活跃；5日涨幅62%，主升节奏；主板10cm涨停
2026-03-13,600726,4,86.5,4.27,3.04,False,3.04,4板高度，连板梯队前排；近10日涨停3次，近期活跃；5日涨幅51%，主升节奏；主板10cm涨停
2026-03-13,600722,3,85.0,16.94,8.62,False,8.62,3板高度，连板中位；近10日涨停5次，资金反复攻击的强势股；5日涨幅25%，趋势向上；主板10cm涨停
2026-03-13,000908,6,80.5,5.05,4.95,True,4.95,6板高位龙头，身位优势极大；近10日涨停6次，资金反复攻击的强势股；5日涨幅10%，温和上行；主板10cm涨停
2026-03-13,000890,2,77.8,11.09,10.01,True,10.01,2板高度，首板晋级后延续；近10日涨停3次，近期活跃；5日涨幅23%，趋势向上；主板10cm涨停
2026-03-16,000890,3,84.4,12.2,10.0,True,10.0,3板高度，连板中位；近10日涨停4次，近期活跃；5日涨幅37%，主升节奏；主板10cm涨停
2026-03-16,600227,2,80.8,4.81,9.98,True,9.98,2板高度，首板晋级后延续；近10日涨停4次，近期活跃；5日涨幅33%，主升节奏；主板10cm涨停
2026-03-16,000908,8,80.5,5.3,5.09,True,5.09,8板高位龙头，身位优势极大；近10日涨停7次，资金反复攻击的强势股；5日涨幅10%，温和上行；主板10cm涨停
2026-03-16,000908,7,80.5,5.3,5.09,True,5.09,7板高位龙头，身位优势极大；近10日涨停6次，资金反复攻击的强势股；5日涨幅16%，趋势向上；主板10cm涨停
2026-03-16,000669,5,77.0,5.1,5.1,True,5.1,5板高度，题材龙头候选；近10日涨停4次，近期活跃；5日涨幅27%，趋势向上；主板10cm涨停
2026-03-17,000890,4,89.0,13.42,1.34,False,1.34,4板高度，连板梯队前排；近10日涨停4次，近期活跃；5日涨幅54%，主升节奏；主板10cm涨停
2026-03-17,600370,4,85.5,3.3,10.0,True,10.0,4板高度，连板梯队前排；近10日涨停3次，近期活跃；5日涨幅47%，主升节奏；主板10cm涨停
2026-03-17,000669,6,82.0,5.36,-5.04,False,-5.04,6板高位龙头，身位优势极大；近10日涨停5次，资金反复攻击的强势股；5日涨幅28%，趋势向上；主板10cm涨停
2026-03-17,600227,3,81.3,5.29,-5.48,False,-5.48,3板高度，连板中位；近10日涨停4次，近期活跃；5日涨幅38%，主升节奏；主板10cm涨停
2026-03-17,000020,4,80.7,17.53,9.98,True,9.98,4板高度，连板梯队前排；近10日涨停3次，近期活跃；5日涨幅21%，趋势向上；主板10cm涨停
2026-03-18,600370,5,93.0,3.63,-9.37,False,-9.37,5板高度，题材龙头候选；近10日涨停4次，近期活跃；5日涨幅61%，主升节奏；主板10cm涨停
2026-03-18,000020,6,91.8,19.28,10.01,True,10.01,6板高位龙头，身位优势极大；近10日涨停5次，资金反复攻击的强势股；5日涨幅21%，趋势向上；主板10cm涨停
2026-03-18,000020,5,88.3,19.28,10.01,True,10.01,5板高度，题材龙头候选；近10日涨停4次，近期活跃；5日涨幅33%，主升节奏；主板10cm涨停
2026-03-18,600396,3,83.5,5.17,10.06,True,10.06,3板高度，连板中位；近10日涨停3次，近期活跃；5日涨幅33%，主升节奏；主板10cm涨停
2026-03-18,000908,12,81.5,5.85,4.96,True,4.96,12板高位龙头，身位优势极大；近10日涨停10次，资金反复攻击的强势股；5日涨幅10%，温和上行；主板10cm涨停
2026-03-19,000020,7,93.4,21.21,10.0,True,10.0,7板高位龙头，身位优势极大；近10日涨停6次，资金反复攻击的强势股；5日涨幅33%，主升节奏；主板10cm涨停
2026-03-19,000020,8,91.9,21.21,10.0,True,10.0,8板高位龙头，身位优势极大；近10日涨停7次，资金反复攻击的强势股；5日涨幅21%，趋势向上；主板10cm涨停
2026-03-19,600396,4,84.9,5.69,10.02,True,10.02,4板高度，连板梯队前排；近10日涨停4次，近期活跃；5日涨幅37%，主升节奏；主板10cm涨停
2026-03-19,000908,13,78.5,6.14,5.05,True,5.05,13板高位龙头，身位优势极大；近10日涨停10次，资金反复攻击的强势股；5日涨幅16%，趋势向上；主板10cm涨停
2026-03-19,000908,14,78.5,6.14,5.05,True,5.05,14板高位龙头，身位优势极大；近10日涨停10次，资金反复攻击的强势股；5日涨幅10%，温和上行；主板10cm涨停
2026-03-20,600396,5,91.8,6.26,10.06,True,10.06,5板高度，题材龙头候选；近10日涨停5次，资金反复攻击的强势股；5日涨幅61%，主升节奏；主板10cm涨停
2026-03-20,000020,9,90.5,23.33,-9.99,False,-9.99,9板高位龙头，身位优势极大；近10日涨停8次，资金反复攻击的强势股；5日涨幅33%，主升节奏；主板10cm涨停
2026-03-20,000020,10,89.0,23.33,-9.99,False,-9.99,10板高位龙头，身位优势极大；近10日涨停9次，资金反复攻击的强势股；5日涨幅21%，趋势向上；主板10cm涨停
2026-03-20,000601,3,81.0,8.14,-9.95,False,-9.95,3板高度，连板中位；近10日涨停4次，近期活跃；5日涨幅26%，趋势向上；主板10cm涨停
2026-03-20,000908,15,78.5,6.45,4.96,True,4.96,15板高位龙头，身位优势极大；近10日涨停10次，资金反复攻击的强势股；5日涨幅16%，趋势向上；主板10cm涨停
2026-03-23,600396,6,94.4,6.89,10.01,True,10.01,6板高位龙头，身位优势极大；近10日涨停5次，资金反复攻击的强势股；5日涨幅61%，主升节奏；主板10cm涨停
2026-03-23,603687,4,83.4,14.73,0.14,False,0.14,4板高度，连板梯队前排；近10日涨停3次，近期活跃；5日涨幅48%，主升节奏；主板10cm涨停
2026-03-23,000908,17,78.5,6.77,4.14,False,4.14,17板高位龙头，身位优势极大；近10日涨停10次，资金反复攻击的强势股；5日涨幅16%，趋势向上；主板10cm涨停
2026-03-23,000908,18,78.5,6.77,4.14,False,4.14,18板高位龙头，身位优势极大；近10日涨停10次，资金反复攻击的强势股；5日涨幅10%，温和上行；主板10cm涨停
2026-03-23,002310,3,78.4,3.83,-1.04,False,-1.04,3板高度，连板中位；近10日涨停3次，近期活跃；5日涨幅28%，趋势向上；主板10cm涨停
2026-03-24,600396,7,98.9,7.58,10.03,True,10.03,7板高位龙头，身位优势极大；近10日涨停6次，资金反复攻击的强势股；5日涨幅61%，主升节奏；主板10cm涨停
2026-03-24,002309,3,81.3,4.61,9.98,True,9.98,3板高度，连板中位；近10日涨停2次，有一定活跃度；5日涨幅32%，主升节奏；主板10cm涨停
2026-03-24,603843,4,78.0,8.95,-1.23,False,-1.23,4板高度，连板梯队前排；近10日涨停8次，资金反复攻击的强势股；5日涨幅21%，趋势向上；主板10cm涨停
2026-03-24,002445,1,76.2,4.08,4.66,False,4.66,首板，连板起点；近10日涨停5次，资金反复攻击的强势股；5日涨幅10%，温和上行；主板10cm涨停
2026-03-24,603929,1,75.5,191.18,4.6,False,4.6,首板，连板起点；近10日涨停3次，近期活跃；5日涨幅12%，温和上行；主板10cm涨停
2026-03-25,600396,8,98.7,8.34,6.47,False,6.47,8板高位龙头，身位优势极大；近10日涨停7次，资金反复攻击的强势股；5日涨幅61%，主升节奏；主板10cm涨停
2026-03-25,002309,4,84.3,5.07,-6.51,False,-6.51,4板高度，连板梯队前排；近10日涨停3次，近期活跃；5日涨幅44%，主升节奏；主板10cm涨停
2026-03-25,000601,2,83.0,8.87,-9.02,False,-9.02,2板高度，首板晋级后延续；近10日涨停4次，近期活跃；5日涨幅32%，主升节奏；主板10cm涨停
2026-03-25,600726,1,82.3,6.15,10.08,True,10.08,首板，连板起点；近10日涨停5次，资金反复攻击的强势股；5日涨幅35%，主升节奏；主板10cm涨停
2026-03-25,600758,3,81.5,5.72,7.34,False,7.34,3板高度，连板中位；近10日涨停2次，有一定活跃度；5日涨幅35%，主升节奏；主板10cm涨停
2026-03-26,603538,3,84.4,35.62,9.99,True,9.99,3板高度，连板中位；近10日涨停4次，近期活跃；5日涨幅41%，主升节奏；主板10cm涨停
2026-03-26,600726,2,82.7,6.77,-1.33,False,-1.33,2板高度，首板晋级后延续；近10日涨停5次，资金反复攻击的强势股；5日涨幅35%，主升节奏；主板10cm涨停
2026-03-26,002192,3,79.4,70.91,10.0,True,10.0,3板高度，连板中位；近10日涨停2次，有一定活跃度；5日涨幅36%，主升节奏；主板10cm涨停
2026-03-26,603687,1,78.5,16.5,-5.27,False,-5.27,首板，连板起点；近10日涨停4次，近期活跃；5日涨幅36%，主升节奏；主板10cm涨停
2026-03-26,000720,3,76.9,5.01,9.98,True,9.98,3板高度，连板中位；近10日涨停2次，有一定活跃度；5日涨幅27%，趋势向上；主板10cm涨停
2026-03-27,603538,4,88.4,39.18,10.01,True,10.01,4板高度，连板梯队前排；近10日涨停5次，资金反复攻击的强势股；5日涨幅41%，主升节奏；主板10cm涨停
2026-03-27,002192,4,84.5,78.0,5.1,False,5.1,4板高度，连板梯队前排；近10日涨停3次，近期活跃；5日涨幅47%，主升节奏；主板10cm涨停
2026-03-27,000720,4,84.3,5.51,-9.98,False,-9.98,4板高度，连板梯队前排；近10日涨停3次，近期活跃；5日涨幅40%，主升节奏；主板10cm涨停
2026-03-27,002620,5,81.0,8.69,4.95,True,4.95,5板高度，题材龙头候选；近10日涨停5次，资金反复攻击的强势股；5日涨幅28%，趋势向上；主板10cm涨停
2026-03-27,605299,1,79.0,19.25,0.73,False,0.73,首板，连板起点；近10日涨停4次，近期活跃；5日涨幅26%，趋势向上；主板10cm涨停
2026-03-30,603538,5,94.9,43.1,-5.1,False,-5.1,5板高度，题材龙头候选；近10日涨停5次，资金反复攻击的强势股；5日涨幅61%，主升节奏；主板10cm涨停
2026-03-30,002620,6,83.0,9.12,1.97,False,1.97,6板高位龙头，身位优势极大；近10日涨停5次，资金反复攻击的强势股；5日涨幅28%，趋势向上；主板10cm涨停
2026-03-30,000908,6,81.5,8.16,-5.02,False,-5.02,6板高位龙头，身位优势极大；近10日涨停6次，资金反复攻击的强势股；5日涨幅10%，温和上行；主板10cm涨停
2026-03-30,603618,2,80.4,26.71,6.66,False,6.66,2板高度，首板晋级后延续；近10日涨停3次，近期活跃；5日涨幅31%，主升节奏；主板10cm涨停
2026-03-30,603272,3,80.4,35.55,-7.17,False,-7.17,3板高度，连板中位；近10日涨停3次，近期活跃；5日涨幅48%，主升节奏；主板10cm涨停
2026-03-31,002361,4,85.5,16.5,3.03,False,3.03,4板高度，连板梯队前排；近10日涨停3次，近期活跃；5日涨幅49%，主升节奏；主板10cm涨停
2026-03-31,000008,4,83.0,3.27,0.0,False,0.0,4板高度，连板梯队前排；近10日涨停3次，近期活跃；5日涨幅21%，趋势向上；主板10cm涨停
2026-03-31,600488,3,78.7,5.24,9.92,True,9.92,3板高度，连板中位；近10日涨停2次，有一定活跃度；5日涨幅35%，主升节奏；主板10cm涨停
2026-03-31,605299,1,78.4,21.33,1.27,False,1.27,首板，连板起点；近10日涨停4次，近期活跃；5日涨幅32%，主升节奏；主板10cm涨停
2026-03-31,002082,1,77.8,30.2,9.93,True,9.93,首板，连板起点；近10日涨停3次，近期活跃；5日涨幅53%，主升节奏；主板10cm涨停
2026-04-01,600488,4,83.7,5.76,10.07,True,10.07,4板高度，连板梯队前排；近10日涨停3次，近期活跃；5日涨幅45%，主升节奏；主板10cm涨停
2026-04-01,002082,2,81.3,33.2,4.04,False,4.04,2板高度，首板晋级后延续；近10日涨停4次，近期活跃；5日涨幅54%，主升节奏；主板10cm涨停
2026-04-01,600666,1,79.5,6.27,-1.59,False,-1.59,首板，连板起点；近10日涨停5次，资金反复攻击的强势股；5日涨幅19%，趋势向上；主板10cm涨停
2026-04-01,002432,1,79.0,80.94,0.26,False,0.26,首板，连板起点；近10日涨停4次，近期活跃；5日涨幅27%，趋势向上；主板10cm涨停
2026-04-01,603687,1,77.2,16.39,-1.34,False,-1.34,首板，连板起点；近10日涨停5次，资金反复攻击的强势股；5日涨幅9%，温和上行；主板10cm涨停
2026-04-02,600488,5,89.3,6.34,9.94,True,9.94,5板高度，题材龙头候选；近10日涨停4次，近期活跃；5日涨幅61%，主升节奏；主板10cm涨停
2026-04-02,300834,3,78.9,43.49,7.43,False,7.43,3板高度，连板中位；近10日涨停2次，有一定活跃度；5日涨幅90%，主升节奏；20cm大板涨停，弹性大
2026-04-02,002560,3,77.2,13.06,-3.37,False,-3.37,3板高度，连板中位；近10日涨停2次，有一定活跃度；5日涨幅37%，主升节奏；主板10cm涨停
2026-04-02,605162,3,75.8,14.05,-8.97,False,-8.97,3板高度，连板中位；近10日涨停2次，有一定活跃度；5日涨幅28%，趋势向上；主板10cm涨停
2026-04-02,002038,1,74.1,8.55,5.03,False,5.03,首板，连板起点；近10日涨停3次，近期活跃；5日涨幅42%，主升节奏；主板10cm涨停
2026-04-03,600488,6,91.4,6.97,10.04,True,10.04,6板高位龙头，身位优势极大；近10日涨停5次，资金反复攻击的强势股；5日涨幅61%，主升节奏；主板10cm涨停
2026-04-03,000950,4,81.8,7.14,0.0,False,0.0,4板高度，连板梯队前排；近10日涨停3次，近期活跃；5日涨幅21%，趋势向上；主板10cm涨停
2026-04-03,000720,2,76.2,5.94,9.93,True,9.93,2板高度，首板晋级后延续；近10日涨停6次，资金反复攻击的强势股；5日涨幅8%，温和上行；主板10cm涨停
2026-04-03,000950,3,75.8,7.14,0.0,False,0.0,3板高度，连板中位；近10日涨停2次，有一定活跃度；5日涨幅25%，趋势向上；主板10cm涨停
2026-04-03,002222,1,68.5,75.46,5.37,False,5.37,首板，连板起点；近10日涨停2次，有一定活跃度；5日涨幅15%，趋势向上；主板10cm涨停
2026-04-07,600488,7,98.6,7.67,-4.04,False,-4.04,7板高位龙头，身位优势极大；近10日涨停6次，资金反复攻击的强势股；5日涨幅61%，主升节奏；主板10cm涨停
2026-04-07,000720,3,84.8,6.53,2.6,False,2.6,3板高度，连板中位；近10日涨停7次，资金反复攻击的强势股；5日涨幅32%，主升节奏；主板10cm涨停
2026-04-07,000586,3,81.3,20.76,10.02,True,10.02,3板高度，连板中位；近10日涨停2次，有一定活跃度；5日涨幅32%，主升节奏；主板10cm涨停
2026-04-07,605162,1,78.4,14.07,10.02,True,10.02,首板，连板起点；近10日涨停3次，近期活跃；5日涨幅33%，主升节奏；主板10cm涨停
2026-04-07,605299,1,77.3,23.06,-6.07,False,-6.07,首板，连板起点；近10日涨停4次，近期活跃；5日涨幅19%，趋势向上；主板10cm涨停
2026-04-08,000586,4,88.3,22.84,9.98,True,9.98,4板高度，连板梯队前排；近10日涨停3次，近期活跃；5日涨幅48%，主升节奏；主板10cm涨停
2026-04-08,000919,4,87.0,8.91,-3.7,False,-3.7,4板高度，连板梯队前排；近10日涨停3次，近期活跃；5日涨幅21%，趋势向上；主板10cm涨停
2026-04-08,605162,2,84.3,15.48,-8.59,False,-8.59,2板高度，首板晋级后延续；近10日涨停4次，近期活跃；5日涨幅33%，主升节奏；主板10cm涨停
2026-04-08,600654,3,82.5,4.4,1.82,False,1.82,3板高度，连板中位；近10日涨停2次，有一定活跃度；5日涨幅31%，主升节奏；主板10cm涨停
2026-04-08,000919,3,81.0,8.91,-3.7,False,-3.7,3板高度，连板中位；近10日涨停2次，有一定活跃度；5日涨幅20%，趋势向上；主板10cm涨停
2026-04-09,000586,5,88.8,25.12,-9.99,False,-9.99,5板高度，题材龙头候选；近10日涨停4次，近期活跃；5日涨幅61%，主升节奏；主板10cm涨停
2026-04-09,600743,3,77.5,2.41,9.96,True,9.96,3板高度，连板中位；近10日涨停2次，有一定活跃度；5日涨幅27%，趋势向上；主板10cm涨停
2026-04-09,601133,1,73.3,24.68,0.89,False,0.89,首板，连板起点；近10日涨停3次，近期活跃；5日涨幅31%，主升节奏；主板10cm涨停
2026-04-09,000889,2,73.2,3.95,10.13,True,10.13,2板高度，首板晋级后延续；近10日涨停2次，有一定活跃度；5日涨幅16%，趋势向上；主板10cm涨停
2026-04-09,601869,1,72.0,398.31,-3.5,False,-3.5,首板，连板起点；近10日涨停2次，有一定活跃度；5日涨幅29%，趋势向上；主板10cm涨停
2026-04-10,600743,4,83.1,2.65,10.19,True,10.19,4板高度，连板梯队前排；近10日涨停3次，近期活跃；5日涨幅42%，主升节奏；主板10cm涨停
2026-04-10,603950,3,80.5,49.37,10.01,True,10.01,3板高度，连板中位；近10日涨停2次，有一定活跃度；5日涨幅33%，主升节奏；主板10cm涨停
2026-04-10,000889,3,79.2,4.35,-9.89,False,-9.89,3板高度，连板中位；近10日涨停2次，有一定活跃度；5日涨幅32%，主升节奏；主板10cm涨停
2026-04-10,002328,2,77.4,10.11,6.43,False,6.43,2板高度，首板晋级后延续；近10日涨停2次，有一定活跃度；5日涨幅37%，主升节奏；主板10cm涨停
2026-04-10,603777,3,77.3,16.97,-0.41,False,-0.41,3板高度，连板中位；近10日涨停2次，有一定活跃度；5日涨幅30%，主升节奏；主板10cm涨停
2026-04-13,600743,5,92.1,2.92,9.93,True,9.93,5板高度，题材龙头候选；近10日涨停4次，近期活跃；5日涨幅61%，主升节奏；主板10cm涨停
2026-04-13,603950,4,87.4,54.31,0.17,False,0.17,4板高度，连板梯队前排；近10日涨停3次，近期活跃；5日涨幅46%，主升节奏；主板10cm涨停
2026-04-13,002580,3,84.4,20.88,10.01,True,10.01,3板高度，连板中位；近10日涨停3次，近期活跃；5日涨幅36%，主升节奏；主板10cm涨停
2026-04-13,002528,5,81.0,5.09,-2.36,False,-2.36,5板高度，题材龙头候选；近10日涨停6次，资金反复攻击的强势股；5日涨幅28%，趋势向上；主板10cm涨停
2026-04-13,603813,5,79.0,27.73,5.01,True,5.01,5板高度，题材龙头候选；近10日涨停4次，近期活跃；5日涨幅28%，趋势向上；主板10cm涨停
2026-04-14,600743,6,94.3,3.21,-9.97,False,-9.97,6板高位龙头，身位优势极大；近10日涨停5次，资金反复攻击的强势股；5日涨幅61%，主升节奏；主板10cm涨停
2026-04-14,002580,4,88.4,22.97,10.01,True,10.01,4板高度，连板梯队前排；近10日涨停4次，近期活跃；5日涨幅43%，主升节奏；主板10cm涨停
2026-04-14,002364,4,84.9,42.49,2.14,False,2.14,4板高度，连板梯队前排；近10日涨停3次，近期活跃；5日涨幅54%，主升节奏；主板10cm涨停
2026-04-14,603813,6,83.0,29.12,-5.01,False,-5.01,6板高位龙头，身位优势极大；近10日涨停5次，资金反复攻击的强势股；5日涨幅28%，趋势向上；主板10cm涨停
2026-04-14,001299,3,80.2,18.54,-9.98,False,-9.98,3板高度，连板中位；近10日涨停2次，有一定活跃度；5日涨幅38%，主升节奏；主板10cm涨停
2026-04-15,002580,5,94.9,25.27,10.01,True,10.01,5板高度，题材龙头候选；近10日涨停5次，资金反复攻击的强势股；5日涨幅61%，主升节奏；主板10cm涨停
2026-04-15,002980,3,82.3,70.54,-5.77,False,-5.77,3板高度，连板中位；近10日涨停4次，近期活跃；5日涨幅33%，主升节奏；主板10cm涨停
2026-04-15,603950,1,79.5,59.84,3.02,False,3.02,首板，连板起点；近10日涨停4次，近期活跃；5日涨幅47%，主升节奏；主板10cm涨停
2026-04-15,000889,2,79.3,4.74,5.49,False,5.49,2板高度，首板晋级后延续；近10日涨停4次，近期活跃；5日涨幅32%，主升节奏；主板10cm涨停
2026-04-15,002297,3,78.9,14.62,9.99,True,9.99,3板高度，连板中位；近10日涨停2次，有一定活跃度；5日涨幅30%，趋势向上；主板10cm涨停
2026-04-16,002580,6,98.9,27.8,10.0,True,10.0,6板高位龙头，身位优势极大；近10日涨停5次，资金反复攻击的强势股；5日涨幅61%，主升节奏；主板10cm涨停
2026-04-16,002297,4,84.4,16.08,10.01,True,10.01,4板高度，连板梯队前排；近10日涨停3次，近期活跃；5日涨幅45%，主升节奏；主板10cm涨停
2026-04-16,002990,3,78.5,46.32,10.0,True,10.0,3板高度，连板中位；近10日涨停2次，有一定活跃度；5日涨幅39%，主升节奏；主板10cm涨停
2026-04-16,002213,1,75.4,38.34,-1.59,False,-1.59,首板，连板起点；近10日涨停3次，近期活跃；5日涨幅18%，趋势向上；主板10cm涨停
2026-04-16,002929,1,73.9,65.29,-6.05,False,-6.05,首板，连板起点；近10日涨停2次，有一定活跃度；5日涨幅22%，趋势向上；主板10cm涨停
2026-04-17,002580,7,98.0,30.58,7.91,False,7.91,7板高位龙头，身位优势极大；近10日涨停6次，资金反复攻击的强势股；5日涨幅61%，主升节奏；主板10cm涨停
2026-04-17,002297,5,92.9,17.69,10.01,True,10.01,5板高度，题材龙头候选；近10日涨停4次，近期活跃；5日涨幅61%，主升节奏；主板10cm涨停
2026-04-17,002990,4,83.5,50.95,-3.83,False,-3.83,4板高度，连板梯队前排；近10日涨停3次，近期活跃；5日涨幅50%，主升节奏；主板10cm涨停
2026-04-17,002980,1,81.5,73.12,6.67,False,6.67,首板，连板起点；近10日涨停5次，资金反复攻击的强势股；5日涨幅38%，主升节奏；主板10cm涨停
2026-04-17,600683,3,80.5,11.99,0.5,False,0.5,3板高度，连板中位；近10日涨停2次，有一定活跃度；5日涨幅33%，主升节奏；主板10cm涨停
2026-04-20,002297,6,98.9,19.46,-2.42,False,-2.42,6板高位龙头，身位优势极大；近10日涨停5次，资金反复攻击的强势股；5日涨幅61%，主升节奏；主板10cm涨停
2026-04-20,603773,2,83.5,58.19,0.55,False,0.55,2板高度，首板晋级后延续；近10日涨停4次，近期活跃；5日涨幅32%，主升节奏；主板10cm涨停
2026-04-20,600156,3,82.6,10.19,-3.93,False,-3.93,3板高度，连板中位；近10日涨停3次，近期活跃；5日涨幅30%，趋势向上；主板10cm涨停
2026-04-20,600961,3,81.5,24.3,10.0,True,10.0,3板高度，连板中位；近10日涨停2次，有一定活跃度；5日涨幅34%，主升节奏；主板10cm涨停
2026-04-20,603052,3,81.4,91.69,-1.52,False,-1.52,3板高度，连板中位；近10日涨停2次，有一定活跃度；5日涨幅31%，主升节奏；主板10cm涨停
2026-04-21,600961,4,85.5,26.73,9.17,False,9.17,4板高度，连板梯队前排；近10日涨停3次，近期活跃；5日涨幅45%，主升节奏；主板10cm涨停
2026-04-21,603178,3,79.3,21.08,0.38,False,0.38,3板高度，连板中位；近10日涨停2次，有一定活跃度；5日涨幅34%，主升节奏；主板10cm涨停
2026-04-21,002081,3,79.0,4.49,10.02,True,10.02,3板高度，连板中位；近10日涨停2次，有一定活跃度；5日涨幅34%，主升节奏；主板10cm涨停
2026-04-21,003018,3,77.9,47.45,10.01,True,10.01,3板高度，连板中位；近10日涨停3次，近期活跃；5日涨幅27%，趋势向上；主板10cm涨停
2026-04-21,002361,2,76.4,22.69,4.23,False,4.23,2板高度，首板晋级后延续；近10日涨停3次，近期活跃；5日涨幅35%，主升节奏；主板10cm涨停
2026-04-22,003018,4,88.4,52.2,4.92,False,4.92,4板高度，连板梯队前排；近10日涨停4次，近期活跃；5日涨幅47%，主升节奏；主板10cm涨停
2026-04-22,002081,4,86.3,4.94,9.92,True,9.92,4板高度，连板梯队前排；近10日涨停3次，近期活跃；5日涨幅47%，主升节奏；主板10cm涨停
2026-04-22,600683,1,77.1,13.15,1.14,False,1.14,首板，连板起点；近10日涨停3次，近期活跃；5日涨幅33%，主升节奏；主板10cm涨停
2026-04-22,603773,1,77.0,64.36,-6.0,False,-6.0,首板，连板起点；近10日涨停5次，资金反复攻击的强势股；5日涨幅30%，趋势向上；主板10cm涨停
2026-04-22,605365,2,75.8,30.42,5.19,False,5.19,2板高度，首板晋级后延续；近10日涨停2次，有一定活跃度；5日涨幅29%，趋势向上；主板10cm涨停
2026-04-23,002081,5,88.2,5.43,-9.94,False,-9.94,5板高度，题材龙头候选；近10日涨停4次，近期活跃；5日涨幅61%，主升节奏；主板10cm涨停
2026-04-23,600396,3,81.1,9.83,-6.41,False,-6.41,3板高度，连板中位；近10日涨停4次，近期活跃；5日涨幅35%，主升节奏；主板10cm涨停
2026-04-23,300067,3,80.7,7.27,-8.25,False,-8.25,3板高度，连板中位；近10日涨停2次，有一定活跃度；5日涨幅73%，主升节奏；20cm大板涨停，弹性大
2026-04-23,600736,3,76.4,8.37,1.55,False,1.55,3板高度，连板中位；近10日涨停2次，有一定活跃度；5日涨幅35%，主升节奏；主板10cm涨停
2026-04-23,600381,4,74.5,3.41,-4.4,False,-4.4,4板高度，连板梯队前排；近10日涨停6次，资金反复攻击的强势股；5日涨幅16%，趋势向上；主板10cm涨停
2026-04-24,000925,4,84.5,9.2,10.0,True,10.0,4板高度，连板梯队前排；近10日涨停3次，近期活跃；5日涨幅21%，趋势向上；主板10cm涨停
2026-04-24,603318,3,83.0,11.39,10.01,True,10.01,3板高度，连板中位；近10日涨停3次，近期活跃；5日涨幅48%，主升节奏；主板10cm涨停
2026-04-24,000925,3,78.5,9.2,10.0,True,10.0,3板高度，连板中位；近10日涨停2次，有一定活跃度；5日涨幅24%，趋势向上；主板10cm涨停
2026-04-24,001234,3,75.9,35.77,-10.01,False,-10.01,3板高度，连板中位；近10日涨停2次，有一定活跃度；5日涨幅29%，趋势向上；主板10cm涨停
2026-04-24,002787,2,75.8,21.38,-10.01,False,-10.01,2板高度，首板晋级后延续；近10日涨停3次，近期活跃；5日涨幅26%，趋势向上；主板10cm涨停
2026-04-27,000925,6,96.0,10.12,-3.56,False,-3.56,6板高位龙头，身位优势极大；近10日涨停5次，资金反复攻击的强势股；5日涨幅21%，趋势向上；主板10cm涨停
2026-04-27,000925,5,92.5,10.12,-3.56,False,-3.56,5板高度，题材龙头候选；近10日涨停4次，近期活跃；5日涨幅33%，主升节奏；主板10cm涨停
2026-04-27,603318,4,89.4,12.53,9.98,True,9.98,4板高度，连板梯队前排；近10日涨停4次，近期活跃；5日涨幅48%，主升节奏；主板10cm涨停
2026-04-27,000062,4,86.9,37.77,-4.16,False,-4.16,4板高度，连板梯队前排；近10日涨停5次，资金反复攻击的强势股；5日涨幅21%，趋势向上；主板10cm涨停
2026-04-27,600396,1,82.5,10.12,6.72,False,6.72,首板，连板起点；近10日涨停5次，资金反复攻击的强势股；5日涨幅37%，主升节奏；主板10cm涨停
2026-04-28,603318,5,91.8,13.78,5.59,False,5.59,5板高度，题材龙头候选；近10日涨停5次，资金反复攻击的强势股；5日涨幅61%，主升节奏；主板10cm涨停
2026-04-28,600726,4,87.7,7.02,1.14,False,1.14,4板高度，连板梯队前排；近10日涨停3次，近期活跃；5日涨幅51%，主升节奏；主板10cm涨停
2026-04-28,600152,3,83.7,15.69,-7.58,False,-7.58,3板高度，连板中位；近10日涨停4次，近期活跃；5日涨幅21%，趋势向上；主板10cm涨停
2026-04-28,000593,2,77.4,25.44,4.99,False,4.99,2板高度，首板晋级后延续；近10日涨停3次，近期活跃；5日涨幅36%，主升节奏；主板10cm涨停
2026-04-28,000609,4,77.0,13.08,4.97,True,4.97,4板高度，连板梯队前排；近10日涨停6次，资金反复攻击的强势股；5日涨幅22%，趋势向上；主板10cm涨停
2026-04-29,000609,5,82.0,13.73,5.03,True,5.03,5板高度，题材龙头候选；近10日涨停7次，资金反复攻击的强势股；5日涨幅28%，趋势向上；主板10cm涨停
2026-04-29,600156,2,81.0,11.17,-3.31,False,-3.31,2板高度，首板晋级后延续；近10日涨停4次，近期活跃；5日涨幅10%，温和上行；主板10cm涨停
2026-04-29,603629,2,81.0,131.29,9.99,True,9.99,2板高度，首板晋级后延续；近10日涨停3次，近期活跃；5日涨幅21%，趋势向上；主板10cm涨停
2026-04-29,603095,3,80.8,23.06,10.02,True,10.02,3板高度，连板中位；近10日涨停2次，有一定活跃度；5日涨幅26%，趋势向上；主板10cm涨停
2026-04-29,002081,2,80.6,5.36,10.07,True,10.07,2板高度，首板晋级后延续；近10日涨停6次，资金反复攻击的强势股；5日涨幅9%，温和上行；主板10cm涨停
2026-04-30,603095,4,87.3,25.37,-4.69,False,-4.69,4板高度，连板梯队前排；近10日涨停3次，近期活跃；5日涨幅45%，主升节奏；主板10cm涨停
2026-04-30,000609,6,84.0,14.42,4.99,True,4.99,6板高位龙头，身位优势极大；近10日涨停8次，资金反复攻击的强势股；5日涨幅28%，趋势向上；主板10cm涨停
2026-04-30,002081,3,82.5,5.9,10.0,True,10.0,3板高度，连板中位；近10日涨停7次，资金反复攻击的强势股；5日涨幅9%，温和上行；主板10cm涨停
2026-04-30,600379,3,81.2,16.78,10.01,True,10.01,3板高度，连板中位；近10日涨停2次，有一定活跃度；5日涨幅37%，主升节奏；主板10cm涨停
2026-04-30,603629,3,79.9,144.41,10.0,True,10.0,3板高度，连板中位；近10日涨停3次，近期活跃；5日涨幅24%，趋势向上；主板10cm涨停
2026-05-06,002081,4,92.5,6.49,10.02,True,10.02,4板高度，连板梯队前排；近10日涨停8次，资金反复攻击的强势股；5日涨幅33%，主升节奏；主板10cm涨停
2026-05-06,600379,4,88.4,18.46,-3.3,False,-3.3,4板高度，连板梯队前排；近10日涨停3次，近期活跃；5日涨幅43%，主升节奏；主板10cm涨停
2026-05-06,603399,4,88.4,21.33,5.86,False,5.86,4板高度，连板梯队前排；近10日涨停3次，近期活跃；5日涨幅49%，主升节奏；主板10cm涨停
2026-05-06,603629,4,87.5,158.85,-0.36,False,-0.36,4板高度，连板梯队前排；近10日涨停4次，近期活跃；5日涨幅45%，主升节奏；主板10cm涨停
2026-05-06,000609,7,85.0,15.14,5.02,True,5.02,7板高位龙头，身位优势极大；近10日涨停8次，资金反复攻击的强势股；5日涨幅28%，趋势向上；主板10cm涨停
2026-05-07,000066,6,97.0,23.98,-3.71,False,-3.71,6板高位龙头，身位优势极大；近10日涨停5次，资金反复攻击的强势股；5日涨幅21%，趋势向上；主板10cm涨停
2026-05-07,002081,5,96.8,7.14,-4.76,False,-4.76,5板高度，题材龙头候选；近10日涨停8次，资金反复攻击的强势股；5日涨幅61%，主升节奏；主板10cm涨停
2026-05-07,000066,5,93.5,23.98,-3.71,False,-3.71,5板高度，题材龙头候选；近10日涨停4次，近期活跃；5日涨幅33%，主升节奏；主板10cm涨停
2026-05-07,002289,6,85.0,40.31,5.01,True,5.01,6板高位龙头，身位优势极大；近10日涨停8次，资金反复攻击的强势股；5日涨幅28%，趋势向上；主板10cm涨停
2026-05-07,000609,8,85.0,15.9,2.64,False,2.64,8板高位龙头，身位优势极大；近10日涨停9次，资金反复攻击的强势股；5日涨幅28%，趋势向上；主板10cm涨停
2026-05-08,603045,4,90.0,62.14,9.99,True,9.99,4板高度，连板梯队前排；近10日涨停3次，近期活跃；5日涨幅55%，主升节奏；主板10cm涨停
2026-05-08,603618,3,86.0,37.62,-0.85,False,-0.85,3板高度，连板中位；近10日涨停4次，近期活跃；5日涨幅29%，趋势向上；主板10cm涨停
2026-05-08,600381,6,85.0,4.16,5.05,True,5.05,6板高位龙头，身位优势极大；近10日涨停8次，资金反复攻击的强势股；5日涨幅28%，趋势向上；主板10cm涨停
2026-05-08,002289,7,85.0,42.33,5.01,True,5.01,7板高位龙头，身位优势极大；近10日涨停8次，资金反复攻击的强势股；5日涨幅28%，趋势向上；主板10cm涨停
2026-05-08,600130,3,82.3,6.15,5.37,False,5.37,3板高度，连板中位；近10日涨停2次，有一定活跃度；5日涨幅34%，主升节奏；主板10cm涨停
2026-05-11,603045,5,91.9,68.35,7.7,False,7.7,5板高度，题材龙头候选；近10日涨停4次，近期活跃；5日涨幅61%，主升节奏；主板10cm涨停
2026-05-11,605006,3,87.3,16.36,3.85,False,3.85,3板高度，连板中位；近10日涨停4次，近期活跃；5日涨幅35%，主升节奏；主板10cm涨停
2026-05-11,002289,8,85.0,44.45,4.99,True,4.99,8板高位龙头，身位优势极大；近10日涨停8次，资金反复攻击的强势股；5日涨幅28%，趋势向上；主板10cm涨停
2026-05-11,600381,7,85.0,4.37,5.03,True,5.03,7板高位龙头，身位优势极大；近10日涨停8次，资金反复攻击的强势股；5日涨幅28%，趋势向上；主板10cm涨停
2026-05-11,600730,6,85.0,10.9,5.05,True,5.05,6板高位龙头，身位优势极大；近10日涨停5次，资金反复攻击的强势股；5日涨幅28%，趋势向上；主板10cm涨停
2026-05-12,601991,5,93.8,6.7,10.0,True,10.0,5板高度，题材龙头候选；近10日涨停4次，近期活跃；5日涨幅61%，主升节奏；主板10cm涨停
2026-05-12,600396,2,86.9,15.05,10.03,True,10.03,2板高度，首板晋级后延续；近10日涨停5次，资金反复攻击的强势股；5日涨幅52%，主升节奏；主板10cm涨停
2026-05-12,002552,4,85.9,33.46,4.03,False,4.03,4板高度，连板梯队前排；近10日涨停3次，近期活跃；5日涨幅52%，主升节奏；主板10cm涨停
2026-05-12,002491,4,85.9,25.0,7.8,False,7.8,4板高度，连板梯队前排；近10日涨停3次，近期活跃；5日涨幅58%，主升节奏；主板10cm涨停
2026-05-12,000029,4,85.9,26.49,0.79,False,0.79,4板高度，连板梯队前排；近10日涨停3次，近期活跃；5日涨幅21%，趋势向上；主板10cm涨停
2026-05-13,601991,6,100.0,7.37,-2.31,False,-2.31,6板高位龙头，身位优势极大；近10日涨停5次，资金反复攻击的强势股；5日涨幅61%，主升节奏；主板10cm涨停
2026-05-13,600396,3,90.7,16.56,0.48,False,0.48,3板高度，连板中位；近10日涨停5次，资金反复攻击的强势股；5日涨幅52%，主升节奏；主板10cm涨停
2026-05-13,002918,4,88.5,15.4,10.0,True,10.0,4板高度，连板梯队前排；近10日涨停3次，近期活跃；5日涨幅45%，主升节奏；主板10cm涨停
2026-05-13,000925,4,86.6,11.84,-9.97,False,-9.97,4板高度，连板梯队前排；近10日涨停3次，近期活跃；5日涨幅21%，趋势向上；主板10cm涨停
2026-05-13,600530,4,85.4,7.93,-0.38,False,-0.38,4板高度，连板梯队前排；近10日涨停3次，近期活跃；5日涨幅47%，主升节奏；主板10cm涨停
2026-05-14,002918,5,93.0,16.94,9.98,True,9.98,5板高度，题材龙头候选；近10日涨停4次，近期活跃；5日涨幅61%，主升节奏；主板10cm涨停
2026-05-14,001259,4,88.0,55.0,10.0,True,10.0,4板高度，连板梯队前排；近10日涨停3次，近期活跃；5日涨幅51%，主升节奏；主板10cm涨停
2026-05-14,600381,10,83.0,5.06,4.94,True,4.94,10板高位龙头，身位优势极大；近10日涨停9次，资金反复攻击的强势股；5日涨幅28%，趋势向上；主板10cm涨停
2026-05-14,002207,8,83.0,9.67,4.96,True,4.96,8板高位龙头，身位优势极大；近10日涨停7次，资金反复攻击的强势股；5日涨幅28%，趋势向上；主板10cm涨停
2026-05-14,002208,3,80.5,19.8,4.85,False,4.85,3板高度，连板中位；近10日涨停2次，有一定活跃度；5日涨幅35%，主升节奏；主板10cm涨停
2026-05-15,002918,6,94.8,18.63,-9.98,False,-9.98,6板高位龙头，身位优势极大；近10日涨停5次，资金反复攻击的强势股；5日涨幅61%，主升节奏；主板10cm涨停
2026-05-15,001259,5,93.0,60.5,10.0,True,10.0,5板高度，题材龙头候选；近10日涨停4次，近期活跃；5日涨幅61%，主升节奏；主板10cm涨停
2026-05-15,002207,9,83.0,10.15,-5.02,False,-5.02,9板高位龙头，身位优势极大；近10日涨停8次，资金反复攻击的强势股；5日涨幅28%，趋势向上；主板10cm涨停
2026-05-15,600381,11,83.0,5.31,1.32,False,1.32,11板高位龙头，身位优势极大；近10日涨停10次，资金反复攻击的强势股；5日涨幅28%，趋势向上；主板10cm涨停
2026-05-15,601991,1,81.5,7.92,0.13,False,0.13,首板，连板起点；近10日涨停6次，资金反复攻击的强势股；5日涨幅43%，主升节奏；主板10cm涨停
2026-05-18,001259,6,99.0,66.55,10.01,True,10.01,6板高位龙头，身位优势极大；近10日涨停5次，资金反复攻击的强势股；5日涨幅61%，主升节奏；主板10cm涨停
2026-05-18,600578,4,84.4,7.71,7.26,False,7.26,4板高度，连板梯队前排；近10日涨停3次，近期活跃；5日涨幅49%，主升节奏；主板10cm涨停
2026-05-18,603779,4,84.3,10.91,9.99,True,9.99,4板高度，连板梯队前排；近10日涨停3次，近期活跃；5日涨幅46%，主升节奏；主板10cm涨停
2026-05-18,002514,6,84.0,3.92,5.1,True,5.1,6板高位龙头，身位优势极大；近10日涨停5次，资金反复攻击的强势股；5日涨幅28%，趋势向上；主板10cm涨停
2026-05-18,603082,3,81.5,46.53,9.99,True,9.99,3板高度，连板中位；近10日涨停2次，有一定活跃度；5日涨幅30%，主升节奏；主板10cm涨停
2026-05-19,001259,7,99.9,73.21,10.0,True,10.0,7板高位龙头，身位优势极大；近10日涨停6次，资金反复攻击的强势股；5日涨幅61%，主升节奏；主板10cm涨停
2026-05-19,603779,5,91.9,12.0,10.0,True,10.0,5板高度，题材龙头候选；近10日涨停4次，近期活跃；5日涨幅61%，主升节奏；主板10cm涨停
2026-05-19,603082,4,85.4,51.18,-10.0,False,-10.0,4板高度，连板梯队前排；近10日涨停3次，近期活跃；5日涨幅46%，主升节奏；主板10cm涨停
2026-05-19,002514,7,85.0,4.12,5.1,True,5.1,7板高位龙头，身位优势极大；近10日涨停6次，资金反复攻击的强势股；5日涨幅28%，趋势向上；主板10cm涨停
2026-05-19,002208,2,82.8,25.12,3.03,False,3.03,2板高度，首板晋级后延续；近10日涨停4次，近期活跃；5日涨幅54%，主升节奏；主板10cm涨停
2026-05-20,603779,6,98.0,13.2,10.0,True,10.0,6板高位龙头，身位优势极大；近10日涨停5次，资金反复攻击的强势股；5日涨幅61%，主升节奏；主板10cm涨停
2026-05-20,001259,8,95.0,80.53,9.28,False,9.28,8板高位龙头，身位优势极大；近10日涨停7次，资金反复攻击的强势股；5日涨幅61%，主升节奏；主板10cm涨停
2026-05-20,002421,4,86.0,4.27,-7.26,False,-7.26,4板高度，连板梯队前排；近10日涨停3次，近期活跃；5日涨幅41%，主升节奏；主板10cm涨停
2026-05-20,603938,3,83.9,53.76,-5.92,False,-5.92,3板高度，连板中位；近10日涨停4次，近期活跃；5日涨幅27%，趋势向上；主板10cm涨停
2026-05-20,002514,8,83.0,4.33,3.93,False,3.93,8板高位龙头，身位优势极大；近10日涨停7次，资金反复攻击的强势股；5日涨幅28%，趋势向上；主板10cm涨停
2026-05-21,603779,7,95.0,14.52,-9.99,False,-9.99,7板高位龙头，身位优势极大；近10日涨停6次，资金反复攻击的强势股；5日涨幅61%，主升节奏；主板10cm涨停
2026-05-21,603316,4,85.4,27.25,-1.28,False,-1.28,4板高度，连板梯队前排；近10日涨停4次，近期活跃；5日涨幅47%，主升节奏；主板10cm涨停
2026-05-21,003004,2,76.9,49.64,0.32,False,0.32,2板高度，首板晋级后延续；近10日涨停5次，资金反复攻击的强势股；5日涨幅24%，趋势向上；主板10cm涨停
2026-05-21,600578,1,71.5,8.18,0.49,False,0.49,首板，连板起点；近10日涨停4次，近期活跃；5日涨幅28%，趋势向上；主板10cm涨停
2026-05-21,000518,2,69.7,3.75,10.13,True,10.13,2板高度，首板晋级后延续；近10日涨停2次，有一定活跃度；5日涨幅22%，趋势向上；主板10cm涨停
2026-05-22,000012,4,87.0,4.4,4.55,False,4.55,4板高度，连板梯队前排；近10日涨停3次，近期活跃；5日涨幅21%，趋势向上；主板10cm涨停
2026-05-22,300069,3,84.0,52.87,0.28,False,0.28,3板高度，连板中位；近10日涨停2次，有一定活跃度；5日涨幅73%，主升节奏；20cm大板涨停，弹性大
2026-05-22,000518,3,82.7,4.13,9.93,True,9.93,3板高度，连板中位；近10日涨停3次，近期活跃；5日涨幅28%，趋势向上；主板10cm涨停
2026-05-22,002442,3,82.1,8.11,-3.21,False,-3.21,3板高度，连板中位；近10日涨停2次，有一定活跃度；5日涨幅33%，主升节奏；主板10cm涨停
2026-05-22,002552,1,82.0,39.82,9.99,True,9.99,首板，连板起点；近10日涨停5次，资金反复攻击的强势股；5日涨幅24%，趋势向上；主板10cm涨停
2026-05-25,000518,4,86.8,4.54,-9.91,False,-9.91,4板高度，连板梯队前排；近10日涨停4次，近期活跃；5日涨幅46%，主升节奏；主板10cm涨停
2026-05-25,002421,2,85.6,4.8,-3.12,False,-3.12,2板高度，首板晋级后延续；近10日涨停5次，资金反复攻击的强势股；5日涨幅36%，主升节奏；主板10cm涨停
2026-05-25,002552,2,82.0,43.8,10.0,True,10.0,2板高度，首板晋级后延续；近10日涨停5次，资金反复攻击的强势股；5日涨幅24%，趋势向上；主板10cm涨停
2026-05-25,002980,2,81.0,128.02,-9.78,False,-9.78,2板高度，首板晋级后延续；近10日涨停3次，近期活跃；5日涨幅21%，趋势向上；主板10cm涨停
2026-05-25,603936,2,79.5,24.85,5.59,False,5.59,2板高度，首板晋级后延续；近10日涨停3次，近期活跃；5日涨幅19%，趋势向上；主板10cm涨停
2026-05-26,002552,3,85.0,48.18,4.88,False,4.88,3板高度，连板中位；近10日涨停5次，资金反复攻击的强势股；5日涨幅24%，趋势向上；主板10cm涨停
2026-05-26,600172,3,82.9,13.3,-0.23,False,-0.23,3板高度，连板中位；近10日涨停4次，近期活跃；5日涨幅23%，趋势向上；主板10cm涨停
2026-05-26,002585,3,77.8,10.87,-1.1,False,-1.1,3板高度，连板中位；近10日涨停2次，有一定活跃度；5日涨幅21%，趋势向上；主板10cm涨停
2026-05-26,003036,2,76.5,61.58,5.34,False,5.34,2板高度，首板晋级后延续；近10日涨停2次，有一定活跃度；5日涨幅47%，主升节奏；主板10cm涨停
2026-05-26,003004,1,76.4,54.74,0.31,False,0.31,首板，连板起点；近10日涨停3次，近期活跃；5日涨幅33%，主升节奏；主板10cm涨停
2026-05-27,600726,3,79.4,8.37,10.04,True,10.04,3板高度，连板中位；近10日涨停3次，近期活跃；5日涨幅30%，主升节奏；主板10cm涨停
2026-05-27,603663,1,76.5,64.13,-0.67,False,-0.67,首板，连板起点；近10日涨停3次，近期活跃；5日涨幅40%，主升节奏；主板10cm涨停
2026-05-27,603989,1,76.3,34.93,9.99,True,9.99,首板，连板起点；近10日涨停3次，近期活跃；5日涨幅36%，主升节奏；主板10cm涨停
2026-05-27,000509,3,75.7,5.21,9.98,True,9.98,3板高度，连板中位；近10日涨停2次，有一定活跃度；5日涨幅36%，主升节奏；主板10cm涨停
2026-05-27,603115,1,73.5,113.08,-2.37,False,-2.37,首板，连板起点；近10日涨停3次，近期活跃；5日涨幅16%，趋势向上；主板10cm涨停
2026-05-28,600726,4,88.1,9.21,9.99,True,9.99,4板高度，连板梯队前排；近10日涨停3次，近期活跃；5日涨幅49%，主升节奏；主板10cm涨停
2026-05-28,000509,4,86.8,5.73,-9.95,False,-9.95,4板高度，连板梯队前排；近10日涨停3次，近期活跃；5日涨幅51%，主升节奏；主板10cm涨停
2026-05-28,002552,1,81.9,55.58,3.81,False,3.81,首板，连板起点；近10日涨停5次，资金反复攻击的强势股；5日涨幅54%，主升节奏；主板10cm涨停
2026-05-28,603989,2,81.4,38.42,-6.79,False,-6.79,2板高度，首板晋级后延续；近10日涨停4次，近期活跃；5日涨幅49%，主升节奏；主板10cm涨停
2026-05-28,003036,1,81.0,71.36,-0.5,False,-0.5,首板，连板起点；近10日涨停3次，近期活跃；5日涨幅51%，主升节奏；主板10cm涨停
2026-05-29,600726,5,89.9,10.13,-6.22,False,-6.22,5板高度，题材龙头候选；近10日涨停4次，近期活跃；5日涨幅61%，主升节奏；主板10cm涨停
2026-05-29,000090,4,85.0,3.85,0.52,False,0.52,4板高度，连板梯队前排；近10日涨停3次，近期活跃；5日涨幅21%，趋势向上；主板10cm涨停
2026-05-29,600162,4,83.4,2.79,4.66,False,4.66,4板高度，连板梯队前排；近10日涨停3次，近期活跃；5日涨幅60%，主升节奏；主板10cm涨停
2026-05-29,000539,3,80.1,8.88,10.02,True,10.02,3板高度，连板中位；近10日涨停2次，有一定活跃度；5日涨幅36%，主升节奏；主板10cm涨停
2026-05-29,600745,5,80.0,20.67,4.98,True,4.98,5板高度，题材龙头候选；近10日涨停5次，资金反复攻击的强势股；5日涨幅28%，趋势向上；主板10cm涨停
2026-06-01,000539,4,88.3,9.77,-6.55,False,-6.55,4板高度，连板梯队前排；近10日涨停3次，近期活跃；5日涨幅45%，主升节奏；主板10cm涨停
2026-06-01,000037,4,87.0,12.65,-5.06,False,-5.06,4板高度，连板梯队前排；近10日涨停3次，近期活跃；5日涨幅21%，趋势向上；主板10cm涨停
2026-06-01,603011,4,85.4,27.41,5.76,False,5.76,4板高度，连板梯队前排；近10日涨停3次，近期活跃；5日涨幅38%，主升节奏；主板10cm涨停
2026-06-01,600745,6,85.0,21.7,5.02,True,5.02,6板高位龙头，身位优势极大；近10日涨停6次，资金反复攻击的强势股；5日涨幅28%，趋势向上；主板10cm涨停
2026-06-01,603272,6,85.0,44.13,4.26,False,4.26,6板高位龙头，身位优势极大；近10日涨停7次，资金反复攻击的强势股；5日涨幅27%，趋势向上；主板10cm涨停
2026-06-02,600265,6,84.0,26.95,5.01,True,5.01,6板高位龙头，身位优势极大；近10日涨停5次，资金反复攻击的强势股；5日涨幅28%，趋势向上；主板10cm涨停
2026-06-02,600745,7,84.0,22.79,-5.0,False,-5.0,7板高位龙头，身位优势极大；近10日涨停7次，资金反复攻击的强势股；5日涨幅28%，趋势向上；主板10cm涨停
2026-06-02,002579,2,83.3,20.76,-6.31,False,-6.31,2板高度，首板晋级后延续；近10日涨停4次，近期活跃；5日涨幅38%，主升节奏；主板10cm涨停
2026-06-02,603890,3,83.0,30.02,4.36,False,4.36,3板高度，连板中位；近10日涨停3次，近期活跃；5日涨幅24%，趋势向上；主板10cm涨停
2026-06-02,000010,6,82.5,2.32,-5.17,False,-5.17,6板高位龙头，身位优势极大；近10日涨停5次，资金反复攻击的强势股；5日涨幅10%，温和上行；主板10cm涨停
2026-06-03,600265,7,83.0,28.3,-1.77,False,-1.77,7板高位龙头，身位优势极大；近10日涨停6次，资金反复攻击的强势股；5日涨幅28%，趋势向上；主板10cm涨停
2026-06-03,600367,3,82.4,42.72,9.97,True,9.97,3板高度，连板中位；近10日涨停4次，近期活跃；5日涨幅41%，主升节奏；主板10cm涨停
2026-06-03,600121,3,79.9,5.69,0.18,False,0.18,3板高度，连板中位；近10日涨停2次，有一定活跃度；5日涨幅37%，主升节奏；主板10cm涨停
2026-06-03,300197,3,78.8,2.78,0.36,False,0.36,3板高度，连板中位；近10日涨停2次，有一定活跃度；5日涨幅74%，主升节奏；20cm大板涨停，弹性大
2026-06-03,603330,3,78.6,8.55,10.06,True,10.06,3板高度，连板中位；近10日涨停2次，有一定活跃度；5日涨幅25%，趋势向上；主板10cm涨停
2026-06-04,600367,4,88.5,46.98,5.36,False,5.36,4板高度，连板梯队前排；近10日涨停5次，资金反复攻击的强势股；5日涨幅41%，主升节奏；主板10cm涨停
2026-06-04,603330,4,86.9,9.41,-8.5,False,-8.5,4板高度，连板梯队前排；近10日涨停3次，近期活跃；5日涨幅38%，主升节奏；主板10cm涨停
2026-06-04,600403,4,84.1,7.4,10.0,True,10.0,4板高度，连板梯队前排；近10日涨停3次，近期活跃；5日涨幅47%，主升节奏；主板10cm涨停
2026-06-04,600255,3,79.8,4.83,-7.04,False,-7.04,3板高度，连板中位；近10日涨停2次，有一定活跃度；5日涨幅29%，趋势向上；主板10cm涨停
2026-06-04,002806,1,79.0,20.68,-4.35,False,-4.35,首板，连板起点；近10日涨停4次，近期活跃；5日涨幅23%，趋势向上；主板10cm涨停
2026-06-05,600403,5,94.0,8.14,9.95,True,9.95,5板高度，题材龙头候选；近10日涨停4次，近期活跃；5日涨幅61%，主升节奏；主板10cm涨停
2026-06-05,603135,3,81.1,14.03,9.98,True,9.98,3板高度，连板中位；近10日涨停2次，有一定活跃度；5日涨幅37%，主升节奏；主板10cm涨停
2026-06-05,003036,2,80.4,82.35,-9.53,False,-9.53,2板高度，首板晋级后延续；近10日涨停4次，近期活跃；5日涨幅16%，趋势向上；主板10cm涨停
2026-06-05,002421,1,75.2,5.21,9.98,True,9.98,首板，连板起点；近10日涨停4次，近期活跃；5日涨幅27%，趋势向上；主板10cm涨停
2026-06-05,002896,1,72.5,86.77,9.72,False,9.72,首板，连板起点；近10日涨停2次，有一定活跃度；5日涨幅14%，温和上行；主板10cm涨停
2026-06-08,600403,6,93.5,8.95,-9.94,False,-9.94,6板高位龙头，身位优势极大；近10日涨停5次，资金反复攻击的强势股；5日涨幅61%，主升节奏；主板10cm涨停
2026-06-08,603135,4,83.8,15.43,2.4,False,2.4,4板高度，连板梯队前排；近10日涨停3次，近期活跃；5日涨幅50%，主升节奏；主板10cm涨停
2026-06-08,000068,4,82.9,3.92,-3.32,False,-3.32,4板高度，连板梯队前排；近10日涨停3次，近期活跃；5日涨幅21%，趋势向上；主板10cm涨停
2026-06-08,002613,2,77.7,5.46,-4.95,False,-4.95,2板高度，首板晋级后延续；近10日涨停4次，近期活跃；5日涨幅12%，温和上行；主板10cm涨停
2026-06-08,000068,3,76.9,3.92,-3.32,False,-3.32,3板高度，连板中位；近10日涨停2次，有一定活跃度；5日涨幅22%，趋势向上；主板10cm涨停
2026-06-09,002254,3,82.4,18.79,-8.46,False,-8.46,3板高度，连板中位；近10日涨停2次，有一定活跃度；5日涨幅40%，主升节奏；主板10cm涨停
2026-06-09,003036,1,80.0,81.95,-1.65,False,-1.65,首板，连板起点；近10日涨停4次，近期活跃；5日涨幅21%，趋势向上；主板10cm涨停
2026-06-09,002636,2,79.5,70.38,10.0,True,10.0,2板高度，首板晋级后延续；近10日涨停2次，有一定活跃度；5日涨幅39%，主升节奏；主板10cm涨停
2026-06-09,603773,1,78.0,150.15,3.2,False,3.2,首板，连板起点；近10日涨停3次，近期活跃；5日涨幅23%，趋势向上；主板10cm涨停
2026-06-09,002354,3,77.6,8.06,10.05,True,10.05,3板高度，连板中位；近10日涨停2次，有一定活跃度；5日涨幅20%，趋势向上；主板10cm涨停
2026-06-10,002354,4,86.0,8.87,-10.03,False,-10.03,4板高度，连板梯队前排；近10日涨停3次，近期活跃；5日涨幅44%，主升节奏；主板10cm涨停
2026-06-10,002636,3,83.5,77.42,9.53,False,9.53,3板高度，连板中位；近10日涨停3次，近期活跃；5日涨幅50%，主升节奏；主板10cm涨停
2026-06-10,000048,4,81.9,17.83,9.98,True,9.98,4板高度，连板梯队前排；近10日涨停3次，近期活跃；5日涨幅21%，趋势向上；主板10cm涨停
2026-06-10,000029,4,81.8,26.99,-5.67,False,-5.67,4板高度，连板梯队前排；近10日涨停3次，近期活跃；5日涨幅21%，趋势向上；主板10cm涨停
2026-06-10,603065,2,80.5,11.44,8.04,True,8.04,2板高度，首板晋级后延续；近10日涨停3次，近期活跃；5日涨幅36%，主升节奏；主板10cm涨停
2026-06-11,000048,6,91.8,19.61,-3.57,False,-3.57,6板高位龙头，身位优势极大；近10日涨停5次，资金反复攻击的强势股；5日涨幅21%，趋势向上；主板10cm涨停
2026-06-11,000048,5,88.3,19.61,-3.57,False,-3.57,5板高度，题材龙头候选；近10日涨停4次，近期活跃；5日涨幅33%，主升节奏；主板10cm涨停
2026-06-11,002971,3,83.4,52.75,10.01,True,10.01,3板高度，连板中位；近10日涨停3次，近期活跃；5日涨幅41%，主升节奏；主板10cm涨停
2026-06-11,603065,3,82.1,12.36,10.03,True,10.03,3板高度，连板中位；近10日涨停4次，近期活跃；5日涨幅42%，主升节奏；主板10cm涨停
2026-06-11,600500,3,81.2,7.21,9.99,True,9.99,3板高度，连板中位；近10日涨停3次，近期活跃；5日涨幅26%，趋势向上；主板10cm涨停
2026-06-12,603065,4,92.2,13.6,-1.47,False,-1.47,4板高度，连板梯队前排；近10日涨停5次，资金反复攻击的强势股；5日涨幅42%，主升节奏；主板10cm涨停
2026-06-12,002971,4,90.4,58.03,-2.15,False,-2.15,4板高度，连板梯队前排；近10日涨停4次，近期活跃；5日涨幅48%，主升节奏；主板10cm涨停
2026-06-12,600500,4,87.4,7.93,3.91,False,3.91,4板高度，连板梯队前排；近10日涨停4次，近期活跃；5日涨幅39%，主升节奏；主板10cm涨停
2026-06-12,000032,4,87.0,18.92,9.99,True,9.99,4板高度，连板梯队前排；近10日涨停3次，近期活跃；5日涨幅21%，趋势向上；主板10cm涨停
2026-06-12,001696,2,83.8,22.84,0.04,False,0.04,2板高度，首板晋级后延续；近10日涨停3次，近期活跃；5日涨幅58%，主升节奏；主板10cm涨停
2026-06-15,000032,6,93.9,20.81,10.0,True,10.0,6板高位龙头，身位优势极大；近10日涨停5次，资金反复攻击的强势股；5日涨幅21%，趋势向上；主板10cm涨停
2026-06-15,000032,5,90.4,20.81,10.0,True,10.0,5板高度，题材龙头候选；近10日涨停4次，近期活跃；5日涨幅33%，主升节奏；主板10cm涨停
2026-06-15,000510,3,83.8,21.31,7.7,False,7.7,3板高度，连板中位；近10日涨停3次，近期活跃；5日涨幅27%，趋势向上；主板10cm涨停
2026-06-15,601958,3,79.4,28.07,2.89,False,2.89,3板高度，连板中位；近10日涨停2次，有一定活跃度；5日涨幅35%，主升节奏；主板10cm涨停
2026-06-15,001257,3,79.4,30.51,10.0,True,10.0,3板高度，连板中位；近10日涨停2次，有一定活跃度；5日涨幅31%，主升节奏；主板10cm涨停
2026-06-16,000032,7,95.5,22.89,1.44,False,1.44,7板高位龙头，身位优势极大；近10日涨停6次，资金反复攻击的强势股；5日涨幅33%，主升节奏；主板10cm涨停
2026-06-16,000032,8,94.0,22.89,1.44,False,1.44,8板高位龙头，身位优势极大；近10日涨停7次，资金反复攻击的强势股；5日涨幅21%，趋势向上；主板10cm涨停
2026-06-16,001257,4,85.5,33.56,-2.5,False,-2.5,4板高度，连板梯队前排；近10日涨停3次，近期活跃；5日涨幅44%，主升节奏；主板10cm涨停
2026-06-16,301176,3,83.9,81.5,-1.98,False,-1.98,3板高度，连板中位；近10日涨停2次，有一定活跃度；5日涨幅84%，主升节奏；20cm大板涨停，弹性大
2026-06-16,600353,2,82.4,34.72,9.99,True,9.99,2板高度，首板晋级后延续；近10日涨停3次，近期活跃；5日涨幅33%，主升节奏；主板10cm涨停
2026-06-17,603186,3,87.5,226.67,5.05,False,5.05,3板高度，连板中位；近10日涨停4次，近期活跃；5日涨幅39%，主升节奏；主板10cm涨停
2026-06-17,603002,3,86.0,23.2,1.64,False,1.64,3板高度，连板中位；近10日涨停4次，近期活跃；5日涨幅27%，趋势向上；主板10cm涨停
2026-06-17,002741,3,85.4,39.44,4.72,False,4.72,3板高度，连板中位；近10日涨停3次，近期活跃；5日涨幅38%，主升节奏；主板10cm涨停
2026-06-17,600110,3,85.2,17.22,2.03,False,2.03,3板高度，连板中位；近10日涨停3次，近期活跃；5日涨幅41%，主升节奏；主板10cm涨停
2026-06-17,600353,3,84.4,38.19,10.0,True,10.0,3板高度，连板中位；近10日涨停4次，近期活跃；5日涨幅40%，主升节奏；主板10cm涨停
2026-06-18,600353,4,91.5,42.01,10.0,True,10.0,4板高度，连板梯队前排；近10日涨停5次，资金反复攻击的强势股；5日涨幅40%，主升节奏；主板10cm涨停
2026-06-18,002141,3,84.0,4.71,-4.46,False,-4.46,3板高度，连板中位；近10日涨停3次，近期活跃；5日涨幅39%，主升节奏；主板10cm涨停
2026-06-18,002989,3,81.4,37.37,3.48,False,3.48,3板高度，连板中位；近10日涨停2次，有一定活跃度；5日涨幅38%，主升节奏；主板10cm涨停
2026-06-18,603989,3,81.4,41.5,10.0,True,10.0,3板高度，连板中位；近10日涨停3次，近期活跃；5日涨幅36%，主升节奏；主板10cm涨停
2026-06-18,600397,3,81.3,20.2,10.0,True,10.0,3板高度，连板中位；近10日涨停2次，有一定活跃度；5日涨幅42%，主升节奏；主板10cm涨停
2026-06-22,600353,5,94.0,46.21,5.6,False,5.6,5板高度，题材龙头候选；近10日涨停5次，资金反复攻击的强势股；5日涨幅61%，主升节奏；主板10cm涨停
2026-06-22,600397,4,90.0,22.22,9.99,True,9.99,4板高度，连板梯队前排；近10日涨停3次，近期活跃；5日涨幅51%，主升节奏；主板10cm涨停
2026-06-22,603989,4,90.0,45.65,-2.69,False,-2.69,4板高度，连板梯队前排；近10日涨停3次，近期活跃；5日涨幅59%，主升节奏；主板10cm涨停
2026-06-22,000811,3,87.4,44.19,1.77,False,1.77,3板高度，连板中位；近10日涨停4次，近期活跃；5日涨幅44%，主升节奏；主板10cm涨停
2026-06-22,300522,3,83.9,23.05,-0.04,False,-0.04,3板高度，连板中位；近10日涨停2次，有一定活跃度；5日涨幅100%，主升节奏；20cm大板涨停，弹性大
2026-06-23,600397,5,91.9,24.44,4.38,False,4.38,5板高度，题材龙头候选；近10日涨停4次，近期活跃；5日涨幅61%，主升节奏；主板10cm涨停
2026-06-23,000070,4,89.0,25.08,1.0,False,1.0,4板高度，连板梯队前排；近10日涨停4次，近期活跃；5日涨幅21%，趋势向上；主板10cm涨停
2026-06-23,000070,3,86.0,25.08,1.0,False,1.0,3板高度，连板中位；近10日涨停4次，近期活跃；5日涨幅21%，趋势向上；主板10cm涨停
2026-06-23,603407,3,84.4,82.32,10.0,True,10.0,3板高度，连板中位；近10日涨停4次，近期活跃；5日涨幅44%，主升节奏；主板10cm涨停
2026-06-23,002674,3,82.4,21.66,10.02,True,10.02,3板高度，连板中位；近10日涨停2次，有一定活跃度；5日涨幅30%，主升节奏；主板10cm涨停
2026-06-24,603407,4,89.5,90.55,1.46,False,1.46,4板高度，连板梯队前排；近10日涨停5次，资金反复攻击的强势股；5日涨幅44%，主升节奏；主板10cm涨停
2026-06-24,002674,4,88.3,23.83,9.99,True,9.99,4板高度，连板梯队前排；近10日涨停3次，近期活跃；5日涨幅49%，主升节奏；主板10cm涨停
2026-06-24,605069,3,87.5,14.74,-0.27,False,-0.27,3板高度，连板中位；近10日涨停4次，近期活跃；5日涨幅37%，主升节奏；主板10cm涨停
2026-06-24,002167,4,85.4,21.46,6.1,False,6.1,4板高度，连板梯队前排；近10日涨停3次，近期活跃；5日涨幅40%，主升节奏；主板10cm涨停
2026-06-24,603938,3,81.0,71.63,-2.72,False,-2.72,3板高度，连板中位；近10日涨停3次，近期活跃；5日涨幅25%，趋势向上；主板10cm涨停
2026-06-25,002674,5,90.9,26.21,10.0,True,10.0,5板高度，题材龙头候选；近10日涨停4次，近期活跃；5日涨幅61%，主升节奏；主板10cm涨停
2026-06-25,000823,4,86.9,25.87,10.01,True,10.01,4板高度，连板梯队前排；近10日涨停6次，资金反复攻击的强势股；5日涨幅21%，趋势向上；主板10cm涨停
2026-06-25,603989,2,85.4,53.75,4.19,False,4.19,2板高度，首板晋级后延续；近10日涨停5次，资金反复攻击的强势股；5日涨幅42%，主升节奏；主板10cm涨停
2026-06-25,002990,2,81.5,72.6,3.58,False,3.58,2板高度，首板晋级后延续；近10日涨停3次，近期活跃；5日涨幅35%，主升节奏；主板10cm涨停
2026-06-25,603595,5,81.0,35.22,5.0,True,5.0,5板高度，题材龙头候选；近10日涨停6次，资金反复攻击的强势股；5日涨幅28%，趋势向上；主板10cm涨停
2026-06-26,002674,6,95.0,28.83,9.95,True,9.95,6板高位龙头，身位优势极大；近10日涨停5次，资金反复攻击的强势股；5日涨幅61%，主升节奏；主板10cm涨停
2026-06-26,000823,6,94.9,28.46,-8.85,False,-8.85,6板高位龙头，身位优势极大；近10日涨停7次，资金反复攻击的强势股；5日涨幅21%，趋势向上；主板10cm涨停
2026-06-26,000823,5,93.4,28.46,-8.85,False,-8.85,5板高度，题材龙头候选；近10日涨停6次，资金反复攻击的强势股；5日涨幅33%，主升节奏；主板10cm涨停
2026-06-26,605366,4,86.3,14.38,-2.78,False,-2.78,4板高度，连板梯队前排；近10日涨停3次，近期活跃；5日涨幅34%，主升节奏；主板10cm涨停
2026-06-26,603595,6,83.0,36.98,-5.0,False,-5.0,6板高位龙头，身位优势极大；近10日涨停7次，资金反复攻击的强势股；5日涨幅28%，趋势向上；主板10cm涨停
2026-06-29,002674,7,96.5,31.7,-10.0,False,-10.0,7板高位龙头，身位优势极大；近10日涨停6次，资金反复攻击的强势股；5日涨幅61%，主升节奏；主板10cm涨停
2026-06-29,601133,2,82.4,42.11,4.58,False,4.58,2板高度，首板晋级后延续；近10日涨停3次，近期活跃；5日涨幅41%，主升节奏；主板10cm涨停
2026-06-29,603956,3,80.5,6.41,-1.72,False,-1.72,3板高度，连板中位；近10日涨停3次，近期活跃；5日涨幅24%，趋势向上；主板10cm涨停
2026-06-29,002822,5,80.0,3.05,4.92,True,4.92,5板高度，题材龙头候选；近10日涨停4次，近期活跃；5日涨幅28%，趋势向上；主板10cm涨停
2026-06-29,000056,4,77.5,2.17,5.07,True,5.07,4板高度，连板梯队前排；近10日涨停5次，资金反复攻击的强势股；5日涨幅10%，温和上行；主板10cm涨停
2026-06-30,000017,4,86.3,6.12,-0.65,False,-0.65,4板高度，连板梯队前排；近10日涨停3次，近期活跃；5日涨幅21%，趋势向上；主板10cm涨停
2026-06-30,002822,6,85.0,3.2,5.0,True,5.0,6板高位龙头，身位优势极大；近10日涨停5次，资金反复攻击的强势股；5日涨幅28%，趋势向上；主板10cm涨停
2026-06-30,000056,6,83.5,2.28,-1.75,False,-1.75,6板高位龙头，身位优势极大；近10日涨停6次，资金反复攻击的强势股；5日涨幅10%，温和上行；主板10cm涨停
2026-06-30,600707,2,82.7,16.89,4.56,False,4.56,2板高度，首板晋级后延续；近10日涨停4次，近期活跃；5日涨幅24%，趋势向上；主板10cm涨停
2026-06-30,603928,3,80.6,14.8,-2.7,False,-2.7,3板高度，连板中位；近10日涨停2次，有一定活跃度；5日涨幅23%，趋势向上；主板10cm涨停
2026-07-01,000566,3,85.8,5.49,10.02,True,10.02,3板高度，连板中位；近10日涨停4次，近期活跃；5日涨幅22%，趋势向上；主板10cm涨停
2026-07-01,002822,7,85.0,3.36,-2.68,False,-2.68,7板高位龙头，身位优势极大；近10日涨停6次，资金反复攻击的强势股；5日涨幅28%，趋势向上；主板10cm涨停
2026-07-01,002167,2,83.4,24.28,7.29,False,7.29,2板高度，首板晋级后延续；近10日涨停5次，资金反复攻击的强势股；5日涨幅13%，温和上行；主板10cm涨停
2026-07-01,002407,3,80.9,55.25,-0.78,False,-0.78,3板高度，连板中位；近10日涨停3次，近期活跃；5日涨幅25%，趋势向上；主板10cm涨停
2026-07-01,600113,3,80.9,36.5,-0.96,False,-0.96,3板高度，连板中位；近10日涨停2次，有一定活跃度；5日涨幅22%，趋势向上；主板10cm涨停
2026-07-02,000566,4,92.3,6.04,1.66,False,1.66,4板高度，连板梯队前排；近10日涨停5次，资金反复攻击的强势股；5日涨幅32%，主升节奏；主板10cm涨停
2026-07-02,000909,6,83.5,4.15,5.06,True,5.06,6板高位龙头，身位优势极大；近10日涨停5次，资金反复攻击的强势股；5日涨幅10%，温和上行；主板10cm涨停
2026-07-02,000016,6,83.5,2.54,5.12,True,5.12,6板高位龙头，身位优势极大；近10日涨停5次，资金反复攻击的强势股；5日涨幅10%，温和上行；主板10cm涨停
2026-07-02,600641,3,80.9,48.24,-1.51,False,-1.51,3板高度，连板中位；近10日涨停2次，有一定活跃度；5日涨幅30%，趋势向上；主板10cm涨停
2026-07-02,002354,1,80.0,10.34,-9.38,False,-9.38,首板，连板起点；近10日涨停4次，近期活跃；5日涨幅29%，趋势向上；主板10cm涨停
2026-07-03,000908,4,86.2,6.88,4.22,False,4.22,4板高度，连板梯队前排；近10日涨停3次，近期活跃；5日涨幅21%，趋势向上；主板10cm涨停
2026-07-03,600793,3,85.2,16.01,9.99,True,9.99,3板高度，连板中位；近10日涨停3次，近期活跃；5日涨幅36%，主升节奏；主板10cm涨停
2026-07-03,000016,8,83.5,2.67,-4.12,False,-4.12,8板高位龙头，身位优势极大；近10日涨停7次，资金反复攻击的强势股；5日涨幅10%，温和上行；主板10cm涨停
2026-07-03,000909,8,83.5,4.36,5.73,True,5.73,8板高位龙头，身位优势极大；近10日涨停7次，资金反复攻击的强势股；5日涨幅10%，温和上行；主板10cm涨停
2026-07-03,000909,7,83.5,4.36,5.73,True,5.73,7板高位龙头，身位优势极大；近10日涨停6次，资金反复攻击的强势股；5日涨幅16%，趋势向上；主板10cm涨停
2026-07-06,000078,6,93.8,1.64,9.76,True,9.76,6板高位龙头，身位优势极大；近10日涨停5次，资金反复攻击的强势股；5日涨幅15%，趋势向上；主板10cm涨停
2026-07-06,002175,5,91.1,2.87,-5.92,False,-5.92,5板高度，题材龙头候选；近10日涨停5次，资金反复攻击的强势股；5日涨幅33%，主升节奏；主板10cm涨停
2026-07-06,000078,5,90.3,1.64,9.76,True,9.76,5板高度，题材龙头候选；近10日涨停4次，近期活跃；5日涨幅21%，趋势向上；主板10cm涨停
2026-07-06,603789,4,87.2,6.99,-8.58,False,-8.58,4板高度，连板梯队前排；近10日涨停4次，近期活跃；5日涨幅27%，趋势向上；主板10cm涨停
2026-07-06,600793,4,86.4,17.61,9.99,True,9.99,4板高度，连板梯队前排；近10日涨停4次，近期活跃；5日涨幅46%，主升节奏；主板10cm涨停
2026-07-07,600793,5,88.9,19.37,-4.96,False,-4.96,5板高度，题材龙头候选；近10日涨停5次，资金反复攻击的强势股；5日涨幅61%，主升节奏；主板10cm涨停
2026-07-07,603137,5,86.8,20.83,9.99,True,9.99,5板高度，题材龙头候选；近10日涨停4次，近期活跃；5日涨幅61%，主升节奏；主板10cm涨停
2026-07-07,000078,7,83.6,1.8,10.0,True,10.0,7板高位龙头，身位优势极大；近10日涨停6次，资金反复攻击的强势股；5日涨幅27%，趋势向上；主板10cm涨停
2026-07-07,000078,8,83.6,1.8,10.0,True,10.0,8板高位龙头，身位优势极大；近10日涨停7次，资金反复攻击的强势股；5日涨幅21%，趋势向上；主板10cm涨停
2026-07-07,603823,2,74.4,72.45,-3.67,False,-3.67,2板高度，首板晋级后延续；近10日涨停2次，有一定活跃度；5日涨幅33%，主升节奏；主板10cm涨停
2026-07-08,000078,9,97.5,1.98,-6.06,False,-6.06,9板高位龙头，身位优势极大；近10日涨停8次，资金反复攻击的强势股；5日涨幅33%，主升节奏；主板10cm涨停
2026-07-08,000078,10,96.0,1.98,-6.06,False,-6.06,10板高位龙头，身位优势极大；近10日涨停9次，资金反复攻击的强势股；5日涨幅21%，趋势向上；主板10cm涨停
2026-07-08,603137,6,95.9,22.91,10.0,True,10.0,6板高位龙头，身位优势极大；近10日涨停5次，资金反复攻击的强势股；5日涨幅61%，主升节奏；主板10cm涨停
2026-07-08,600288,3,81.2,17.11,-1.93,False,-1.93,3板高度，连板中位；近10日涨停2次，有一定活跃度；5日涨幅31%，主升节奏；主板10cm涨停
2026-07-08,002396,1,80.3,29.1,-0.48,False,-0.48,首板，连板起点；近10日涨停4次，近期活跃；5日涨幅38%，主升节奏；主板10cm涨停
2026-07-09,603137,7,97.0,25.2,6.15,False,6.15,7板高位龙头，身位优势极大；近10日涨停6次，资金反复攻击的强势股；5日涨幅61%，主升节奏；主板10cm涨停
2026-07-09,000977,4,87.0,85.99,4.11,False,4.11,4板高度，连板梯队前排；近10日涨停3次，近期活跃；5日涨幅21%，趋势向上；主板10cm涨停
2026-07-09,603928,2,83.3,18.0,4.44,False,4.44,2板高度，首板晋级后延续；近10日涨停5次，资金反复攻击的强势股；5日涨幅14%，温和上行；主板10cm涨停
2026-07-09,002841,3,82.5,52.13,0.61,False,0.61,3板高度，连板中位；近10日涨停2次，有一定活跃度；5日涨幅47%，主升节奏；主板10cm涨停
2026-07-09,000977,3,81.0,85.99,4.11,False,4.11,3板高度，连板中位；近10日涨停2次，有一定活跃度；5日涨幅23%，趋势向上；主板10cm涨停
2026-07-10,000838,3,83.5,2.21,4.07,False,4.07,3板高度，连板中位；近10日涨停5次，资金反复攻击的强势股；5日涨幅25%，趋势向上；主板10cm涨停
2026-07-10,000892,2,76.5,4.2,-5.24,False,-5.24,2板高度，首板晋级后延续；近10日涨停3次，近期活跃；5日涨幅23%，趋势向上；主板10cm涨停
2026-07-10,002828,1,73.6,13.48,-3.49,False,-3.49,首板，连板起点；近10日涨停2次，有一定活跃度；5日涨幅29%，趋势向上；主板10cm涨停
2026-07-10,000620,1,73.2,3.63,-7.44,False,-7.44,首板，连板起点；近10日涨停3次，近期活跃；5日涨幅1%，温和上行；主板10cm涨停
2026-07-10,600113,1,70.9,33.08,-9.22,False,-9.22,首板，连板起点；近10日涨停3次，近期活跃；5日涨幅-4%，短期滞涨；主板10cm涨停
2026-07-13,603137,1,79.8,29.43,9.99,True,9.99,首板，连板起点；近10日涨停7次，资金反复攻击的强势股；5日涨幅55%，主升节奏；主板10cm涨停
2026-07-13,000078,2,78.0,2.08,10.1,True,10.1,2板高度，首板晋级后延续；近10日涨停6次，资金反复攻击的强势股；5日涨幅12%，温和上行；主板10cm涨停
2026-07-13,600992,3,77.0,11.72,-9.98,False,-9.98,3板高度，连板中位；近10日涨停2次，有一定活跃度；5日涨幅32%，主升节奏；主板10cm涨停
2026-07-13,001395,3,72.9,31.49,-4.13,False,-4.13,3板高度，连板中位；近10日涨停2次，有一定活跃度；5日涨幅28%，趋势向上；主板10cm涨停
2026-07-13,003020,3,72.8,20.61,0.92,False,0.92,3板高度，连板中位；近10日涨停2次，有一定活跃度；5日涨幅26%，趋势向上；主板10cm涨停
2026-07-14,000078,4,89.0,2.29,-8.3,False,-8.3,4板高度，连板梯队前排；近10日涨停6次，资金反复攻击的强势股；5日涨幅21%，趋势向上；主板10cm涨停
2026-07-14,000078,3,86.0,2.29,-8.3,False,-8.3,3板高度，连板中位；近10日涨停6次，资金反复攻击的强势股；5日涨幅23%，趋势向上；主板10cm涨停
2026-07-14,600759,2,84.8,2.95,-5.76,False,-5.76,2板高度，首板晋级后延续；近10日涨停6次，资金反复攻击的强势股；5日涨幅35%，主升节奏；主板10cm涨停
2026-07-14,603137,2,83.9,32.37,10.01,True,10.01,2板高度，首板晋级后延续；近10日涨停8次，资金反复攻击的强势股；5日涨幅55%，主升节奏；主板10cm涨停
2026-07-14,600664,3,78.2,4.08,10.05,True,10.05,3板高度，连板中位；近10日涨停2次，有一定活跃度；5日涨幅33%，主升节奏；主板10cm涨停
2026-07-15,603137,3,88.9,35.61,-10.0,False,-10.0,3板高度，连板中位；近10日涨停9次，资金反复攻击的强势股；5日涨幅55%，主升节奏；主板10cm涨停
2026-07-15,600664,4,86.0,4.49,10.02,True,10.02,4板高度，连板梯队前排；近10日涨停3次，近期活跃；5日涨幅45%，主升节奏；主板10cm涨停
2026-07-15,603580,2,78.9,37.13,9.99,True,9.99,2板高度，首板晋级后延续；近10日涨停3次，近期活跃；5日涨幅21%，趋势向上；主板10cm涨停
2026-07-15,001388,3,77.4,35.68,-5.33,False,-5.33,3板高度，连板中位；近10日涨停2次，有一定活跃度；5日涨幅39%，主升节奏；主板10cm涨停
2026-07-15,605189,2,76.4,15.64,0.9,False,0.9,2板高度，首板晋级后延续；近10日涨停4次，近期活跃；5日涨幅13%，温和上行；主板10cm涨停
2026-07-16,600664,5,91.8,4.94,7.89,False,7.89,5板高度，题材龙头候选；近10日涨停4次，近期活跃；5日涨幅61%，主升节奏；主板10cm涨停
2026-07-16,603580,3,81.4,40.84,9.99,True,9.99,3板高度，连板中位；近10日涨停4次，近期活跃；5日涨幅33%，主升节奏；主板10cm涨停
2026-07-16,600491,1,77.7,1.42,-4.93,False,-4.93,首板，连板起点；近10日涨停4次，近期活跃；5日涨幅39%，主升节奏；主板10cm涨停
2026-07-16,002726,2,76.9,2.01,3.48,False,3.48,2板高度，首板晋级后延续；近10日涨停4次，近期活跃；5日涨幅32%，主升节奏；主板10cm涨停
2026-07-16,000677,1,73.5,1.98,-9.09,False,-9.09,首板，连板起点；近10日涨停3次，近期活跃；5日涨幅18%，趋势向上；主板10cm涨停
2026-07-17,603580,4,82.4,44.92,-10.0,False,-10.0,4板高度，连板梯队前排；近10日涨停4次，近期活跃；5日涨幅46%，主升节奏；主板10cm涨停
2026-07-17,600162,3,75.3,3.06,-10.13,False,-10.13,3板高度，连板中位；近10日涨停2次，有一定活跃度；5日涨幅27%，趋势向上；主板10cm涨停
2026-07-17,000676,3,72.7,6.84,-7.31,False,-7.31,3板高度，连板中位；近10日涨停2次，有一定活跃度；5日涨幅28%，趋势向上；主板10cm涨停
2026-07-17,002432,1,71.5,79.2,-8.46,False,-8.46,首板，连板起点；近10日涨停2次，有一定活跃度；5日涨幅35%，主升节奏；主板10cm涨停
2026-07-17,003001,1,71.4,19.56,-10.02,False,-10.02,首板，连板起点；近10日涨停2次，有一定活跃度；5日涨幅38%，主升节奏；主板10cm涨停
2026-07-20,000037,4,84.0,10.12,-4.94,False,-4.94,4板高度，连板梯队前排；近10日涨停3次，近期活跃；5日涨幅21%，趋势向上；主板10cm涨停
2026-07-20,001258,3,79.1,9.1,10.0,True,10.0,3板高度，连板中位；近10日涨停2次，有一定活跃度；5日涨幅40%，主升节奏；主板10cm涨停
2026-07-20,600227,2,78.2,3.37,-10.09,False,-10.09,2板高度，首板晋级后延续；近10日涨停3次，近期活跃；5日涨幅40%，主升节奏；主板10cm涨停
2026-07-20,000037,3,76.5,10.12,-4.94,False,-4.94,3板高度，连板中位；近10日涨停2次，有一定活跃度；5日涨幅20%，趋势向上；主板10cm涨停
2026-07-20,000722,2,73.3,15.21,-5.79,False,-5.79,2板高度，首板晋级后延续；近10日涨停2次，有一定活跃度；5日涨幅42%，主升节奏；主板10cm涨停
2026-07-21,001258,4,90.0,10.01,9.99,True,9.99,4板高度，连板梯队前排；近10日涨停3次，近期活跃；5日涨幅53%，主升节奏；主板10cm涨停
2026-07-21,600744,3,81.9,7.22,9.97,True,9.97,3板高度，连板中位；近10日涨停2次，有一定活跃度；5日涨幅33%，主升节奏；主板10cm涨停
2026-07-21,600664,1,80.3,5.84,2.4,False,2.4,首板，连板起点；近10日涨停5次，资金反复攻击的强势股；5日涨幅43%，主升节奏；主板10cm涨停
2026-07-21,002432,1,79.5,79.75,2.37,False,2.37,首板，连板起点；近10日涨停3次，近期活跃；5日涨幅31%，主升节奏；主板10cm涨停
2026-07-21,000889,2,76.6,3.8,5.0,False,5.0,2板高度，首板晋级后延续；近10日涨停2次，有一定活跃度；5日涨幅27%，趋势向上；主板10cm涨停
2026-07-22,001258,5,88.9,11.01,9.99,True,9.99,5板高度，题材龙头候选；近10日涨停4次，近期活跃；5日涨幅61%，主升节奏；主板10cm涨停
2026-07-22,600744,4,82.2,7.94,-0.76,False,-0.76,4板高度，连板梯队前排；近10日涨停3次，近期活跃；5日涨幅44%，主升节奏；主板10cm涨停
2026-07-22,000815,3,77.7,16.13,9.98,True,9.98,3板高度，连板中位；近10日涨停2次，有一定活跃度；5日涨幅24%，趋势向上；主板10cm涨停
2026-07-22,301583,2,73.5,158.71,-8.64,False,-8.64,2板高度，首板晋级后延续；近10日涨停2次，有一定活跃度；5日涨幅14%，温和上行；20cm大板涨停，弹性大
2026-07-22,603580,1,73.2,40.03,5.15,False,5.15,首板，连板起点；近10日涨停4次，近期活跃；5日涨幅8%，温和上行；主板10cm涨停
2026-07-23,001258,6,96.9,12.11,7.6,False,7.6,6板高位龙头，身位优势极大；近10日涨停5次，资金反复攻击的强势股；5日涨幅61%，主升节奏；主板10cm涨停
2026-07-23,000815,4,85.3,17.74,-8.74,False,-8.74,4板高度，连板梯队前排；近10日涨停3次，近期活跃；5日涨幅37%，主升节奏；主板10cm涨停
2026-07-23,002197,3,82.1,7.67,-10.04,False,-10.04,3板高度，连板中位；近10日涨停2次，有一定活跃度；5日涨幅33%，主升节奏；主板10cm涨停
2026-07-23,000603,3,80.9,24.83,-0.12,False,-0.12,3板高度，连板中位；近10日涨停2次，有一定活跃度；5日涨幅21%，趋势向上；主板10cm涨停
2026-07-23,600722,2,79.4,10.9,4.86,False,4.86,2板高度，首板晋级后延续；近10日涨停3次，近期活跃；5日涨幅41%，主升节奏；主板10cm涨停
2026-07-24,002879,4,80.4,18.05,10.03,True,10.03,4板高度，连板梯队前排；近10日涨停3次，近期活跃；5日涨幅43%，主升节奏；主板10cm涨停
2026-07-24,603221,4,80.3,14.0,10.0,True,10.0,4板高度，连板梯队前排；近10日涨停3次，近期活跃；5日涨幅36%，主升节奏；主板10cm涨停
2026-07-24,301234,3,79.0,58.75,20.0,True,20.0,3板高度，连板中位；近10日涨停2次，有一定活跃度；5日涨幅73%，主升节奏；20cm大板涨停，弹性大
2026-07-24,000011,4,78.9,8.26,-1.33,False,-1.33,4板高度，连板梯队前排；近10日涨停3次，近期活跃；5日涨幅21%，趋势向上；主板10cm涨停
2026-07-24,603580,1,73.2,46.3,3.48,False,3.48,首板，连板起点；近10日涨停5次，资金反复攻击的强势股；5日涨幅3%，温和上行；主板10cm涨停
2026-07-27,603221,5,95.0,15.4,10.0,True,10.0,5板高度，题材龙头候选；近10日涨停4次，近期活跃；5日涨幅61%，主升节奏；主板10cm涨停
2026-07-27,002879,5,94.7,19.86,-4.83,False,-4.83,5板高度，题材龙头候选；近10日涨停4次，近期活跃；5日涨幅61%，主升节奏；主板10cm涨停
2026-07-27,301234,4,90.0,70.5,10.28,False,10.28,4板高度，连板梯队前排；近10日涨停3次，近期活跃；5日涨幅107%，主升节奏；20cm大板涨停，弹性大
2026-07-27,601606,3,82.3,35.26,-4.85,False,-4.85,3板高度，连板中位；近10日涨停2次，有一定活跃度；5日涨幅35%，主升节奏；主板10cm涨停
2026-07-27,000533,3,82.0,10.51,9.99,True,9.99,3板高度，连板中位；近10日涨停2次，有一定活跃度；5日涨幅34%，主升节奏；主板10cm涨停
2026-07-28,603221,6,98.0,16.94,9.98,True,9.98,6板高位龙头，身位优势极大；近10日涨停5次，资金反复攻击的强势股；5日涨幅61%，主升节奏；主板10cm涨停
2026-07-28,000533,4,83.4,11.56,4.93,False,4.93,4板高度，连板梯队前排；近10日涨停3次，近期活跃；5日涨幅45%，主升节奏；主板10cm涨停
2026-07-28,000909,4,81.0,4.44,-1.35,False,-1.35,4板高度，连板梯队前排；近10日涨停3次，近期活跃；5日涨幅21%，趋势向上；主板10cm涨停
2026-07-28,000566,2,81.0,5.83,-7.2,False,-7.2,2板高度，首板晋级后延续；近10日涨停4次，近期活跃；5日涨幅23%，趋势向上；主板10cm涨停
2026-07-28,002173,2,80.5,22.76,-10.02,False,-10.02,2板高度，首板晋级后延续；近10日涨停3次，近期活跃；5日涨幅31%，主升节奏；主板10cm涨停
2026-07-29,603221,7,95.8,18.63,9.98,True,9.98,7板高位龙头，身位优势极大；近10日涨停6次，资金反复攻击的强势股；5日涨幅61%，主升节奏；主板10cm涨停
2026-07-29,603580,2,85.5,57.97,-3.05,False,-3.05,2板高度，首板晋级后延续；近10日涨停6次，资金反复攻击的强势股；5日涨幅45%，主升节奏；主板10cm涨停
2026-07-29,002199,2,81.3,13.39,6.35,False,6.35,2板高度，首板晋级后延续；近10日涨停3次，近期活跃；5日涨幅37%，主升节奏；主板10cm涨停
2026-07-29,000428,3,80.7,4.04,-5.2,False,-5.2,3板高度，连板中位；近10日涨停2次，有一定活跃度；5日涨幅34%，主升节奏；主板10cm涨停
2026-07-29,603400,2,78.4,47.14,-3.9,False,-3.9,2板高度，首板晋级后延续；近10日涨停2次，有一定活跃度；5日涨幅39%，主升节奏；主板10cm涨停
2026-07-30,603221,8,93.8,20.49,10.0,True,10.0,8板高位龙头，身位优势极大；近10日涨停7次，资金反复攻击的强势股；5日涨幅61%，主升节奏；主板10cm涨停
2026-07-30,003032,4,85.2,8.01,9.99,True,9.99,4板高度，连板梯队前排；近10日涨停3次，近期活跃；5日涨幅43%，主升节奏；主板10cm涨停
2026-07-30,605068,4,82.4,20.59,5.34,False,5.34,4板高度，连板梯队前排；近10日涨停3次，近期活跃；5日涨幅45%，主升节奏；主板10cm涨停
2026-07-30,002667,2,79.0,11.72,-4.69,False,-4.69,2板高度，首板晋级后延续；近10日涨停3次，近期活跃；5日涨幅31%，主升节奏；主板10cm涨停
2026-07-30,002731,2,76.9,2.06,-4.37,False,-4.37,2板高度，首板晋级后延续；近10日涨停4次，近期活跃；5日涨幅13%，温和上行；主板10cm涨停
2026-07-31,603221,9,100.0,22.54,0.0,False,0.0,9板高位龙头，身位优势极大；近10日涨停8次，资金反复攻击的强势股；5日涨幅61%，主升节奏；主板10cm涨停
2026-07-31,003032,5,91.9,8.81,9.99,True,9.99,5板高度，题材龙头候选；近10日涨停4次，近期活跃；5日涨幅61%，主升节奏；主板10cm涨停
2026-07-31,000009,4,86.3,7.87,0.13,False,0.13,4板高度，连板梯队前排；近10日涨停3次，近期活跃；5日涨幅21%，趋势向上；主板10cm涨停
2026-07-31,605179,4,85.4,19.37,10.02,True,10.02,4板高度，连板梯队前排；近10日涨停3次，近期活跃；5日涨幅49%，主升节奏；主板10cm涨停
2026-07-31,002827,3,82.3,34.6,10.0,True,10.0,3板高度，连板中位；近10日涨停2次，有一定活跃度；5日涨幅44%，主升节奏；主板10cm涨停
2026-08-03,003032,6,95.9,9.69,10.01,True,10.01,6板高位龙头，身位优势极大；近10日涨停5次，资金反复攻击的强势股；5日涨幅61%，主升节奏；主板10cm涨停
2026-08-03,605179,5,93.8,21.31,1.78,False,1.78,5板高度，题材龙头候选；近10日涨停4次，近期活跃；5日涨幅61%，主升节奏；主板10cm涨停
2026-08-03,002827,4,89.0,38.06,10.01,True,10.01,4板高度，连板梯队前排；近10日涨停3次，近期活跃；5日涨幅51%，主升节奏；主板10cm涨停
2026-08-03,000820,3,80.9,3.87,10.08,True,10.08,3板高度，连板中位；近10日涨停3次，近期活跃；5日涨幅32%，主升节奏；主板10cm涨停
2026-08-03,000815,2,80.1,16.7,10.0,True,10.0,2板高度，首板晋级后延续；近10日涨停5次，资金反复攻击的强势股；5日涨幅1%，温和上行；主板10cm涨停
2026-08-04,003032,7,99.9,10.66,10.04,True,10.04,7板高位龙头，身位优势极大；近10日涨停6次，资金反复攻击的强势股；5日涨幅61%，主升节奏；主板10cm涨停
2026-08-04,002827,5,94.9,41.87,6.9,False,6.9,5板高度，题材龙头候选；近10日涨停4次，近期活跃；5日涨幅61%，主升节奏；主板10cm涨停
2026-08-04,000820,4,89.7,4.26,-3.29,False,-3.29,4板高度，连板梯队前排；近10日涨停4次，近期活跃；5日涨幅46%，主升节奏；主板10cm涨停
2026-08-04,000595,3,87.3,6.56,1.68,False,1.68,3板高度，连板中位；近10日涨停5次，资金反复攻击的强势股；5日涨幅21%，趋势向上；主板10cm涨停
2026-08-04,000815,3,86.5,18.37,2.61,False,2.61,3板高度，连板中位；近10日涨停5次，资金反复攻击的强势股；5日涨幅16%，趋势向上；主板10cm涨停
2026-08-05,003032,8,99.6,11.73,-6.65,False,-6.65,8板高位龙头，身位优势极大；近10日涨停7次，资金反复攻击的强势股；5日涨幅61%，主升节奏；主板10cm涨停
2026-08-05,000593,4,88.4,22.52,0.89,False,0.89,4板高度，连板梯队前排；近10日涨停3次，近期活跃；5日涨幅35%，主升节奏；主板10cm涨停
2026-08-05,002963,4,88.4,17.59,10.01,True,10.01,4板高度，连板梯队前排；近10日涨停3次，近期活跃；5日涨幅36%，主升节奏；主板10cm涨停
2026-08-05,300615,3,83.7,15.02,19.97,True,19.97,3板高度，连板中位；近10日涨停2次，有一定活跃度；5日涨幅73%，主升节奏；20cm大板涨停，弹性大
2026-08-05,601700,3,82.2,6.51,9.98,True,9.98,3板高度，连板中位；近10日涨停3次，近期活跃；5日涨幅34%，主升节奏；主板10cm涨停
2026-08-06,002963,5,93.9,19.35,-4.39,False,-4.39,5板高度，题材龙头候选；近10日涨停4次，近期活跃；5日涨幅61%，主升节奏；主板10cm涨停
2026-08-06,300615,4,88.7,18.02,-4.61,False,-4.61,4板高度，连板梯队前排；近10日涨停3次，近期活跃；5日涨幅107%，主升节奏；20cm大板涨停，弹性大
2026-08-06,001267,3,86.4,38.81,10.0,True,10.0,3板高度，连板中位；近10日涨停4次，近期活跃；5日涨幅43%，主升节奏；主板10cm涨停
2026-08-06,601700,4,86.3,7.16,-10.06,False,-10.06,4板高度，连板梯队前排；近10日涨停4次，近期活跃；5日涨幅49%，主升节奏；主板10cm涨停
2026-08-06,002827,1,83.9,49.24,9.99,True,9.99,首板，连板起点；近10日涨停5次，资金反复攻击的强势股；5日涨幅57%，主升节奏；主板10cm涨停
2026-08-07,002552,4,89.4,47.6,10.0,True,10.0,4板高度，连板梯队前排；近10日涨停4次，近期活跃；5日涨幅36%，主升节奏；主板10cm涨停
2026-08-07,001267,4,88.5,42.69,0.66,False,0.66,4板高度，连板梯队前排；近10日涨停5次，资金反复攻击的强势股；5日涨幅43%，主升节奏；主板10cm涨停
2026-08-07,002428,4,87.5,100.08,2.5,False,2.5,4板高度，连板梯队前排；近10日涨停3次，近期活跃；5日涨幅49%，主升节奏；主板10cm涨停
2026-08-07,600721,4,87.3,10.54,9.96,True,9.96,4板高度，连板梯队前排；近10日涨停3次，近期活跃；5日涨幅50%，主升节奏；主板10cm涨停
2026-08-07,603773,4,84.5,95.07,0.59,False,0.59,4板高度，连板梯队前排；近10日涨停3次，近期活跃；5日涨幅38%，主升节奏；主板10cm涨停
2026-08-10,002552,5,96.0,52.36,4.3,False,4.3,5板高度，题材龙头候选；近10日涨停5次，资金反复攻击的强势股；5日涨幅61%，主升节奏；主板10cm涨停
2026-08-10,600721,5,90.6,11.59,10.01,True,10.01,5板高度，题材龙头候选；近10日涨停4次，近期活跃；5日涨幅61%，主升节奏；主板10cm涨停
2026-08-10,002827,3,89.9,59.58,-1.63,False,-1.63,3板高度，连板中位；近10日涨停7次，资金反复攻击的强势股；5日涨幅57%，主升节奏；主板10cm涨停
2026-08-10,002667,3,88.5,15.95,-8.78,False,-8.78,3板高度，连板中位；近10日涨停6次，资金反复攻击的强势股；5日涨幅31%，主升节奏；主板10cm涨停
2026-08-10,002900,2,81.4,14.83,-1.69,False,-1.69,2板高度，首板晋级后延续；近10日涨停3次，近期活跃；5日涨幅32%，主升节奏；主板10cm涨停
2026-08-11,600721,6,96.9,12.75,10.04,True,10.04,6板高位龙头，身位优势极大；近10日涨停5次，资金反复攻击的强势股；5日涨幅61%，主升节奏；主板10cm涨停
2026-08-11,600272,4,85.3,15.7,10.0,True,10.0,4板高度，连板梯队前排；近10日涨停3次，近期活跃；5日涨幅46%，主升节奏；主板10cm涨停
2026-08-11,000802,4,84.0,5.17,10.06,True,10.06,4板高度，连板梯队前排；近10日涨停3次，近期活跃；5日涨幅21%，趋势向上；主板10cm涨停
2026-08-11,605179,2,78.9,27.63,9.99,True,9.99,2板高度，首板晋级后延续；近10日涨停6次，资金反复攻击的强势股；5日涨幅27%，趋势向上；主板10cm涨停
2026-08-11,002963,1,78.8,20.09,-4.93,False,-4.93,首板，连板起点；近10日涨停5次，资金反复攻击的强势股；5日涨幅26%，趋势向上；主板10cm涨停
2026-08-12,600721,7,98.6,14.03,3.35,False,3.35,7板高位龙头，身位优势极大；近10日涨停6次，资金反复攻击的强势股；5日涨幅61%，主升节奏；主板10cm涨停
2026-08-12,000802,6,95.4,5.69,10.02,True,10.02,6板高位龙头，身位优势极大；近10日涨停5次，资金反复攻击的强势股；5日涨幅21%，趋势向上；主板10cm涨停
2026-08-12,600272,5,94.0,17.27,-7.35,False,-7.35,5板高度，题材龙头候选；近10日涨停4次，近期活跃；5日涨幅61%，主升节奏；主板10cm涨停
2026-08-12,000802,5,91.9,5.69,10.02,True,10.02,5板高度，题材龙头候选；近10日涨停4次，近期活跃；5日涨幅33%，主升节奏；主板10cm涨停
2026-08-12,603758,4,87.3,13.95,10.04,True,10.04,4板高度，连板梯队前排；近10日涨停3次，近期活跃；5日涨幅49%，主升节奏；主板10cm涨停
2026-08-13,000802,7,95.3,6.26,-5.43,False,-5.43,7板高位龙头，身位优势极大；近10日涨停6次，资金反复攻击的强势股；5日涨幅33%，主升节奏；主板10cm涨停
2026-08-13,000802,8,93.8,6.26,-5.43,False,-5.43,8板高位龙头，身位优势极大；近10日涨停7次，资金反复攻击的强势股；5日涨幅21%，趋势向上；主板10cm涨停
2026-08-13,603758,5,91.6,15.35,-9.97,False,-9.97,5板高度，题材龙头候选；近10日涨停4次，近期活跃；5日涨幅61%，主升节奏；主板10cm涨停
2026-08-13,605179,4,91.0,33.43,-4.55,False,-4.55,4板高度，连板梯队前排；近10日涨停6次，资金反复攻击的强势股；5日涨幅54%，主升节奏；主板10cm涨停
2026-08-13,300862,4,86.9,39.41,19.99,True,19.99,4板高度，连板梯队前排；近10日涨停3次，近期活跃；5日涨幅107%，主升节奏；20cm大板涨停，弹性大
2026-08-14,300862,5,91.9,47.29,15.82,False,15.82,5板高度，题材龙头候选；近10日涨停4次，近期活跃；5日涨幅149%，主升节奏；20cm大板涨停，弹性大
2026-08-14,600272,1,80.5,17.6,8.12,False,8.12,首板，连板起点；近10日涨停5次，资金反复攻击的强势股；5日涨幅36%，主升节奏；主板10cm涨停
2026-08-14,603330,3,76.4,10.68,10.02,True,10.02,3板高度，连板中位；近10日涨停2次，有一定活跃度；5日涨幅40%，主升节奏；主板10cm涨停
2026-08-14,001260,3,76.4,23.13,-5.32,False,-5.32,3板高度，连板中位；近10日涨停2次，有一定活跃度；5日涨幅38%，主升节奏；主板10cm涨停
2026-08-14,002081,3,76.3,5.29,10.02,True,10.02,3板高度，连板中位；近10日涨停2次，有一定活跃度；5日涨幅34%，主升节奏；主板10cm涨停
2026-08-17,002081,4,88.3,5.82,7.73,False,7.73,4板高度，连板梯队前排；近10日涨停3次，近期活跃；5日涨幅45%，主升节奏；主板10cm涨停
2026-08-17,603330,4,88.3,11.75,-4.77,False,-4.77,4板高度，连板梯队前排；近10日涨停3次，近期活跃；5日涨幅48%，主升节奏；主板10cm涨停
2026-08-17,002172,4,84.6,4.99,-10.02,False,-10.02,4板高度，连板梯队前排；近10日涨停3次，近期活跃；5日涨幅46%，主升节奏；主板10cm涨停
2026-08-17,603186,2,83.0,184.31,-0.06,False,-0.06,2板高度，首板晋级后延续；近10日涨停4次，近期活跃；5日涨幅21%，趋势向上；主板10cm涨停
2026-08-17,603118,3,82.3,19.32,-1.6,False,-1.6,3板高度，连板中位；近10日涨停2次，有一定活跃度；5日涨幅32%，主升节奏；主板10cm涨停
2026-08-18,600613,4,88.3,7.76,0.26,False,0.26,4板高度，连板梯队前排；近10日涨停3次，近期活跃；5日涨幅50%，主升节奏；主板10cm涨停
2026-08-18,605179,2,85.5,38.61,-10.0,False,-10.0,2板高度，首板晋级后延续；近10日涨停5次，资金反复攻击的强势股；5日涨幅40%，主升节奏；主板10cm涨停
2026-08-18,300684,3,83.0,97.0,-10.73,False,-10.73,3板高度，连板中位；近10日涨停2次，有一定活跃度；5日涨幅90%，主升节奏；20cm大板涨停，弹性大
2026-08-18,002820,3,81.1,12.27,-10.02,False,-10.02,3板高度，连板中位；近10日涨停2次，有一定活跃度；5日涨幅30%，主升节奏；主板10cm涨停
2026-08-18,603823,2,80.5,85.9,-3.06,False,-3.06,2板高度，首板晋级后延续；近10日涨停4次，近期活跃；5日涨幅14%，温和上行；主板10cm涨停
2026-08-19,000020,4,81.9,13.74,-9.97,False,-9.97,4板高度，连板梯队前排；近10日涨停3次，近期活跃；5日涨幅21%，趋势向上；主板10cm涨停
2026-08-19,000505,3,77.4,7.47,0.27,False,0.27,3板高度，连板中位；近10日涨停2次，有一定活跃度；5日涨幅30%，主升节奏；主板10cm涨停
2026-08-19,000020,3,75.9,13.74,-9.97,False,-9.97,3板高度，连板中位；近10日涨停2次，有一定活跃度；5日涨幅22%，趋势向上；主板10cm涨停
2026-08-19,600127,3,75.9,7.82,9.97,True,9.97,3板高度，连板中位；近10日涨停3次，近期活跃；5日涨幅28%，趋势向上；主板10cm涨停
2026-08-19,603395,3,75.8,29.0,5.66,False,5.66,3板高度，连板中位；近10日涨停2次，有一定活跃度；5日涨幅30%，趋势向上；主板10cm涨停
2026-08-20,600127,4,86.2,8.6,-4.65,False,-4.65,4板高度，连板梯队前排；近10日涨停4次，近期活跃；5日涨幅41%，主升节奏；主板10cm涨停
2026-08-20,002726,3,85.8,2.95,-6.1,False,-6.1,3板高度，连板中位；近10日涨停4次，近期活跃；5日涨幅39%，主升节奏；主板10cm涨停
2026-08-20,002581,2,85.5,5.72,1.22,False,1.22,2板高度，首板晋级后延续；近10日涨停5次，资金反复攻击的强势股；5日涨幅34%，主升节奏；主板10cm涨停
2026-08-20,002667,2,81.8,17.46,10.02,True,10.02,2板高度，首板晋级后延续；近10日涨停4次，近期活跃；5日涨幅28%，趋势向上；主板10cm涨停
2026-08-20,600613,1,80.2,8.56,5.14,False,5.14,首板，连板起点；近10日涨停4次，近期活跃；5日涨幅47%，主升节奏；主板10cm涨停
2026-08-21,002667,3,85.3,19.21,1.25,False,1.25,3板高度，连板中位；近10日涨停4次，近期活跃；5日涨幅40%，主升节奏；主板10cm涨停
2026-08-21,000017,4,84.4,7.11,9.99,True,9.99,4板高度，连板梯队前排；近10日涨停3次，近期活跃；5日涨幅21%，趋势向上；主板10cm涨停
2026-08-21,000931,4,81.4,5.09,10.02,True,10.02,4板高度，连板梯队前排；近10日涨停3次，近期活跃；5日涨幅21%，趋势向上；主板10cm涨停
2026-08-21,603958,2,80.4,20.55,10.02,True,10.02,2板高度，首板晋级后延续；近10日涨停3次，近期活跃；5日涨幅35%，主升节奏；主板10cm涨停
2026-08-21,002412,3,80.1,10.19,10.01,True,10.01,3板高度，连板中位；近10日涨停2次，有一定活跃度；5日涨幅39%，主升节奏；主板10cm涨停
2026-08-24,000931,6,93.8,5.6,-6.79,False,-6.79,6板高位龙头，身位优势极大；近10日涨停5次，资金反复攻击的强势股；5日涨幅21%，趋势向上；主板10cm涨停
2026-08-24,000017,6,90.9,7.82,9.97,True,9.97,6板高位龙头，身位优势极大；近10日涨停5次，资金反复攻击的强势股；5日涨幅21%，趋势向上；主板10cm涨停
2026-08-24,000931,5,90.3,5.6,-6.79,False,-6.79,5板高度，题材龙头候选；近10日涨停4次，近期活跃；5日涨幅33%，主升节奏；主板10cm涨停
2026-08-24,000017,5,87.4,7.82,9.97,True,9.97,5板高度，题材龙头候选；近10日涨停4次，近期活跃；5日涨幅33%，主升节奏；主板10cm涨停
2026-08-24,002412,4,85.4,11.21,9.99,True,9.99,4板高度，连板梯队前排；近10日涨停3次，近期活跃；5日涨幅49%，主升节奏；主板10cm涨停
2026-08-25,000017,7,93.2,8.6,10.0,True,10.0,7板高位龙头，身位优势极大；近10日涨停6次，资金反复攻击的强势股；5日涨幅33%，主升节奏；主板10cm涨停
2026-08-25,000017,8,91.7,8.6,10.0,True,10.0,8板高位龙头，身位优势极大；近10日涨停7次，资金反复攻击的强势股；5日涨幅21%，趋势向上；主板10cm涨停
2026-08-25,002412,5,89.9,12.33,6.16,False,6.16,5板高度，题材龙头候选；近10日涨停4次，近期活跃；5日涨幅61%，主升节奏；主板10cm涨停
2026-08-25,003040,3,80.3,15.48,10.01,True,10.01,3板高度，连板中位；近10日涨停2次，有一定活跃度；5日涨幅34%，主升节奏；主板10cm涨停
2026-08-25,600127,1,79.0,9.31,5.26,False,5.26,首板，连板起点；近10日涨停4次，近期活跃；5日涨幅31%，主升节奏；主板10cm涨停
2026-08-26,000017,9,95.5,9.46,10.04,True,10.04,9板高位龙头，身位优势极大；近10日涨停8次，资金反复攻击的强势股；5日涨幅33%，主升节奏；主板10cm涨停
2026-08-26,000017,10,94.0,9.46,10.04,True,10.04,10板高位龙头，身位优势极大；近10日涨停9次，资金反复攻击的强势股；5日涨幅21%，趋势向上；主板10cm涨停
2026-08-26,003040,4,86.9,17.03,9.98,True,9.98,4板高度，连板梯队前排；近10日涨停3次，近期活跃；5日涨幅57%，主升节奏；主板10cm涨停
2026-08-26,002084,3,78.4,4.79,10.02,True,10.02,3板高度，连板中位；近10日涨停2次，有一定活跃度；5日涨幅33%，主升节奏；主板10cm涨停
2026-08-26,688185,1,75.0,85.62,8.36,False,8.36,首板，连板起点；近10日涨停2次，有一定活跃度；5日涨幅59%，主升节奏；20cm大板涨停，弹性大
2026-08-27,000017,11,97.1,10.41,9.99,True,9.99,11板高位龙头，身位优势极大；近10日涨停10次，资金反复攻击的强势股；5日涨幅33%，主升节奏；主板10cm涨停
2026-08-27,000017,12,95.6,10.41,9.99,True,9.99,12板高位龙头，身位优势极大；近10日涨停10次，资金反复攻击的强势股；5日涨幅21%，趋势向上；主板10cm涨停
2026-08-27,003040,5,90.8,18.73,-1.23,False,-1.23,5板高度，题材龙头候选；近10日涨停4次，近期活跃；5日涨幅61%，主升节奏；主板10cm涨停
2026-08-27,002084,4,87.3,5.27,10.06,True,10.06,4板高度，连板梯队前排；近10日涨停3次，近期活跃；5日涨幅47%，主升节奏；主板10cm涨停
2026-08-27,002418,3,83.6,4.91,-0.2,False,-0.2,3板高度，连板中位；近10日涨停3次，近期活跃；5日涨幅38%，主升节奏；主板10cm涨停
2026-08-28,000017,13,94.4,11.45,-2.1,False,-2.1,13板高位龙头，身位优势极大；近10日涨停10次，资金反复攻击的强势股；5日涨幅33%，主升节奏；主板10cm涨停
2026-08-28,002084,5,93.4,5.8,10.0,True,10.0,5板高度，题材龙头候选；近10日涨停4次，近期活跃；5日涨幅62%，主升节奏；主板10cm涨停
2026-08-28,000017,14,92.9,11.45,-2.1,False,-2.1,14板高位龙头，身位优势极大；近10日涨停10次，资金反复攻击的强势股；5日涨幅21%，趋势向上；主板10cm涨停
2026-08-28,600371,4,91.4,11.54,9.97,True,9.97,4板高度，连板梯队前排；近10日涨停5次，资金反复攻击的强势股；5日涨幅49%，主升节奏；主板10cm涨停
2026-08-28,002742,4,90.5,6.24,-9.94,False,-9.94,4板高度，连板梯队前排；近10日涨停4次，近期活跃；5日涨幅54%，主升节奏；主板10cm涨停
2026-08-31,002084,6,99.0,6.38,10.03,True,10.03,6板高位龙头，身位优势极大；近10日涨停5次，资金反复攻击的强势股；5日涨幅62%，主升节奏；主板10cm涨停
2026-08-31,600371,5,92.7,12.69,10.01,True,10.01,5板高度，题材龙头候选；近10日涨停6次，资金反复攻击的强势股；5日涨幅61%，主升节奏；主板10cm涨停
2026-08-31,002855,5,90.7,16.1,10.0,True,10.0,5板高度，题材龙头候选；近10日涨停4次，近期活跃；5日涨幅61%，主升节奏；主板10cm涨停
2026-08-31,000712,4,87.5,12.98,4.01,False,4.01,4板高度，连板梯队前排；近10日涨停3次，近期活跃；5日涨幅43%，主升节奏；主板10cm涨停
2026-08-31,000011,4,85.5,10.07,-9.04,False,-9.04,4板高度，连板梯队前排；近10日涨停3次，近期活跃；5日涨幅21%，趋势向上；主板10cm涨停
2026-09-01,002855,6,99.0,17.71,7.34,False,7.34,6板高位龙头，身位优势极大；近10日涨停5次，资金反复攻击的强势股；5日涨幅61%，主升节奏；主板10cm涨停
2026-09-01,600371,6,98.9,13.96,3.3,False,3.3,6板高位龙头，身位优势极大；近10日涨停7次，资金反复攻击的强势股；5日涨幅61%，主升节奏；主板10cm涨停
2026-09-01,002084,7,98.7,7.02,1.42,False,1.42,7板高位龙头，身位优势极大；近10日涨停6次，资金反复攻击的强势股；5日涨幅61%，主升节奏；主板10cm涨停
2026-09-01,600540,4,86.8,6.12,9.97,True,9.97,4板高度，连板梯队前排；近10日涨停3次，近期活跃；5日涨幅49%，主升节奏；主板10cm涨停
2026-09-01,000560,3,86.5,3.19,-0.31,False,-0.31,3板高度，连板中位；近10日涨停4次，近期活跃；5日涨幅33%，主升节奏；主板10cm涨停
2026-09-02,600540,5,88.7,6.73,-9.96,False,-9.96,5板高度，题材龙头候选；近10日涨停4次，近期活跃；5日涨幅61%，主升节奏；主板10cm涨停
2026-09-02,601086,4,85.4,11.1,10.0,True,10.0,4板高度，连板梯队前排；近10日涨停3次，近期活跃；5日涨幅48%，主升节奏；主板10cm涨停
2026-09-02,003005,4,85.4,20.0,2.65,False,2.65,4板高度，连板梯队前排；近10日涨停3次，近期活跃；5日涨幅47%，主升节奏；主板10cm涨停
2026-09-02,605577,3,79.3,12.85,10.04,True,10.04,3板高度，连板中位；近10日涨停2次，有一定活跃度；5日涨幅33%，主升节奏；主板10cm涨停
2026-09-02,002514,3,79.1,2.27,2.2,False,2.2,3板高度，连板中位；近10日涨停3次，近期活跃；5日涨幅23%，趋势向上；主板10cm涨停
2026-09-03,601086,5,90.0,12.21,3.6,False,3.6,5板高度，题材龙头候选；近10日涨停4次，近期活跃；5日涨幅61%，主升节奏；主板10cm涨停
2026-09-03,002909,4,83.2,8.01,-9.99,False,-9.99,4板高度，连板梯队前排；近10日涨停3次，近期活跃；5日涨幅49%，主升节奏；主板10cm涨停
2026-09-03,605577,4,83.1,14.14,9.97,True,9.97,4板高度，连板梯队前排；近10日涨停3次，近期活跃；5日涨幅48%，主升节奏；主板10cm涨停
2026-09-03,600479,1,73.2,14.26,-7.78,False,-7.78,首板，连板起点；近10日涨停4次，近期活跃；5日涨幅18%，趋势向上；主板10cm涨停
2026-09-03,603270,2,72.9,34.95,-4.52,False,-4.52,2板高度，首板晋级后延续；近10日涨停2次，有一定活跃度；5日涨幅25%，趋势向上；主板10cm涨停
2026-09-04,605577,5,86.7,15.55,10.03,True,10.03,5板高度，题材龙头候选；近10日涨停4次，近期活跃；5日涨幅61%，主升节奏；主板10cm涨停
2026-09-04,003040,1,75.5,21.12,8.66,False,8.66,首板，连板起点；近10日涨停6次，资金反复攻击的强势股；5日涨幅14%，温和上行；主板10cm涨停
2026-09-04,002856,1,75.0,20.35,6.63,True,6.63,首板，连板起点；近10日涨停4次，近期活跃；5日涨幅21%，趋势向上；主板10cm涨停
2026-09-04,000892,1,74.1,5.59,4.83,False,4.83,首板，连板起点；近10日涨停3次，近期活跃；5日涨幅43%，主升节奏；主板10cm涨停
2026-09-04,000560,1,72.1,3.15,-0.63,False,-0.63,首板，连板起点；近10日涨停4次，近期活跃；5日涨幅19%，趋势向上；主板10cm涨停
2026-09-07,605577,6,98.7,17.11,9.12,False,9.12,6板高位龙头，身位优势极大；近10日涨停5次，资金反复攻击的强势股；5日涨幅61%，主升节奏；主板10cm涨停
2026-09-07,601086,1,83.6,13.92,7.4,False,7.4,首板，连板起点；近10日涨停5次，资金反复攻击的强势股；5日涨幅52%，主升节奏；主板10cm涨停
2026-09-07,600108,3,82.1,4.8,10.0,True,10.0,3板高度，连板中位；近10日涨停3次，近期活跃；5日涨幅30%，趋势向上；主板10cm涨停
2026-09-07,002403,3,81.3,12.41,9.99,True,9.99,3板高度，连板中位；近10日涨停2次，有一定活跃度；5日涨幅33%，主升节奏；主板10cm涨停
2026-09-07,600865,3,81.1,12.49,10.01,True,10.01,3板高度，连板中位；近10日涨停2次，有一定活跃度；5日涨幅37%，主升节奏；主板10cm涨停
2026-09-08,600108,4,88.5,5.28,8.14,False,8.14,4板高度，连板梯队前排；近10日涨停4次，近期活跃；5日涨幅35%，主升节奏；主板10cm涨停
2026-09-08,600865,4,86.4,13.74,9.97,True,9.97,4板高度，连板梯队前排；近10日涨停3次，近期活跃；5日涨幅42%，主升节奏；主板10cm涨停
2026-09-08,000978,4,84.7,8.01,9.99,True,9.99,4板高度，连板梯队前排；近10日涨停3次，近期活跃；5日涨幅21%，趋势向上；主板10cm涨停
2026-09-08,002403,4,83.4,13.65,-9.08,False,-9.08,4板高度，连板梯队前排；近10日涨停3次，近期活跃；5日涨幅46%，主升节奏；主板10cm涨停
2026-09-08,002909,2,81.1,8.72,-1.26,False,-1.26,2板高度，首板晋级后延续；近10日涨停5次，资金反复攻击的强势股；5日涨幅32%，主升节奏；主板10cm涨停
2026-09-09,000978,6,90.9,8.81,9.99,True,9.99,6板高位龙头，身位优势极大；近10日涨停5次，资金反复攻击的强势股；5日涨幅21%，趋势向上；主板10cm涨停
2026-09-09,600865,5,88.7,15.11,-3.04,False,-3.04,5板高度，题材龙头候选；近10日涨停4次，近期活跃；5日涨幅61%，主升节奏；主板10cm涨停
2026-09-09,000978,5,87.4,8.81,9.99,True,9.99,5板高度，题材龙头候选；近10日涨停4次，近期活跃；5日涨幅33%，主升节奏；主板10cm涨停
2026-09-09,000912,4,80.4,5.2,-10.0,False,-10.0,4板高度，连板梯队前排；近10日涨停3次，近期活跃；5日涨幅21%，趋势向上；主板10cm涨停
2026-09-09,000759,3,79.5,8.47,2.6,False,2.6,3板高度，连板中位；近10日涨停2次，有一定活跃度；5日涨幅37%，主升节奏；主板10cm涨停
2026-09-10,000978,7,92.4,9.69,1.86,False,1.86,7板高位龙头，身位优势极大；近10日涨停6次，资金反复攻击的强势股；5日涨幅33%，主升节奏；主板10cm涨停
2026-09-10,000978,8,90.9,9.69,1.86,False,1.86,8板高位龙头，身位优势极大；近10日涨停7次，资金反复攻击的强势股；5日涨幅21%，趋势向上；主板10cm涨停
2026-09-10,000993,4,83.7,12.62,9.98,True,9.98,4板高度，连板梯队前排；近10日涨停3次，近期活跃；5日涨幅21%，趋势向上；主板10cm涨停
2026-09-10,002790,3,79.4,8.46,10.05,True,10.05,3板高度，连板中位；近10日涨停2次，有一定活跃度；5日涨幅31%，主升节奏；主板10cm涨停
2026-09-10,600792,3,79.1,5.41,-4.81,False,-4.81,3板高度，连板中位；近10日涨停3次，近期活跃；5日涨幅34%，主升节奏；主板10cm涨停
2026-09-11,000993,6,88.8,13.88,10.01,True,10.01,6板高位龙头，身位优势极大；近10日涨停5次，资金反复攻击的强势股；5日涨幅21%，趋势向上；主板10cm涨停
2026-09-11,000823,4,86.0,20.57,10.01,True,10.01,4板高度，连板梯队前排；近10日涨停5次，资金反复攻击的强势股；5日涨幅21%，趋势向上；主板10cm涨停
2026-09-11,000993,5,85.3,13.88,10.01,True,10.01,5板高度，题材龙头候选；近10日涨停4次，近期活跃；5日涨幅33%，主升节奏；主板10cm涨停
2026-09-11,002790,4,83.0,9.31,-9.99,False,-9.99,4板高度，连板梯队前排；近10日涨停3次，近期活跃；5日涨幅44%，主升节奏；主板10cm涨停
2026-09-11,000823,3,81.0,20.57,10.01,True,10.01,3板高度，连板中位；近10日涨停4次，近期活跃；5日涨幅24%，趋势向上；主板10cm涨停
2026-09-14,000993,7,96.4,15.27,10.02,True,10.02,7板高位龙头，身位优势极大；近10日涨停6次，资金反复攻击的强势股；5日涨幅33%，主升节奏；主板10cm涨停
2026-09-14,000823,6,94.9,22.63,5.61,False,5.61,6板高位龙头，身位优势极大；近10日涨停6次，资金反复攻击的强势股；5日涨幅21%，趋势向上；主板10cm涨停
2026-09-14,000993,8,94.9,15.27,10.02,True,10.02,8板高位龙头，身位优势极大；近10日涨停7次，资金反复攻击的强势股；5日涨幅21%，趋势向上；主板10cm涨停
2026-09-14,000823,5,93.4,22.63,5.61,False,5.61,5板高度，题材龙头候选；近10日涨停6次，资金反复攻击的强势股；5日涨幅33%，主升节奏；主板10cm涨停
2026-09-14,000978,2,81.2,10.86,-10.04,False,-10.04,2板高度，首板晋级后延续；近10日涨停8次，资金反复攻击的强势股；5日涨幅12%，温和上行；主板10cm涨停
2026-09-15,000993,9,93.3,16.8,10.0,True,10.0,9板高位龙头，身位优势极大；近10日涨停8次，资金反复攻击的强势股；5日涨幅33%，主升节奏；主板10cm涨停
2026-09-15,000993,10,91.8,16.8,10.0,True,10.0,10板高位龙头，身位优势极大；近10日涨停9次，资金反复攻击的强势股；5日涨幅21%，趋势向上；主板10cm涨停
2026-09-15,002912,4,83.3,28.45,-9.98,False,-9.98,4板高度，连板梯队前排；近10日涨停3次，近期活跃；5日涨幅45%，主升节奏；主板10cm涨停
2026-09-15,002585,3,77.1,12.06,0.91,False,0.91,3板高度，连板中位；近10日涨停2次，有一定活跃度；5日涨幅34%，主升节奏；主板10cm涨停
2026-09-15,605058,3,74.4,40.3,10.0,True,10.0,3板高度，连板中位；近10日涨停2次，有一定活跃度；5日涨幅40%，主升节奏；主板10cm涨停
2026-09-16,000993,11,97.5,18.48,-2.76,False,-2.76,11板高位龙头，身位优势极大；近10日涨停10次，资金反复攻击的强势股；5日涨幅33%，主升节奏；主板10cm涨停
2026-09-16,000993,12,96.0,18.48,-2.76,False,-2.76,12板高位龙头，身位优势极大；近10日涨停10次，资金反复攻击的强势股；5日涨幅21%，趋势向上；主板10cm涨停
2026-09-16,605058,4,87.5,44.33,9.99,True,9.99,4板高度，连板梯队前排；近10日涨停3次，近期活跃；5日涨幅50%，主升节奏；主板10cm涨停
2026-09-16,688004,3,82.9,32.86,12.9,False,12.9,3板高度，连板中位；近10日涨停2次，有一定活跃度；5日涨幅59%，主升节奏；20cm大板涨停，弹性大
2026-09-16,601579,2,78.3,28.33,5.37,False,5.37,2板高度，首板晋级后延续；近10日涨停3次，近期活跃；5日涨幅12%，温和上行；主板10cm涨停
2026-09-17,605058,5,88.9,48.76,-2.79,False,-2.79,5板高度，题材龙头候选；近10日涨停4次，近期活跃；5日涨幅61%，主升节奏；主板10cm涨停
2026-09-17,001216,3,79.3,19.88,10.01,True,10.01,3板高度，连板中位；近10日涨停2次，有一定活跃度；5日涨幅36%，主升节奏；主板10cm涨停
2026-09-17,603248,3,76.5,22.34,9.98,True,9.98,3板高度，连板中位；近10日涨停2次，有一定活跃度；5日涨幅31%，主升节奏；主板10cm涨停
2026-09-17,003026,3,76.4,37.0,0.54,False,0.54,3板高度，连板中位；近10日涨停2次，有一定活跃度；5日涨幅34%，主升节奏；主板10cm涨停
2026-09-17,603626,1,73.2,21.29,10.0,True,10.0,首板，连板起点；近10日涨停3次，近期活跃；5日涨幅11%，温和上行；主板10cm涨停
